name;1913;1915;1916;1917
Allonge;;;;
Ferrari;;;;
LeFauconnier;;;;
PelicierG;;;;
Pomma;;;;
Raymondi;;;;
WoizyC;;;;
АбрамовАИ;;;;
АбриЛ;;;;
АвеншепсГ;3;;;
АветисьянГА;;;;
АвиловМИ;;;;
АгафоновЕА;;;;
АдамсонАИ;;;;
АдтКФ;;;;
АйвазовскийИК;;;;
АкимоваЮВ;;;;
АкишинПИ;;;;
АккерЭ;;;;
АксенюкПД;;;;4
АладжаловМХ;;;;
АлександроваЕВ;;;;
АлександровНН;;;;
АлександровскийСФ;;;;
Александров-ТитовскойНА;;;;
АлексеевАА;;;;
АлексеевВВ;;;;
АлексеевВМ;;;;
АлексеевГД;;;;
АлексеевНВ;;;;
АлексоматиНХ;;;;
АлферьеваСВ;;;;
АльбрехтЛГ;;;;
Альквист;;;;
Альстедт;;;;
АльтаманН;;;;
АльтенбергИГ;;;;
АльхимовичК;;;;
Аман-Жан;;;;
АммонВ;;;;
АммосовСН;;;;
АмосоваОФ;;;;
АндерсонЕК;;;;
АндреевВИ;;;;
АнзимироваНВ;4;;;
АнисимовВК;;;;
АнисимовЮП;;;;
АнисфельдБИ;;;;
АничковАИ;;;;
Анкетэн;;;;
АнтокольскийММ;;;;
АнтоновАИ;;;;
Антропова;1;;;
АнтроповИГ;;;;3
АпостолиВА;;;;
АракелянС;;;;3
АраповАА;;;;
АронсонНН;;;;
АрхиповАЕ;;;;
АрхиповСН;;;;
АрчиониГ;;;;
АскназийИЛ;;;;
АстафьеваВЛ;;;;
АтрыганьевН;;;;
АтрыганьевНА;;;;
АуэрГД;;;;
АфанасьевАФ;;;;
АфанасьевВЯ;;;;
Афанасьев-Кокель;;;;
АхенбахГ;;;;
АхочинскаяЗП;;;;
БабутММ;;;;
Багратион-МухранскаяВН;;;;
БадовскийАФ;;;;
БаженовНВ;;;;2
БажинНН;;;;
БакаловичСВ;;;;
БаклундЭО;;;;
БакмансонГК;;;;
БакстЛС;;;;
БакшеевВН;;;;
БалашевПИ;;;;
БалкСМ;;;;
БаллодПП;;;;
БалльерАИ;;;11;
БалунинМА;;;;
Бальц;;;;
БарамзинЕВ;;;;
БарстельсГ;;;;
БартВС;;;;
БаруздинаВМ;;;;
БарынинАА;;;;
БасинПВ;;;;
Бастер;;;;
БатуринВП;;;;
БауманАГ;;;;
БауманАЕ;;;;
БауманАН;;;;
БахНИ;;;;
БахРР;;;;
БахтеевВ;;;;
БахтинКН;;;;
БашинджагианГЗ;;;;
Беггрова-ГартманОФ;;;;
БеггровАК;;;;
БегерЛМ;;;;
БегичевАР;;;;
БедросовКП;3;;;
БезверховНП;;;;
БезродныйМЕ;;;;
БезродныйМС;1;;;
БезродныйПВ;;;;
БейгульАН;;;;
БеккерА;;;;
БеклемишевВА;;;;
БёклинА;;;;
БекряшевНГ;;;;
БелкинВ;;;;
Белоусов;;;;
БелыйАФ;;;;
БельзенЯЯ;;;;
БелявскийМК;;;;
БеляевА;;;;
БеляковЕЕ;;;;
БемЕМ;;;;
БенарА;;;;
БенигКБ;;;;
БенкендорфДА;;;;
БенуаАА;;;;
БенуаАлекс Н;;;;
БенуаАльб Н;;;;
БергВВ;;;;
БерггольцРА;;;;
БеридтсонГФ;;;;
БерингерВВ;;;;
БеркосМА;;;;
БерндтсонГФ;;;;
БернштамЛА;;;;
БероянАК;;;;
БерсонА;;;;
БершадскийЮР;;;;
Биленкий;;;;
БилибинИИ;;;;
БильдерлингАА;;;;
БиркингерФ;;;;
БирнбаумСР;;;;
БлаговещенскийНД;;;;
БландоваМН;;;;
БланшЖ;;;;
БлахеХр;;;;
БлентА;;;;
БлиновЛД;;;;
БломстедтВ;;;;
БлощинскаяОП;;;;1
БлуменфельдАФ;;;;
БлюмВИ;;;;
БлюментальЮЮ;;;;
БлюменфельдГМ;;;;
Бобрищева-Пушкина;;;;
БобровАА;;;;
БобровАВ;;;;
БобровВА;;;;
БобровВН;;;;
БобровскийГМ;;;;
БобровСП;;;;
БогаевскийКФ;;;;
БогатовНА;;;;
БогатыревВС;;;;
БогатыревИС;;;;
Богданов-БельскийНП;;;;
БогдановичФО;;;;
БогдановНП;;;;
БогданПГ;;;;
БоголюбовАП;;;;
БоголюбовБМ;10;10;22;21
БогомазовТН;;;;
БодаревскийНК;;;;
БодемюллерФ;;;;
Бодуэн-де-Куртенэ;;;;
Боженко;;;;
БожеряновА;;;;
БолдыревИЕ;;;;
БолотновВД;;;;
БольдиниД;;;;
Бонч-ОсмоловскаяОГ;;;;
Бонч-ТомашевскийЮО;;;;
БоревскийН;;;;
БоринВМ;;;2;
БорисовАА;;;;
БорисовИФ;;;;
Борисов-МусатовВЭ;;;;
БормоткинВМ;;;;
БородаевскийСО;;;;
БортникерДМ;;;;
БоруздинаВМ;;;;
БоскинМВ;;;;
БоссиЭ;;;;
БоткинаМС;;;;
БоткинМП;;;;
БоткинНИ;;;;
БочаровМИ;;;;
БрагаГ;;;;
БрагаЭ;;;;
БразельЮН;;;;
БразОЭ;;;;
БраиловскаяРН;;3;4;
БраиловскийЛМ;;;;
БракГ;;;;
БрандтИ;;;;
БраунЭГ;;;;
Бредт;;;;
Брендель;;;;
БржозовскийФФ;;;;
БроварьЯИ;;;;
БродскийИИ;;;;
БромбергФГ;;;;
БронниковНК;;;;
БронниковФА;;;;
БроновицкийГФ;;;;
БруниНА;;;;
БруниФА;;;;
БрускетиАЯ;;;;
БрухардтФК;;;;
БрэнгвинЖ;;;;
БрюлловПА;;;;
БрянскийМВ;;;;
БубликовНЕ;;;;
Будкевич;;;;
Будковская-КибальчичНТ;;;;2
БудковскийГЯ;;;;
БузалевскийБМ;;;;
БуйндМА;;;;
БуйницкийРИ;;;;
БуковецкийЕИ;;;;
БукФП;;;;
БулацельРС;;;;
Бульмеринг-КороленкоЕП;;;;
БунинНН;;;;
БургардтЛО;;;;
Бургарт;;;;
БуринскаяНФ;;;;
БурлюкВД;;;;
БурлюкДД;4;;;
БуровФЕ;;;;
БурхардтФК;;;;
БутлярСА;;;;
Бутэ-де-Монвель;;;;
БухгольцФФ;;;;
БухерАИ;;;;
БухПН;;;;
БыкадоровНЯ;;;;
БыковскийНМ;;;;
БылевскийФС;;;;
БыляшкинВВ;;;;
БыстренинВИ;;;;
БычковВП;;;;
Бюлов;;;;
Бяльницкий-БируляВК;;1;;
ВаальАЭ;;;;
ВагнерПН;;;;
ВаленковаСН;;;;
ВалькевичМИ;;;1;4
ВальтерИФ;;;;
ВанДонген;;;;
ВарыпаеваНА;;;;
ВасильевАА;;;;
ВасильевВН;;;;
ВасильевЛО;;;;
ВасильевМА;;;;
ВасильевФА;;;;
ВасильковскийСИ;;;;
ВаскиевскаяЕ;7;;;
ВаснецовАМ;;1;;
ВаснецовВМ;;;;
ВасютинскийАА;;;;
Ваулин;;;;
ВахрамеевАИ;;;;
ВахрушовФМ;;;;
ВахтерЕА;;;;
ВащенкоЕП;;;;
ВеберЯЯ;;;;
Вейсенгоф;;;;
ВейценбергАИ;;;;
ВекшинскийАН;;;;
ВелигоноваЗВ;;;;
ВеликановВИ;;;;
ВельонскийПА;;;;
ВельцИА;;;;
ВенигКБ;;;;
ВенигПК;;;;
ВеревкинаМ;;;;
ВеревкинФИ;;;;
ВерейскийГС;;;;
ВерещагинВВ;;;;
ВерещагинВП;;;;
ВерещагинПИ;;;;
ВерещагинПП;;;;
ВернерАВ;;;;
Версилова-НерчинскаяМН;;;;
Вертс;;;;
ВерховскаяЛН;;;;
ВерховскийГЕ;;;;
ВершининИЕ;;;;
ВеселовПЛ;;;;
ВеселовскийЛР;;;;
ВестфаленАХ;;;;
ВещиловКА;;;;
ВжещьЕК;;;;
ВизельЭО;;;;
ВиллевальдеАБ;;;;
ВиллевальдеБП;;;;
Виллегас;;;;
ВиллиамЕН;;;;
ВиллиеМЯ;;;;
ВильдеРФ;;;;
Вилье;;;;
ВинклерКА;;;;
ВиноградоваОА;1;;;
ВиноградовСА;;;;
ВинцманИК;;;;
ВинцманОИ;;;;
ВисковатоваЕИ;;;;
ВисниовскаяЕИ;;;1;7
ВистингаузенАА;;;;
ВитвицкийИГ;;;;
ВладимировИА;;;;
ВладимирскийБ;2;;;
Владимирский-Киевский;;;;
ВласовСА;;;;
ВознесенскаяАВ;;;;
ВоиновРВ;;;;
ВолковВВ;;;;
ВолковГ;;;;
ВолковЕЕ;;;;
ВолочинковАМ;;;;
ВонгльСЭ;;;;
ВороненковВЕ;;;;
ВоронковВЕ;;;;
ВороновПФ;;;;
ВоронцовВВ;;;2;
ВоротынскийДА;;;;
ВостингаузенА;;;;
ВрангельЕК;;;;
ВрачевИА;;;;
ВроблевскийКК;;;;
ВронскийСЕ;;;;
ВрубельМА;;;;
ВульфВВ;;;;
ВучичевичВД;;;;
ВывиорскийМИ;;;;
ВыезжевАН;;;;
ВысотскийКС;;;;
ГаберцеттельВ;;;;
ГабовичМГ;;;;
ГаврильцевДМ;;;;
ГагаринНВ;;;;
Гаген-ТорнМЭ;;;;
Гаген-ШварцЮ;;;;
ГадонСС;;;;
ГаевскийВМ;1;;;
Галеота;;;;
ГалимскийВМ;;;;
ГалкинИС;;;2;
ГалленА;;;;
Галофрэ;;;;
ГамбургерЛА;;;;
ГаммК;;;;
ГанзенАВ;;;;
ГариевичБВ;;;;
ГартманК;;;;
ГаушАФ;;;;
ГаушЛ;;;;
ГвидоН;;;;
Гейерманс;;;;
ГейманС;;;;
ГеллерПИ;;;;
Гельдвейн-Ваулин;;;;
ГеНН;;;;
ГерардовНИ;;;;
ГерасимовАМ;10;1;;
ГерманГ;;;;
ГермашевММ;;;;
ГерсонВВ;;;;
ГершевскийСИ;;;;
ГефтлерКЭ;;;;
ГигогабаевГИ;;;;
ГинцбургИЯ;;;;
ГинцбургМГ;;;;
ГиньковскийПВ;;;;
ГиппусНН;;;;
ГирвАП;;;;
ГиршльА;;;;
ГлаголеваАС;;;;
ГлобаНВ;;;;
ГлущенкоДИ;;;;
ГляйзесА;;;;
ГодунЕ;;;;
ГолеевскаяПК;;;;
ГолембиовскийКИ;;;;
ГолицынаЕВ;;;;
ГоловинАЯ;;;;
ГоловкинГС;;;;
ГоловковГС;;;;
ГолубкинаАС;;;;
ГолынскийВА;;;;
ГольдблатЯС;;;;
ГольддингерЕВ;;;;
ГольдеЭН;;;;
ГольдингерЕВ;;;;
ГольдманИБ;;;;
Гом-БаргЮЯ;;;;
ГончароваНС;;;;
ГонякИК;;;;
ГоравскийАГ;;;;
ГорбатовКИ;;;;
ГорбуновАК;;;;
ГорбуновКА;;;;
ГороновичВЯ;;;;
ГороховИЛ;;;;
ГорскийКН;;;;
Горюшкин-СкоропудовИС;;;;
ГосЭИ;;;;
ГофманнК;;;;
ГофманОА;;;;
ГоффертАЕ;;;;
ГрабарьИЭ;;;;
ГрабовскийВ;;;;
ГравеВФ;;;;
ГрандковскийНК;;;;
ГригорьевВМ;;;;
ГригорьевПА;;;;
ГриллихесАА;;;;
ГриневАП;;;;
ГриценкоНН;;;;
ГрищенкоАВ;;;;
ГромовАА;;;;
ГросманАГ;;;;
ГрузенбергСН;;;;
ГрузинскийПН;;;;
ГрюнфельдМИ;;;;
ГугунаеваИГ;;;;
ГужавинММ;;;;
ГузарскийВ;;;;
ГузиковСМ;11;;;
ГулевичЕА;3;2;2;2
ГумаликНИ;;;;
ГунКФ;;;;
ГусеваАА;;;;
ГусеваГ;;;;
ГусиковХК;;;;
Гюбнер-СимонисЭВ;;;;
ГюбнерЭВ;;;;
ГюрджанАМ;;;3;
ДабижаАВ;;;;
ДаксергофФП;1;;;
ДальГ;;;;
Д'АльгеймММ;;;;
Даньян-Бувере;;;;
ДаугельА;;;;
Дашенко;;;;
ДворниковТЯ;;;;
Де-Вит-МанизерСС;;;;
ДевяткинСЕ;;;;
ДевятовЯМ;;;;
ДегазШ;;;;
ДеевСС;;;;
Делла-ВосОЛ;;;;
ДенисовАК;;;;
Денисов-УральскийАК;;;;
ДеранА;;;;
ДержавинНМ;;;;
ДерюжинскийГВ;;;;
ДетерсЭВ;;;;
ДешинД;;;;
ДженеевИА;;;;
ДжилардиП;;;;
ДжогинПП;;;;
ДжонстонГ;;;;
ДиллонМЛ;;;;
ДилльЛ;;;;
ДитрихЛА;;;;
ДмитриевВА;;;;
ДмитриевИЯ;;;;
Дмитриев-КавказскийЛЕ;;;;
Дмитриев-КавказскийН;;;;
ДмитриевЛЕ;;;;
Дмитриев-ОренбургскийНД;;;;
ДмитриевС;;;;7
Дмитриев-ЧелябинскийИЯ;;;;
ДобрижинскийВА;;;;
ДобровольскийВГ;;;;
ДобровольскийНФ;;;;
ДобужинскийМВ;;;;
ДолговАА;;;;
ДолговИВ;;;;
ДолинВК;;;;
ДомарадзкийСЭ;;;4;20
ДоскинНВ;;;;
ДржевецкаяЛ;4;;;
ДриттенпрейсВП;;;;
ДроздовИГ;;;;
ДрюльВ;;;;
ДубовскийНН;;;;
ДубровскийАС;;;;6
ДудинИО;12;;;
ДуковичСА;;;;
ДукшинскаяЭГ;;;;
ДурдинБН;;;;
ДурновМА;;;;
ДыдышкоКВ;;;;
Дьякова-АлексееваМН;;;;
ДьяковаМН;;;;
Дьяконов-МичанскийДВ;;;;
ДюккерЕЭ;;;;
ЕвреиновВВ;;;;
ЕвсеевКИ;;;;
ЕгорновАС;;;;
ЕгорновСС;;;;
ЕгоровАА;;;;
ЕгоровЕВ;;;;
ЕгоровЛЕ;;;;
ЕгоровСЗ;;;;
ЕдельфельдА;;;;
ЕндогуровНИ;;;;
ЕрмиловИ;;;;
ЕрмолаевБН;;;;
ЕрнефельтЕ;;;;
ЕсиповДА;;;;
ЕфимовИЕ;;;;
ЕфимовМЯ;;;;
ЕфимовНН;;;;
ЖабаАК;;;;
ЖабаНК;;;;
ЖаравоваАА;;;;
Жевакина-НикольскаяМС;;;5;
Жеврежеев;;;;
ЖелтовскийИВ;;;;
ЖижиленкоАИ;;;;
ЖижиленкоГА;;;;
ЖилардиРС;;;;
ЖилинПФ;;;;
ЖильцовИО;;;;2
ЖолтовскийИВ;;;;
ЖувенауИ;;;;
ЖудинаОД;;;;
ЖудинДА;;;;
ЖуковаЛА;5;1;5;3
ЖуковИС;;;;
ЖуковскаяМБ;;;;
ЖуковскийСЮ;;1;;
ЖупахинСГ;;;;
ЖуравлевФС;;;;
ЗабеллоПП;;;;
ЗабоклицкийВЛ;;;;
ЗаболотскийПП;;;;
ЗаборовскийСА;;;;
ЗавойкоСВ;;;;
ЗагорскийНП;;;;
ЗайднерЕ;;;1;
Зайднер-СаддЕ;;;;2
ЗайцевК;;;4;
ЗайцевММ;;;;
ЗайцевНС;;;;
ЗалеманГР;;;;
ЗалесскийСИ;;;;
ЗальВК;;;;
ЗальцманГ;;;;
ЗамирайлоВД;;;;
Зандер-РандаловаЭЯ;;;;
ЗандинМП;;;;
ЗанковскийИН;;;;
Запольский-ДовнарРВ;;;;
ЗапорожцевВ;;;;
ЗарецкийАА;;;;
ЗарецкийНВ;;;;
ЗарубинВИ;;;;
ЗарыцкийНВ;;;;
ЗарянкоСК;;;;
ЗахаровА;;;;
ЗахаровИИ;;;;
ЗахаровФИ;;;;
ЗахгеймМО;;;;
ЗверевВА;;;;
ЗданевичКМ;;;;
ЗедделерНН;;;;
ЗейденбергСМ;;;;
ЗеленскийММ;;;;
ЗельмановаАМ;;;;
ЗенковСН;;;;
ЗенченкоВМ;;;;
ЗеньковичНВ;;;;
ЗиминГД;;;;
ЗиминКН;;;;
ЗиновьевА;;;;
ЗиновьевПГ;;;;3
Зихель;;;;
ЗлатовратскийАН;;;1;
ЗоммерКА;;;;
ЗоммерРК;;;;
ЗоринФТ;;;;
ЗубчаниновНА;;;;
ЗулмарЛН;;;;
ИваницкаяЕЕ;;;;
ИванкинГВ;;;;2
ИвановАА;;;;
ИвановАЕ;;;;
ИвановаКВ;;;;
ИвановБМ;;;;
ИвановДГ;;;;
Иванов-ЛозовскийГМ;;;;
ИвановМФ;;;;
ИвановНЛ;;;;
ИвановПП;;;;
ИвановСВ;;;;
ИвановСП;;;;
ИвашинцеваМИ;;;;
ИвковскийСК;;;;
ИгнатьевМИ;;;;
Иелита-ВольскийФА;;;;
ИжакевичАА;;;;
ИжакевичИС;;;;
ИжевскаяМП;;;;
ИзмайловичВМ;;;;
ИзоевПФ;;;;
Икар;;;;
ИконниковАД;4;;;
ИльинЛН;;;;
ИльинскийВК;;;3;
ИмеретинскаяОФ;;;;
ИонинНА;;;;
ИоффеМС;;;;
ИсуповАВ;;;;
ЙенсенДИ;;;;
Кавос-ЗаруднаяЕС;;;;
КавтарадзеАК;;;1;
КавтарадзеКЗ;;;;
КагородовАД;;;;
КазаковИС;;;;
КазановскаяМА;;;;
КазановскийВЛ;;;;
КазанцеваЕВ;;;;
КазанцевВП;;;;
КазенЖ;;;;
КайгородовАД;;;;
КакабадзеДН;;;;
КалачевЕА;;;;
КалашниковЕА;;;;
КалмаковНК;;;;
КалмыковГО;;;;
КалмыковИЛ;;;;
Калупов;1;;;
КамаровВИ;;;;
КамбаровИА;;;;
КаменевЛЛ;;;;
КаменскийБМ;;;;
КаменскийГП;;;;
КаменскийПП;;;;
КаменскийФМ;;;;
КаменскийФФ;;;;
КаменцеваЕИ;;;;
КандауровАИ;;;;
КандинскийВВ;;;;
КанольдтА;;;;
КанцеровАГ;;;;
КаплунАВ;;;;
КаразинНН;;;;
Каргус-СмоленскийВР;;;;
КардовскийДН;;;;
КаревАЕ;;;;
КарелинАА;;;;
Карем-ВайнштейнЕС;;;;
КаринскаяА;;;;
КарнеевАЕ;;;;
КародоссиВ;;;;
Карпинская-ГерунгЕГ;;;;
Карпова-КоншевскаяЕГ;;;;
КарриерГ;;;;
КарцевПС;;;2;
КасаткинНА;;;;
КасаткинНН;;;;
Кастан;;;;
КасцовКГ;13;1;9;
КатуркинТИ;;;;
КафкаВА;;;;
КашкадамоваЕН;;;;
КелерКИ;;;;
КелинПИ;;;;
КеллерАВ;;;;
КеллерИП;;;;
КельхВФ;8;;;
КельхПИ;;;;
КеммингГА;;;;
КерзинМА;;;;
КерковаСЛ;;;;
КибальчичТВ;;;;
КившенкоАД;;;;
КикертК;;;;
КирилловаАМ;;;;
КиринарскийМА;;;;
КирсановКВ;;;;
КирьяцкойЕО;;;;
КиселевАА;;;;
Киселев-КамскийАА;5;;;
КиселевС;;11;4;
КисельБА;;;2;
Китаева-ЦыхановскаяАВ;;;;
КитаевВН;;;;
КишневскийСЯ;;;;
КлагесФА;;;;
КлакачеваСЛ;;;;
КлевезальА;;;;
КлеверМ;;;;
КлеверО;;;;
КлеверЮЮ;;;;
Клейнек;;;;
КлементьевАН;;;;
КлеттенбергАП;;;;
КлименкоД;;;;
КлименкоДВ;;;;
КлодтМК;;;;
КлодтМП;;;;
КлодтНА;;;;
КлодтПК;;;;
КлокачеваЕН;;;;
КлоповВА;;;;
КлюкКФ;24;;;3
КлюшниковСА;;;;
Кнюпфер;;;;
КнязьковаВВ;;;1;
КовалевскийПО;;;;
Ковальская-ИльинаПВ;;;;
КозловВВ;;;;
КозловПС;;;;
Козловская;;;;
КозловскаяМА;;;;
КокелинФ;;;;
КолесниковИО;;;;
Колесова-РощинаАИ;;;;
КолпаковскаяВН;;;;
КолупаевДА;;;4;
КомароваАТ;;;;
КомаровВП;;;;
КомаровДВ;;;;
КомашкоАМ;;;;
КонашевичВМ;;;;
КондерШ;;;;
КондратенкоГП;;;;
КондратенкоКП;;;;
КондратьевВВ;;;;
КоненковСТ;;;;
КонновАИ;;;;
КоноваловаАС;;;6;6
КоноваловВВ;;;;
КонстантиноваАО;;;;
КонстантиновНК;;;;
КонстантинопольНК;;;;
КончаловскийПП;;;;
КоптевГН;2;;;
КореневВФ;;;;
Коренев-НовороссийскийВФ;;;;
КорженевскийС;8;;;
КорзухинАИ;;;;
КоринАМ;;;;
КоринсскаяА;;;3;
КорневВФ;;;;
КорнеевФМ;;;;
КорниловНВ;;;;
КоробковСТ;;;3;
КоровинКА;;1;;1
КоровинПИ;;;;
КоровинСА;;;;
КорогодовСМ;1;;;
КоролевАП;;;;
КорсаковЮП;5;11;8;4
КорсунМП;;;;
КорфВН;;;;
КосмаковИА;;;;
КоссакВ;;;;
КостандиКК;;;;
КостенкоКЕ;;;;
КостенкоСП;;;;
КострицЛМ;;;;
КотарбинскийВА;;;;
КотляревскийАМ;;;;
КотовГИ;;;;
КохПП;;;;
КоцебуАЕ;;;;
КочетоваОА;;;;
КошелевНА;;;;
КравченкоАИ;;;;
КравченкоНИ;;;;
КрамскаяСИ;;;;
КрамскойИН;;;;
КрандиевскаяНВ;;;;
КрапоткинаМН;;;;
КрарупТФ;;;;
КрасиковВА;;;;
КрасковскийИЕ;;;;
КраснухаСП;;;;
КраснушкинаЕЗ;;;;
КрасовскийНП;;;;
КрачковскийИЕ;;;;
КрейтанВП;;;;
КремерБД;;;;
КремерБС;;;;
Крепер;;;;
КрествоскийИВ;;;;
КрестианполПИ;;;;
КречининСИ;11;10;9;
КржешИИ;;;;
КржыжановскийКМ;;;;
КривошеинСВ;2;;;3
Крошечкин-КрошицкийМП;;;;
КругликоваЕС;;;;
КрчинскийСС;;;;
КрыжицкийКЯ;;;;
Крылов;;;;
КрыловИИ;;;;
КрымовНП;;;;
КрюковВС;;;;
КсеньеваЛ;;;;
КсидиасПС;;;;
КубинО;;;;
КубицкийВН;;;;
КувакинК;;;;
КувшинниковаСП;;;;
КудрявцеваВА;;;;
КудрявцевАИ;;;;
КудрявцевСИ;;;;
КузнецовВВ;;;;
КузнецовКП;;;;
КузнецовНД;;;;
КузнецовП;;;;
КузьминаНА;;;;
КуинджиАИ;;;;
КулагинаСО;;;;4
КулешаМК;;;;
КуликовИС;;;;
КуммингАА;;;;
КуммингГА;;;;
КупринАВ;;;;
КурбатовМА;;1;;
КуреннойАА;;;;
КуриарПП;;;;
КуриарьПП;;;;
КуринАВ;;;;
КурпатовАВ;;;;
КусковАА;;;;
КустодиевБМ;;;;
КустодиевКБ;;;;
КучинскийСИ;;;;
КучумовВН;;;;
Кюгельген;;;;
КюгельхенСК;;;;
КюнАМ;;;;
КюфферлеПО;;;;
ЛаверецкийНА;;;;
ЛагардП;;;;
Лагода-ШишкинаОА;;;;
ЛагориоЛФ;;;;
ЛадыженскийГА;;;;
ЛажечниковАИ;;;;
Лазарев-СтанищевСН;;;;
ЛаманскаяАК;;;;
ЛансгофЛЭ;;;;
ЛансереЕА;;;;
ЛансереЕЕ;;;;
ЛансереНЕ;;;;
ЛанскойИИ;;;;
ЛапускинИВ;;;;
Лапчинский;;;;
Лапшина-СоколоваВН;;;;
ЛапшинГА;16;10;24;14
ЛарионовМФ;;;;
Лассон-СпироваЭА;;;;
ЛатриМП;;;;
ЛатушГ;;;;
ЛатышеваА;1;;;
ЛаудонЕО;;;;
ЛаховскийАБ;;;;
ЛебедевАИ;;;;
ЛебедевВВ;;;;
ЛебедевКВ;;;;
ЛебедевНМ;;;;
ЛебланМВ;;;;
ЛевандовскийВН;;;;
ЛевиМБ;;;1;
ЛевинКП;;;;
ЛевитанИИ;;;;
ЛевитскийВН;;;;
ЛевицкийРС;;;;
ЛевкиевскийВВ;;;;
ЛевотГА;;;;
ЛевченкоИИ;;;;
ЛевченкоПА;;;;
Ле-ДантюМВ;;;;
Леднев-ЩукинСЕ;;;;
ЛеманЮЯ;;;;
ЛемохКВ;;;;
ЛенбахФ;;;;
ЛенскийЗА;;;;
ЛентуловАВ;;;;
ЛеонгардтФ;2;;;
ЛеонсМН;;;;
ЛепетичНН;;;;
ЛермиттЛ;;;;
ЛермонтоваНВ;;;;
ЛесючевскийВИ;;;;
ЛехтФ;;;;
ЛиберихНИ;;;;
ЛиберманнМ;;;;
ЛибшерК;;;;
ЛизакИЛ;;;;
ЛиндеманАЭ;;;;
Липа;;;;
ЛипгартЭК;;;;
ЛисенерЕА;;;1;
ЛисицинБМ;;;;
ЛисснерЭЭ;;;5;
ЛитвиненкоАМ;;;;
ЛитвиновИИ;;;;
ЛитовченкоНД;;;;
Лихачева;4;;;
ЛихачевКА;;;7;
ЛищевВВ;;;;
Лобанов;;;;
ЛобужинскийМВ;;;;
ЛоккенбергВА;;;;
ЛоренцНЕ;;;;
ЛоренцНФ;;;;
ЛосеваВИ;;;;
ЛосевНД;;;;
Луговская-ДягилеваТА;;;;
ЛузановСЭ;;;;
ЛукичЖА;7;;;
ЛукомскийГК;;;;
Лукш-МаковскаяЕ;;;;
ЛупановАР;;;;
ЛучшевСЯ;;;;
ЛыпиловКМ;;;;
ЛысенкоАВ;;;;
ЛысенкоКА;;;;
ЛысовЯИ;;;;
ЛьвовИА;;;;
ЛьвовПИ;;;;
ЛюбавинаН;;;;
ЛякинТП;;;;
ЛяликоваЕИ;;;;
ЛясковскаяОА;;;4;
МагдесианЭЯ;;;;
МадейскийАБ;;;;
МазуровскийВВ;;;;
МайейргаймП;;;;
МайковНА;;;;
МаймонМЛ;;;;
МакаревскийАД;;;;
МакароваНД;2;;4;1
МакаровИК;;;;
Мак-НейлУД;;;;
МакоАЭ;;;;
МаковскаяАЕ;;;;
МаковскийАВ;;;;
МаковскийВЕ;;;;
МаковскийКГ;;;;
МаковскийКЕ;;;;
МаковскийНЕ;;;;
Маковский-ПогорельскийЯК;;;;
МаксГ;;;;
МаксимовАО;;;;
МаксимовВМ;;;;
МаксимовМВ;;;;
МалаховскаяМА;;;;
Малеваная-ЗарыцкаяИА;;;;
МалевичКС;;;;
МалешевскаяЕМ;;;;
МалининИС;;;;
МалышевВК;;;;
МалышевЕИ;;;;
МалышевМГ;;;;
МалышевМЕ;;;;
МалышевНТ;;;;
МалютинСВ;;;;
МалявинФА;;;;
МамонтовМА;;;;
МамонтовСС;3;;;
МанасеинаТВ;;;;
МанганариАВ;;;;
МанизерГМ;;;;
МаныламММ;;;;
МардеросовЛИ;;;;
МаринаЗВ;;;;
МаркеловСП;;;8;
МаркичевМА;;;;
МарковАА;;;;
МарковБН;;;;
МартынА;;;;
МартыновА;1;;;
МартыноваЕН;2;;;
МартыновДН;;;;
МартыновичАС;;;;
МаслениковНЕ;;;;
МасютинВН;;;;
МатвеевАТ;;;;
МатвеевМА;;;;
МатвеевНС;;;;
МатвеевСА;;;;
МатвейВИ;;;;
МатэВВ;;;;
МатюшинМВ;;;;
МаурицдеВламик;;;;
МацкевичИИ;;;;
МашарГ;;;;
Машинский;;;;
МашковВН;;;;
МашковИ;;;;
МаяковскийВВ;;;;
МедемПР;;;;
Мейердал;;;;
МейзейМО;;;;
МейзеМО;;;;
МейстерЛ;;;;
МенарР;;;;
МенделевичИА;;;7;
МензгаузенЕФ;;;;
МенкВК;;;;
МенсгаузенЕФ;;;;
Мери;;;;
МертенЕП;;;;
МесниковКИ;;;;
МетловаАА;;;3;
МещеринНВ;;;;
МещерскийАИ;;;;
МизернюкМЯ;;;;
МикешинаТЛ;;;;
МикешинСМ;;;;
МикулиА;;;;
МилевскийИР;;;;
МилиотиНД;;;;
МиллерЕВ;;;;
МиллерЭА;;;;
МилорадовичСД;;;;
МилославинФА;;;;
МильманА;;;;
МилютиНД;;;;
Минасианц;;;;
МинченковЯД;;;;
МироновичПН;;;;
МиссАВ;;;;
МитрохинДИ;;;;
МитяевПН;4;;4;
МихайловаКИ;;;1;
МихайловаОП;;;;
МихайловИИ;;;;
МихайловИТ;;;;
МихайловММ;;;;
МихайловПН;;;;
МихайловскаяНВ;;;;
МихайловскийАН;;;;
МихальцеваЕП;;;;
МихеевМИ;;;;
МишеваЕИ;;;;
МогилевскийАП;;;;
МодоровФА;;;;
МокиевскаяМИ;;;;
МоласНП;;;;
МоллерФА;;;;
МоллотТА;;;;
МоловМВ;;;;
МоловМЦ;;;;
МолявкинИВ;;;;2
МоравовАВ;;;;
МоргуновАА;;;;
МордасевичКЛ;;;;
МордовинВИ;;;;
МоревНН;;;;
МорицФЭ;;;;
МоровавовАВ;;;;
МороГ;;;;
МорозовАИ;;;;
МороЛА;;;;
МоскаленкоАН;;;3;
МоскаленкоПД;;;;1
МостоваЗЯ;;;;
Мошков;;;;
МудролюбовПВ;;;;
МузалевскийБМ;;;;2
Мультановский;;;;
МультановскийЮТ;;;;
МунтергельмМ;;;;
МуравьевВЛ;;;;
МуратовАД;;;;
МуратовБерндтеон;;;;
МуратовМД;;;;
МурашкоАА;;;;
МуромцевФА;;;;
Мусин-ПушкинНС;;;;
МусселиусМВ;;;;
МууккаЭ;;;;
МышковВН;;;;
Мюнтер;;;;
МясоедовГГ;;;;
НавозовВП;;;;
НагубниковСА;;;;
НаикольскийНН;;;;
НайдеровИВ;;;;
НаленчВИ;;;;
Налепинская;;;;
НапиерскаяБВ;;;;
НарбутГИ;;;;
НаседкинСН;;;;
НатальинаОН;;;;
НаумовАА;;;;
НаумовПС;;;;
НащекинД;3;;;
НеведовичЕЮ;;;;6
НеведомыйИ;;;2;5
НевинскийАИ;;;;
НевревНВ;;;;
НевядомскийА;;;;
НедлерСГ;;;;
НедовичЕЮ;14;5;7;
НедокучаеваОН;;;;
НекулинАО;14;;;
НеленчВИ;;;;
НерадовскийПИ;;;;
НестеровГД;;;;
НестеровМВ;;;2;
НестеровФП;;;;
НефТА;;;;
НечаевАМ;;;;
НечаевМА;;;;
НечитайловВН;4;;;
НиканоровСГ;;;;
НикитинВА;;;;
НикитинВП;;;;
НикитинНН;;;;
НикитинСА;;;;
НикифоровСГ;;;;
НиколаевНН;;;5;2
НикольскийНС;;;;
НиконовИФ;;;;
НикулинАО;;;12;30
НилендерКГ;;;;
НилусПА;;;;
НифтрикГЯ;;;;
НоаковскийСВ;;1;;1
НовиковАГ;;;;
НовиковаЕН;;;;
НовиковМН;;;;
Новинский;;;;
НоводворскаяВД;;;;
НовоселовВТ;;;;
НовоскольцевАН;;;;
НозиковаЕН;;;;
Ностиц-ЯцковскаяМФ;;;;
Нысцушко-БуйницкийРИ;;;;
НюнинИЕ;;;;
ОберАЛ;;;;
ОвсянниковВП;;;;
ОвсянниковЛФ;;;;
ОвсянниковСО;;;;
ОвчинниковНХ;;;;
ОколовичНА;;;;
О'КоннелРР;;;;
ОкроянцДГ;;;;
ОленинаВА;;;;
ОлсуфьеваСВ;;;;
ОльгинаО;;;;
ОлькойнЭА;;;;
ОнуфриеваНВ;;;;
ОреховВП;;;;
ОрловАГ;;;;
ОрловНВ;;;;
ОрловскийВД;;;;
ОсоргинаАК;;;;
ОстроменцкийАА;;;;
Остроумова-ЛебедеваАП;;;;
ОстроуховИС;;;;
ОтмарВО;;;;
ПавлиновАС;;;;
ПавлиновПЯ;;;;
ПавловАИ;;;;
ПавловВП;;;;
ПавловИН;;;;
ПавловПН;;;;
ПавловСА;;;;
ПавлюченкоГЕ;;;;
ПадуровАА;;;;
Пазетти;;;;
ПалаткоДМ;;;;
ПаленМИ;;;;
ПаленНК;;;;
ПалинМИ;;;;
Палшков;;;;
ПальгуновА;;;;
ПанеНН;;;;
ПанеНП;;;;
ПанинМН;;;;
ПанкульИП;;;;
ПановНЗ;;;;
Паприц;;;;
ПарландАА;;;;
ПассИА;;;;
ПастернакЛО;;;;
ПаульсонАВ;;;;
ПашкевичЖА;;;;
ПашковГФ;;;;
ПащенкоВМ;;;;
ПедашенкоМИ;;;;
ПелевинИА;;;;
ПемеллерАА;9;;;
ПеньковскийИЛ;;;6;
ПервухинКК;;;;
ПереплетчиковВВ;;;;
ПерминовВТ;;;;
ПеровВГ;;;;
ПершинАС;;;;
ПестинскийБ;;;;
ПетерсАФ;;;;
ПетренкоАГ;5;;;
ПетрижицкаяМК;;;;
Петров-ВодкинКС;;;;
ПетровичевПИ;;5;;
ПетровНФ;;;;
ПетровСИ;;;;
ПетровскийИВ;;;;
ПечатинВА;;;;
ПименовНС;;;;
ПимоненкоНК;;;;
ПиотровичСК;;;;
ПироговНВ;;;;
ПиросманашвилиН;;;;
ПисаховСГ;;;;
ПисемскийАА;;;;
ПищалкинАА;;;;
ПищалкинЛФ;;;;
ПлатоновХП;;;;
ПлатуновМ;;;;
ПлачекМН;;;;
ПлевакоНА;;;;
ПлетневЛА;;;4;3
ПлешаковВС;;;;
ПлешановПФ;;;;
ПлещинскийИН;;;;
ПлигинАП;;;;
ПлискоАЯ;;;;
ПлотниковВА;;;;
ПогосскаяСА;;;;
ПодвысоцкийМВ;;;;
ПодозеровИИ;;;;
ПодосеновПВ;;;;
ПодтыканыйА;;;;1
ПодушкоЭГ;;;;
ПожалостинИП;;;;
ПожарскийВИ;;;;
ПожарскийСМ;;;;
ПозенМВ;;;;
ПокаржевскийПД;;;;
ПоленоваЕД;;;;
ПоленовВД;;;;
ПоловинкинВП;;;;
ПолонскаяЖА;;;;
ПолунинВЯ;;;;
ПольРобер;;;;
ПоляковЕИ;;;;
ПоляковИИ;;;;
ПоляковНП;;;;
ПоляковПИ;;;;
ПомеранцевММ;;;;
ПоперечныйНМ;;;;
ПопковИГ;;;;
ПоповАА;;;;
ПоповаЛС;;;;
ПоповАН;;;;
Попова-ТимореваЮА;;;;
ПоповВН;;;;
ПоповЛВ;;;;
ПоповМП;;;;
ПоповНЯ;;;;6
Порай-КошицБВ;;;;
ПороховниковПИ;;;;
ПорфировИФ;;;;
ПосполитакиЕИ;;;;
ПостниковСП;;;;
ПотаповМА;;;;
ПотипакаП;;;;
ПраведниковЕИ;;;;
ПрадоА;;;;
ПраховаАЯ;;;;
ПремацциЛО;;;;
ПриселковСВ;;;;
ПрозоркевичВМ;;;;
ПрокофьевАМ;;;;
ПрокофьевДД;;;;
ПроскурнинИМ;;;;
Протейкинский;;;;
ПротопоповНА;;;;
ПрянишниковИМ;;;;
ПрянишниковИП;;;;
ПсковитиновЕК;;;;
ПузыревскийПИ;;;;
ПуниИ;;;;
ПурвитВЕ;;;;
ПуцБА;;;;
ПчелинВН;;;;3
ПыневК;;;;
ПыринМС;;;;
ПэнЮМ;;;;
Пювис-де-Шаванн;;;;
ПясковскийВН;;;3;
ПястушкевичКО;;;;
РабиновичГИ;;;;
РадимовПА;;;;
РадинВН;;;;
Радлов;;;;
РаевскийАД;;;;
РаевЮА;;;;
РазмарицинАП;;;;
РазниченкоФП;;;;
Разумный;;;;
РазумовскаяАИ;;;;
РазчубкинАН;;;;
РайлянфР;;;;
РайноваСК;5;;;
РассадинАА;;;;
Ратынова-РожковаМФ;;;;
РауловИ;;;;
Раушь-фон-ТраубенбергКК;;;;
РаффаэллиИ;;;;
РацульАП;;;;
РашевскийИГ;;;;
РевенскийЕН;;;;
РедковскийАА;;;;
РедлихГС;;;;
РезановВМ;;;;
РезниковМВ;;;;20
РеймерсИИ;;;;
Рейнгольдтфон-Моллер;;;;
РейтернЕП;;;;
РейхардтЕИ;;;;
Ремер;;;;
РендичИ;;;;
РепинаВИ;;;;
РепинИЕ;;;;
РепинЮИ;;;;
РерихНК;;;;
РжевскаяАЛ;;;;
РивьерГ;;;;
РизниченкоФП;;;;
РицониАА;;;;
РицониЕП;;;;
Ришомм;;;;
РоговАП;;;;
РоговинНЕ;;;;
РождественскийВВ;;;;
РозановаОВ;;;;
РозановНВ;;;;
РозенГВ;;;;
РозенИВ;;;;
РозенИС;;;;
РозентальЯМ;;;;
РозенЯС;;;;
РозинскийГН;;;;
РокачевскийАЕ;;;;
РомановичСМ;;;;
Романовский-РоманьковичАС;;;;
РоммАГ;;;;
РоотНФ;;;;
РостворовскийСР;;;;
РостиславовАА;;;;
РошА;;;;
РощубкинА;;;;
РубоФА;;;;
РубцовАА;;;;
РудаковКИ;;;;
РудольфЭрбслох;;;;
РужниковНП;;;;
Рульс;;;;
Рундальцев;;;;
РундальцевЛВ;;;;
РундальцовМВ;;;;
РусаковАИ;;;;
Рушевская;;;;
РущицФЭ;;;;
РыбаковИГ;;;;
РыловАА;;;;
РындзюнскаяМД;;;;
РындинаН;;;;
РыпинЮИ;;;;
РюссР;;;3;3
РябининНН;;;;
РябушинскийСП;;;;
РябушкинАП;;;;
СабоНН;;;;
СавеловПК;;;;
СавинковВВ;;;;
СавинскийВЕ;;;;
СавицкийГК;;;;
СавицкийКА;;;;
СаврасовАК;;;;
СагайдачныйЕЯ;;;;
СаддИИ;;;;
СаксенКФ;;;;
СаксНЭ;;;;
СалаПО;;;;
СалтыковМД;;;;
СальмонЭФ;;;;
СамойловаАМ;;;;
СамойловаВА;;;;
СамойловПВ;;;;
СамокишНС;;;;
СамуйльсонЕФ;;;;
СапуновНН;;;;
СарьянМС;;;;
СаскоМА;;;;
СафоновАП;;;;
СахаровАА;;;;
СванИ;;;;
СварогВС;;;;
СведомскийПА;;;;
СверчковНЕ;;;;
СветлицкийГП;;;;
СвецаС;;;;
СвиридовБП;;;1;
СвятославскийСИ;;;;
СевастьяновСА;;;;
СеверинИ;;;;
СеверовММ;1;1;;
СедловАФ;1;;;
СедовГС;;;;
СейтгофПС;;;;
СелезневИФ;;;;
СеливачеваЕС;;;;
СеменоваАЕ;;;;
СеменовАН;;;;
Семенова-Тянь-ШанскаяВД;;;;
СемизороваГФ;;;;
СемирадскийГО;;;;
СергеевНА;;;;
СергеевНС;;;;
СеребряковаВ;;;;
СеребряковаЗЕ;;;;
СерегинПИ;;;;
СеровВ;;;;
СестрженцевичСС;;;;
СигнакП;;;;
СиливановичНП;;;;
СиливановичНЮ;;;;
СимовВА;;;;
СимонЛ;;;;
СиндинкО;;;;
Синоди-ПоповДМ;;;;
СиняверММ;;;;
СиренкоКГ;;;;
СиферсПЕ;;;;
Скадовский;;;;
СкалонАВ;;;;
СкворцевЯА;;;;
СкворцоваЮИ;;;;
СкворцовЯА;;;;
СкиргеллоАБ;;;;
СкиргеллоББ;;;;
СкляровПА;;;;
СкорняковХН;;;;
СкосаревскаяНП;;;;
СкуйеИА;;;;
СластионовАГ;;;;
СлепянМГ;;;;
Слободянюк-ПодолянСИ;;;;
СловцовАМ;;;;
СлыпянМГ;;;;
СмеловПА;;;;
Смирнова-ИвановаЕА;;;;
СмирновВС;;;;
СмирновНА;;;;
СмотрицкийПФ;;;;
СмукровичПИ;;;;
СнигиревскийАВ;;;;
СоколовАП;;;;
СоколовВИ;;;;
СоколовВП;39;;;4
СоколовК;;;;
Соколов-ОльховскийИО;;;;
СоколовскийЭК;;;;
СолнцеваГ;;;;
СоловьеваНП;;;5;
СологубЛГ;;;;
СоломахаВМ;;;;
СоломкоСС;;;;
СоломонА;;;;
СоломоновМИ;;;;
СолунКИ;;;;
Сомова-ЗельдерАП;;;;
Сомова-МихайловаА;;;;
СомовК;;;;
СомовКА;;;;
Сорин;;;;
СосионковАВ;;;;
СотниковЕМ;;;;
СофроноваАФ;;;;
СпандиковЭК;;;;
СпасскийВВ;;;;
СпесивцевПН;;;;
СрединАВ;;;;
СтабровскийКА;;;;
СтадницкийПГ;;;;
СтанкевичЮА;;;;
СтаркАА;;;;
СтароносовП;4;;;
Стахеева-КашкадамоваЕ;;;;
СтеллецкийДС;;;;
СтепановаВН;;;;
СтепановАН;;;;
СтепановАС;;;;
СтепановичКП;;;;
СтепановКП;;;;
СтеценкоАВ;;;;
СтигельР;;;;
СтилианудиАН;;;;
СтолицаЕИ;;;;
СтоляровКД;;;;
СтоляровНД;;;;
СторожевскийН;;;;
СтраховскийВК;;;;
СтрашинскийЛ;;;;
СтребловИБ;;;;
СтрелковскийАИ;;;;
Стрельникова;1;;;
СтрубинскийВИ;;;;
СтрукГН;;;;
СтрунниковНИ;;;;
СубботинПИ;;;;
СудейкинСЮ;;;;
Судковская-СамокишЕП;;;;
СудковскийМС;;;;
СудковскийРГ;;;;
СудьбининСН;;;;
СумароковПС;;;;
СуреньянцВЯ;;;;
СуриковВИ;;;;
СусловВВ;;;;
СусловИА;;;;
СуходольскийПА;;;;
СухоровскийМГ;;;;
Сырнев;;19;7;
СыровВА;;;;
СычковФВ;;;;
ТаккеБА;;;;
ТалепоровскийВН;;;;
ТамановАИ;;;;
ТамбиВН;;;;
ТарховКД;;;;3
ТарховНА;;;;
ТатевосянцЕМ;;;;
ТатлинЕВ;;;;
Таубе;;;;
ТаулоуФ;;;;
ТвердаяЕМ;;;;
ТворожниковИИ;;;;
ТерпиловскаяТН;;;;
ТерпсихоровНБ;;;6;9
ТеснерАА;;;;
ТеснерГГ;;;;
ТидекеАЭ;;;;
ТиевскийК;;;2;
Тизенгаузен;;;;
ТильбергРХ;;;;
ТимашевАЕ;;;;
Тиморев;;;;
ТимофеевВС;;;;
ТимофеевВТ;;;;
ТимофеевГ;;;;
ТимусАК;;;;
ТихмироваЕН;;;;3
Тихова-ФинкельштейнМЛ;;;;
ТиховВГ;;;;
ТихомировИВ;;;;
ТишинВЯ;;;;
ТищенкоН;;;;5
ТкаченкоВИ;;;;
ТкаченкоМС;;;;
ТовастшернаКА;;;;
ТолстаяСИ;;;;
ТомашевичБТ;;;;
ТомбаК;;;;
ТомовФИ;;;;
ТопаловаОС;;;;2
Топелиус-КиселеваЕК;;;;
ТоппелиусВФ;;;;
ТраилинСА;;;;
ТрамбицкийАЕ;;;;
ТраунбергВИ;;;;
Трембач;;;;
ТретьяковаОН;;;;
ТрифоновИТ;;;;
ТрифоновПВ;;;;
ТроновВА;;;;
ТроупянскийЯА;;;;
ТрофименкоНА;;;;
ТрояновскийВ;;;;
ТрояновскийОИ;;;;
ТрубецкаяОН;;;;6
ТрубецкойП;;;;
ТружанскийЛВ;;;;
ТрутневИП;;;;
ТрутовскийКА;;;;
ТулуповСИ;4;;;
ТупицынБИ;;6;;
ТуржанскийЛВ;;;;
ТурлыгинЯП;;;;
ТурченкоЛГ;;;;
ТхоржевскаяТИ;;;;
ТычинкинММ;1;;;
ТюринИА;;;;
УваровНМ;;;;
УводскаяЕВ;;;;
УдальцеваНА;;;;
УконинНА;;;;
УлинАА;;;;
УльнинИЕ;;;;
УльяновНП;;;;
УрлаубЕФ;;;;1
УрлаубЛЯ;;;;
УткинП;;;;
УхановаАВ;;;;
УхтомскийСА;;;;
Ушаков-ПоскочинМВ;;;;
УшинАА;;;;
ФалилеевВД;;;;
ФаллизАГ;;;;
ФалькРР;;;;
ФеглерИГ;;;;
ФеддерсЮИ;;;;
ФедороваМА;;;;
ФедоровЕВ;;;;
ФедоровИК;;;;
ФедоровИП;;;;
ФедоровичВН;;;;
ФёдоровМС;;;;
ФедотовИ;;;;
ФельдманКА;;;;
ФельтенВФ;;;;
ФендикВК;;;;
ФеофилактовНП;;;;
Фетваджиан;;;;
Фибих;;;;
ФилиповКН;;;;
Филонов;;;;
ФильковичКИ;;;;
ФинкельштейнВЯ;;;;
ФлавицкийКД;;;;
ФовелинАИ;;;;
ФогельБА;;;;
Фоглер;;;;
ФокинНМ;;;;
ФоминИА;;;;
Фон БокАР;;;;
Фон ВистингаузенАА;;;;
Фон-Визен;;;;
Фонтано;;;;
Форен;;;;
ФорселлесА;;;;
ФранкГ;;;;
ФредерикЛ;;;;
Фрейвирт-ЛютцовОО;;;;
ФренцРР;;;;
ФренцРФ;;;;
ФроловАА;;;;
ФроловАП;;;;
ФроловВА;;;;
ФроловДП;;5;4;4
ФроловскийП;;;;
ХалявинНФ;;;;
ХаритоновНВ;;;;
ХарламовАА;;;;
ХарламовМЕ;;;;
ХарламовМЯ;;;;
ХарламповичАА;;;;
ХижинскийЛС;;;;
ХимонаНП;;;;
ХлудовНГ;;;;
ХныгинЛА;;;;
ХолодовскийМИ;;;;
ХолявинНО;;;;
ХохряковНН;;;;
ХрамцовНА;;;;
ХреновАС;;;;
ХрусловЕМ;;;;
ХрусталевАИ;;;;
ХрусталевВЯ;;;;
ХрустачевНИ;;;;
ХудояровВП;;;;
Хутари;;;;
Царевская-НаумоваВК;;;;
ЦветковБИ;;;;
ЦейдлерВП;;;;
ЦейдлерКФ;;;;
ЦейдлерНА;;1;;
ЦелинскийСО;;;;
ЦионглинскийИФ;;;;
ЦионглинскийЯФ;;;;
ЦириготтиНГ;;;;
Цурмюлен;;;;
ЦыхановскийММ;;;;
ЧагинФИ;;;;
ЧайковскаяОВ;;;;
ЧахровЯА;;;;
Чемберс-БилибинаМЯ;;;;
ЧепцовСМ;;;;
ЧереповАВ;;;;
ЧеркасовПА;;;;
ЧеркасскийАМ;;;;
Черневская-ШульцЕД;;;;9
ЧерновВ;;;;
ЧерновНН;;;;
Чернов-ПлесскийЛМ;;;;
ЧернышевТП;;;;
ЧерчоповА;4;;;
ЧесноковПВ;;;;
ЧехонинСВ;;;;
ЧижеваМИ;4;;;
ЧижовМА;;;;
ЧикалинаМН;;;;
ЧириковАИ;;;;
ЧиркаФА;;;;
ЧиркинАД;;;;
ЧистосердовВ;;;;
ЧистяковПП;;;;
ЧичелевНИ;;;;
ЧугуновАИ;;;;
ЧуевЗХ;;;;
ЧуйкоМС;;;;
ЧумаковФП;;;;
ЧупятовЛТ;;;;
ЧурлянисНК;;;;
ШабунинНА;;;;
ШагалИ;;;;
ШалагиноваЕГ;;;;
ШамраевВП;;;;
ШамшинПМ;;;;
ШанксЭЯ;;;;
ШаньковскийБГ;;;;
ШапошниковаЕМ;;;;7
ШараповДФ;;;;
ШариковНД;7;;7;7
ШарлеманьАИ;;;;
ШарлеманьОА;;;;
ШатиловНИ;;;;
ШафранМЛ;;;;
ШаховскаяМА;;;;
ШаховскойНП;;;;
ШваревМС;1;;1;
ШебекоЕИ;;;;
ШевченкоАВ;;;;
ШелинговскийПА;;;;
ШелковыйСТ;;;;
ШельлхаутЛ;;;;
ШемякинМФ;;;;
ШендеревАС;;;;
ШербиновскийДА;;;;
ШервашидзеАК;;;;
ШервудЛВ;;;;
ШервудСЛ;;;;
ШереметевВВ;;;;
ШестеркинМИ;;;;
ШестопаловНИ;;;;
ШибановАГ;;;;
ШильдерАН;;;;
ШильцовПС;;;;
ШиповПД;;;;
ШитиковВД;;;;
ШишкинИИ;;;;
ШишковМА;;;;
ШкляревичКК;;;;
ШкольникИС;;;;
ШлейнНП;;;;
ШлейферНГ;;;;
ШлейфертЦЯ;;;;
ШлуглейтИМ;;;;
ШляковВД;;;;
ШмаковНН;;;;
ШмаровПД;;;;
ШмидтЕГ;;;;4
ШолпоЕА;;;;
ШостаченкоАА;;;;
ШохинАН;7;;;
ШохинДМ;;;2;2
ШперерЭФ;;;;
ШредерИН;;;;
ШрейберВП;;;;
ШрейберПП;;;;
ШренкГА;;;;
ШретерМВ;;;;
ШтейнманЛХ;;;;
ШтемберВК;;;;
ШтрасерВБ;;;;
ШтурманАИ;;;;
ШтюрцвагеЯ;;;;
ШульманСБ;;;;
Шульц-БертрамП;;;;
ШульцБН;;;;
ШульцВМ;;;;
ШульцеАГ;;;;
ШурыгинАА;;;;
ШухаеваЕН;;;;
ШухаевВИ;;;;
ЩанкинВН;;;;
ЩербаковВС;;;;
ЩербатовС;;;;
ЩербиновскийДА;;;;
ЩербовПЕ;;;;
ЩеткинНП;;;;
ЩукинПЕ;;;11;
ЩукоВА;;;;
ЩусевАВ;;;;
ЭберлингАР;;;;
Эборович-ЗалысскаяЕ;;;;
ЭгизБИ;;;;
ЭдвардсБВ;;;;
ЭдельфельдтАА;;;;
ЭдуардсБВ;;;;
ЭйгесВР;;;;
Эйзгаузен;;;;
ЭйсенгардтИС;;;;
ЭйсмондФИ;;;;
ЭйсснерАП;;;;
ЭкгорстВЕ;;;;
ЭкгорстьВЕ;;;;
ЭкстерАА;;;;
ЭлертНЛ;;;;
Эльпе;;;;
ЭмерикАГ;;;;
ЭммеВВ;;;;
ЭндауроваЛМ;;;;
ЭнкельМ;;;;
ЭрихсонЛР;;;5;
Эрнефельд;;;;
Эрро-Раута;;;;
ЭскинСС;;;;
ЭссенБН;;;;
ЭтлингерМВ;;;;
ЭшкишевичВ;;;;
ЭшлиманВК;;;;
ЮдинСП;;;;
Юнгблют;;;;
ЮнгеЕФ;;;;
Юнкер-КрамскаяСИ;;;;
ЮнонКФ;;;;
Юргенсон-СнигереваАП;;6;11;2
ЯблочкинВА;;;;
ЯвленскийАА;;;;
ЯкобиВИ;;;;
ЯкобиСП;;;3;1
ЯковлевАЕ;;;;
Яковлева-ШапоринаЛВ;;;;
ЯковлевВИ;;;;
ЯковлевГГ;;;;
ЯковлевМН;;;;
ЯкуловГБ;;;;
ЯкунчиковаМ;;;;
ЯнковМД;;;;
ЯновАС;;;;
ЯновскийЛВ;;;;
ЯремичСП;;;;
ЯрошенкоНА;;;;
Яругский-ЭругаЯМ;;;;
ЯрцевГФ;;;;
ЯсинскийАА;;;;
ЯсинскийИИ;;;;
ЯстребцовНП;2;;;
ЯстржембскийАС;;;;
ЯцимирскаяО;;;;
ЯцуньскийБ;;;;
