name;1917
Allonge;
Ferrari;
LeFauconnier;
PelicierG;
Pomma;
Raymondi;
WoizyC;
АбрамовАИ;
АбриЛ;
АвеншепсГ;
АветисьянГА;
АвиловМИ;7
АгафоновЕА;
АдамсонАИ;
АдтКФ;
АйвазовскийИК;
АкимоваЮВ;
АкишинПИ;
АккерЭ;
АксенюкПД;
АладжаловМХ;
АлександроваЕВ;
АлександровНН;
АлександровскийСФ;
Александров-ТитовскойНА;
АлексеевАА;
АлексеевВВ;
АлексеевВМ;
АлексеевГД;
АлексеевНВ;
АлексоматиНХ;
АлферьеваСВ;
АльбрехтЛГ;1
Альквист;
Альстедт;
АльтаманН;
АльтенбергИГ;
АльхимовичК;
Аман-Жан;
АммонВ;
АммосовСН;
АмосоваОФ;
АндерсонЕК;
АндреевВИ;
АнзимироваНВ;
АнисимовВК;
АнисимовЮП;
АнисфельдБИ;
АничковАИ;
Анкетэн;
АнтокольскийММ;
АнтоновАИ;
Антропова;
АнтроповИГ;
АпостолиВА;2
АракелянС;
АраповАА;
АронсонНН;
АрхиповАЕ;
АрхиповСН;6
АрчиониГ;
АскназийИЛ;
АстафьеваВЛ;
АтрыганьевН;
АтрыганьевНА;
АуэрГД;
АфанасьевАФ;
АфанасьевВЯ;
Афанасьев-Кокель;
АхенбахГ;
АхочинскаяЗП;
БабутММ;
Багратион-МухранскаяВН;
БадовскийАФ;
БаженовНВ;
БажинНН;
БакаловичСВ;
БаклундЭО;
БакмансонГК;
БакстЛС;
БакшеевВН;
БалашевПИ;
БалкСМ;
БаллодПП;
БалльерАИ;
БалунинМА;
Бальц;
БарамзинЕВ;
БарстельсГ;
БартВС;
БаруздинаВМ;
БарынинАА;
БасинПВ;
Бастер;
БатуринВП;
БауманАГ;
БауманАЕ;
БауманАН;
БахНИ;
БахРР;5
БахтеевВ;
БахтинКН;
БашинджагианГЗ;
Беггрова-ГартманОФ;
БеггровАК;
БегерЛМ;
БегичевАР;
БедросовКП;
БезверховНП;
БезродныйМЕ;
БезродныйМС;
БезродныйПВ;
БейгульАН;
БеккерА;
БеклемишевВА;
БёклинА;
БекряшевНГ;
БелкинВ;
Белоусов;
БелыйАФ;17
БельзенЯЯ;
БелявскийМК;
БеляевА;
БеляковЕЕ;
БемЕМ;
БенарА;
БенигКБ;
БенкендорфДА;
БенуаАА;
БенуаАлекс Н;
БенуаАльб Н;
БергВВ;
БерггольцРА;
БеридтсонГФ;
БерингерВВ;
БеркосМА;
БерндтсонГФ;
БернштамЛА;
БероянАК;
БерсонА;
БершадскийЮР;
Биленкий;
БилибинИИ;
БильдерлингАА;
БиркингерФ;
БирнбаумСР;
БлаговещенскийНД;
БландоваМН;
БланшЖ;
БлахеХр;
БлентА;
БлиновЛД;
БломстедтВ;
БлощинскаяОП;
БлуменфельдАФ;
БлюмВИ;
БлюментальЮЮ;
БлюменфельдГМ;
Бобрищева-Пушкина;
БобровАА;
БобровАВ;
БобровВА;
БобровВН;
БобровскийГМ;
БобровСП;
БогаевскийКФ;
БогатовНА;
БогатыревВС;
БогатыревИС;
Богданов-БельскийНП;
БогдановичФО;
БогдановНП;
БогданПГ;
БоголюбовАП;
БоголюбовБМ;
БогомазовТН;
БодаревскийНК;
БодемюллерФ;
Бодуэн-де-Куртенэ;
Боженко;
БожеряновА;
БолдыревИЕ;
БолотновВД;
БольдиниД;
Бонч-ОсмоловскаяОГ;
Бонч-ТомашевскийЮО;
БоревскийН;
БоринВМ;
БорисовАА;
БорисовИФ;
Борисов-МусатовВЭ;
БормоткинВМ;
БородаевскийСО;
БортникерДМ;
БоруздинаВМ;
БоскинМВ;
БоссиЭ;
БоткинаМС;
БоткинМП;
БоткинНИ;
БочаровМИ;
БрагаГ;
БрагаЭ;
БразельЮН;
БразОЭ;
БраиловскаяРН;
БраиловскийЛМ;
БракГ;
БрандтИ;
БраунЭГ;
Бредт;
Брендель;
БржозовскийФФ;
БроварьЯИ;
БродскийИИ;
БромбергФГ;
БронниковНК;
БронниковФА;
БроновицкийГФ;
БруниНА;
БруниФА;
БрускетиАЯ;
БрухардтФК;
БрэнгвинЖ;
БрюлловПА;
БрянскийМВ;
БубликовНЕ;4
Будкевич;
Будковская-КибальчичНТ;
БудковскийГЯ;
БузалевскийБМ;
БуйндМА;
БуйницкийРИ;
БуковецкийЕИ;
БукФП;
БулацельРС;
Бульмеринг-КороленкоЕП;
БунинНН;
БургардтЛО;
Бургарт;
БуринскаяНФ;
БурлюкВД;
БурлюкДД;
БуровФЕ;
БурхардтФК;
БутлярСА;
Бутэ-де-Монвель;
БухгольцФФ;2
БухерАИ;
БухПН;
БыкадоровНЯ;
БыковскийНМ;
БылевскийФС;
БыляшкинВВ;
БыстренинВИ;
БычковВП;
Бюлов;
Бяльницкий-БируляВК;
ВаальАЭ;
ВагнерПН;7
ВаленковаСН;
ВалькевичМИ;
ВальтерИФ;
ВанДонген;
ВарыпаеваНА;
ВасильевАА;
ВасильевВН;
ВасильевЛО;
ВасильевМА;
ВасильевФА;
ВасильковскийСИ;
ВаскиевскаяЕ;
ВаснецовАМ;
ВаснецовВМ;
ВасютинскийАА;
Ваулин;
ВахрамеевАИ;11
ВахрушовФМ;
ВахтерЕА;
ВащенкоЕП;
ВеберЯЯ;
Вейсенгоф;
ВейценбергАИ;
ВекшинскийАН;
ВелигоноваЗВ;
ВеликановВИ;
ВельонскийПА;
ВельцИА;6
ВенигКБ;
ВенигПК;
ВеревкинаМ;
ВеревкинФИ;
ВерейскийГС;
ВерещагинВВ;
ВерещагинВП;
ВерещагинПИ;
ВерещагинПП;
ВернерАВ;
Версилова-НерчинскаяМН;
Вертс;
ВерховскаяЛН;
ВерховскийГЕ;
ВершининИЕ;
ВеселовПЛ;
ВеселовскийЛР;
ВестфаленАХ;
ВещиловКА;
ВжещьЕК;
ВизельЭО;4
ВиллевальдеАБ;
ВиллевальдеБП;
Виллегас;
ВиллиамЕН;
ВиллиеМЯ;
ВильдеРФ;
Вилье;
ВинклерКА;
ВиноградоваОА;
ВиноградовСА;
ВинцманИК;
ВинцманОИ;
ВисковатоваЕИ;
ВисниовскаяЕИ;
ВистингаузенАА;
ВитвицкийИГ;
ВладимировИА;1
ВладимирскийБ;
Владимирский-Киевский;
ВласовСА;23
ВознесенскаяАВ;
ВоиновРВ;
ВолковВВ;
ВолковГ;
ВолковЕЕ;
ВолочинковАМ;
ВонгльСЭ;
ВороненковВЕ;
ВоронковВЕ;
ВороновПФ;
ВоронцовВВ;
ВоротынскийДА;
ВостингаузенА;
ВрангельЕК;
ВрачевИА;
ВроблевскийКК;
ВронскийСЕ;
ВрубельМА;
ВульфВВ;
ВучичевичВД;
ВывиорскийМИ;
ВыезжевАН;
ВысотскийКС;
ГаберцеттельВ;
ГабовичМГ;
ГаврильцевДМ;
ГагаринНВ;
Гаген-ТорнМЭ;
Гаген-ШварцЮ;
ГадонСС;
ГаевскийВМ;
Галеота;
ГалимскийВМ;
ГалкинИС;
ГалленА;
Галофрэ;
ГамбургерЛА;
ГаммК;
ГанзенАВ;
ГариевичБВ;
ГартманК;
ГаушАФ;
ГаушЛ;
ГвидоН;
Гейерманс;
ГейманС;
ГеллерПИ;4
Гельдвейн-Ваулин;
ГеНН;
ГерардовНИ;
ГерасимовАМ;
ГерманГ;
ГермашевММ;
ГерсонВВ;
ГершевскийСИ;
ГефтлерКЭ;
ГигогабаевГИ;
ГинцбургИЯ;
ГинцбургМГ;
ГиньковскийПВ;
ГиппусНН;
ГирвАП;
ГиршльА;
ГлаголеваАС;
ГлобаНВ;
ГлущенкоДИ;
ГляйзесА;
ГодунЕ;
ГолеевскаяПК;
ГолембиовскийКИ;
ГолицынаЕВ;
ГоловинАЯ;
ГоловкинГС;
ГоловковГС;
ГолубкинаАС;
ГолынскийВА;
ГольдблатЯС;
ГольддингерЕВ;
ГольдеЭН;
ГольдингерЕВ;
ГольдманИБ;
Гом-БаргЮЯ;
ГончароваНС;
ГонякИК;
ГоравскийАГ;
ГорбатовКИ;
ГорбуновАК;
ГорбуновКА;
ГороновичВЯ;
ГороховИЛ;
ГорскийКН;
Горюшкин-СкоропудовИС;
ГосЭИ;6
ГофманнК;
ГофманОА;
ГоффертАЕ;
ГрабарьИЭ;
ГрабовскийВ;
ГравеВФ;
ГрандковскийНК;
ГригорьевВМ;
ГригорьевПА;
ГриллихесАА;
ГриневАП;
ГриценкоНН;
ГрищенкоАВ;
ГромовАА;
ГросманАГ;
ГрузенбергСН;
ГрузинскийПН;
ГрюнфельдМИ;
ГугунаеваИГ;
ГужавинММ;1
ГузарскийВ;
ГузиковСМ;
ГулевичЕА;
ГумаликНИ;
ГунКФ;
ГусеваАА;
ГусеваГ;
ГусиковХК;
Гюбнер-СимонисЭВ;
ГюбнерЭВ;
ГюрджанАМ;
ДабижаАВ;
ДаксергофФП;
ДальГ;
Д'АльгеймММ;
Даньян-Бувере;
ДаугельА;
Дашенко;
ДворниковТЯ;
Де-Вит-МанизерСС;
ДевяткинСЕ;14
ДевятовЯМ;
ДегазШ;
ДеевСС;
Делла-ВосОЛ;
ДенисовАК;
Денисов-УральскийАК;
ДеранА;
ДержавинНМ;
ДерюжинскийГВ;
ДетерсЭВ;
ДешинД;
ДженеевИА;
ДжилардиП;
ДжогинПП;
ДжонстонГ;
ДиллонМЛ;
ДилльЛ;
ДитрихЛА;
ДмитриевВА;
ДмитриевИЯ;
Дмитриев-КавказскийЛЕ;
Дмитриев-КавказскийН;
ДмитриевЛЕ;
Дмитриев-ОренбургскийНД;
ДмитриевС;
Дмитриев-ЧелябинскийИЯ;
ДобрижинскийВА;
ДобровольскийВГ;5
ДобровольскийНФ;
ДобужинскийМВ;
ДолговАА;
ДолговИВ;
ДолинВК;
ДомарадзкийСЭ;
ДоскинНВ;
ДржевецкаяЛ;
ДриттенпрейсВП;
ДроздовИГ;5
ДрюльВ;
ДубовскийНН;
ДубровскийАС;
ДудинИО;
ДуковичСА;
ДукшинскаяЭГ;
ДурдинБН;
ДурновМА;
ДыдышкоКВ;
Дьякова-АлексееваМН;
ДьяковаМН;
Дьяконов-МичанскийДВ;
ДюккерЕЭ;
ЕвреиновВВ;
ЕвсеевКИ;
ЕгорновАС;
ЕгорновСС;
ЕгоровАА;
ЕгоровЕВ;
ЕгоровЛЕ;
ЕгоровСЗ;
ЕдельфельдА;
ЕндогуровНИ;
ЕрмиловИ;
ЕрмолаевБН;
ЕрнефельтЕ;
ЕсиповДА;
ЕфимовИЕ;
ЕфимовМЯ;
ЕфимовНН;
ЖабаАК;14
ЖабаНК;
ЖаравоваАА;
Жевакина-НикольскаяМС;
Жеврежеев;
ЖелтовскийИВ;
ЖижиленкоАИ;
ЖижиленкоГА;
ЖилардиРС;
ЖилинПФ;
ЖильцовИО;
ЖолтовскийИВ;
ЖувенауИ;
ЖудинаОД;
ЖудинДА;
ЖуковаЛА;
ЖуковИС;
ЖуковскаяМБ;
ЖуковскийСЮ;
ЖупахинСГ;
ЖуравлевФС;
ЗабеллоПП;
ЗабоклицкийВЛ;
ЗаболотскийПП;
ЗаборовскийСА;
ЗавойкоСВ;
ЗагорскийНП;
ЗайднерЕ;
Зайднер-СаддЕ;
ЗайцевК;
ЗайцевММ;
ЗайцевНС;
ЗалеманГР;
ЗалесскийСИ;
ЗальВК;
ЗальцманГ;
ЗамирайлоВД;
Зандер-РандаловаЭЯ;
ЗандинМП;
ЗанковскийИН;
Запольский-ДовнарРВ;
ЗапорожцевВ;
ЗарецкийАА;
ЗарецкийНВ;
ЗарубинВИ;
ЗарыцкийНВ;
ЗарянкоСК;
ЗахаровА;
ЗахаровИИ;
ЗахаровФИ;
ЗахгеймМО;
ЗверевВА;
ЗданевичКМ;
ЗедделерНН;
ЗейденбергСМ;3
ЗеленскийММ;
ЗельмановаАМ;
ЗенковСН;28
ЗенченкоВМ;
ЗеньковичНВ;
ЗиминГД;
ЗиминКН;
ЗиновьевА;
ЗиновьевПГ;
Зихель;
ЗлатовратскийАН;
ЗоммерКА;
ЗоммерРК;
ЗоринФТ;
ЗубчаниновНА;
ЗулмарЛН;
ИваницкаяЕЕ;
ИванкинГВ;
ИвановАА;
ИвановАЕ;
ИвановаКВ;
ИвановБМ;
ИвановДГ;1
Иванов-ЛозовскийГМ;
ИвановМФ;5
ИвановНЛ;
ИвановПП;
ИвановСВ;
ИвановСП;
ИвашинцеваМИ;
ИвковскийСК;
ИгнатьевМИ;
Иелита-ВольскийФА;
ИжакевичАА;
ИжакевичИС;
ИжевскаяМП;
ИзмайловичВМ;
ИзоевПФ;
Икар;
ИконниковАД;
ИльинЛН;
ИльинскийВК;
ИмеретинскаяОФ;
ИонинНА;
ИоффеМС;
ИсуповАВ;
ЙенсенДИ;
Кавос-ЗаруднаяЕС;
КавтарадзеАК;
КавтарадзеКЗ;
КагородовАД;
КазаковИС;
КазановскаяМА;
КазановскийВЛ;
КазанцеваЕВ;
КазанцевВП;
КазенЖ;
КайгородовАД;
КакабадзеДН;
КалачевЕА;
КалашниковЕА;
КалмаковНК;
КалмыковГО;
КалмыковИЛ;
Калупов;
КамаровВИ;
КамбаровИА;
КаменевЛЛ;
КаменскийБМ;
КаменскийГП;
КаменскийПП;
КаменскийФМ;
КаменскийФФ;
КаменцеваЕИ;
КандауровАИ;
КандинскийВВ;
КанольдтА;
КанцеровАГ;
КаплунАВ;
КаразинНН;
Каргус-СмоленскийВР;
КардовскийДН;
КаревАЕ;
КарелинАА;
Карем-ВайнштейнЕС;
КаринскаяА;
КарнеевАЕ;
КародоссиВ;
Карпинская-ГерунгЕГ;
Карпова-КоншевскаяЕГ;
КарриерГ;
КарцевПС;
КасаткинНА;
КасаткинНН;
Кастан;
КасцовКГ;
КатуркинТИ;
КафкаВА;
КашкадамоваЕН;
КелерКИ;
КелинПИ;
КеллерАВ;
КеллерИП;
КельхВФ;
КельхПИ;
КеммингГА;
КерзинМА;
КерковаСЛ;
КибальчичТВ;
КившенкоАД;
КикертК;
КирилловаАМ;
КиринарскийМА;
КирсановКВ;
КирьяцкойЕО;
КиселевАА;
Киселев-КамскийАА;
КиселевС;
КисельБА;
Китаева-ЦыхановскаяАВ;
КитаевВН;
КишневскийСЯ;
КлагесФА;
КлакачеваСЛ;
КлевезальА;
КлеверМ;
КлеверО;
КлеверЮЮ;10
Клейнек;
КлементьевАН;
КлеттенбергАП;
КлименкоД;
КлименкоДВ;
КлодтМК;
КлодтМП;
КлодтНА;
КлодтПК;
КлокачеваЕН;
КлоповВА;
КлюкКФ;
КлюшниковСА;
Кнюпфер;
КнязьковаВВ;
КовалевскийПО;
Ковальская-ИльинаПВ;14
КозловВВ;
КозловПС;
Козловская;
КозловскаяМА;
КокелинФ;
КолесниковИО;
Колесова-РощинаАИ;
КолпаковскаяВН;2
КолупаевДА;
КомароваАТ;
КомаровВП;
КомаровДВ;
КомашкоАМ;
КонашевичВМ;
КондерШ;
КондратенкоГП;
КондратенкоКП;
КондратьевВВ;
КоненковСТ;
КонновАИ;
КоноваловаАС;
КоноваловВВ;
КонстантиноваАО;
КонстантиновНК;
КонстантинопольНК;
КончаловскийПП;
КоптевГН;
КореневВФ;
Коренев-НовороссийскийВФ;
КорженевскийС;
КорзухинАИ;
КоринАМ;
КоринсскаяА;
КорневВФ;
КорнеевФМ;
КорниловНВ;
КоробковСТ;
КоровинКА;
КоровинПИ;
КоровинСА;
КорогодовСМ;
КоролевАП;
КорсаковЮП;
КорсунМП;
КорфВН;
КосмаковИА;
КоссакВ;
КостандиКК;
КостенкоКЕ;
КостенкоСП;
КострицЛМ;1
КотарбинскийВА;
КотляревскийАМ;
КотовГИ;
КохПП;
КоцебуАЕ;
КочетоваОА;
КошелевНА;
КравченкоАИ;
КравченкоНИ;
КрамскаяСИ;
КрамскойИН;
КрандиевскаяНВ;
КрапоткинаМН;
КрарупТФ;
КрасиковВА;2
КрасковскийИЕ;
КраснухаСП;
КраснушкинаЕЗ;
КрасовскийНП;
КрачковскийИЕ;
КрейтанВП;
КремерБД;
КремерБС;
Крепер;
КрествоскийИВ;
КрестианполПИ;
КречининСИ;
КржешИИ;
КржыжановскийКМ;
КривошеинСВ;
Крошечкин-КрошицкийМП;
КругликоваЕС;
КрчинскийСС;
КрыжицкийКЯ;
Крылов;
КрыловИИ;
КрымовНП;
КрюковВС;
КсеньеваЛ;
КсидиасПС;
КубинО;
КубицкийВН;
КувакинК;
КувшинниковаСП;
КудрявцеваВА;
КудрявцевАИ;
КудрявцевСИ;
КузнецовВВ;
КузнецовКП;
КузнецовНД;
КузнецовП;
КузьминаНА;
КуинджиАИ;
КулагинаСО;
КулешаМК;
КуликовИС;
КуммингАА;
КуммингГА;
КупринАВ;
КурбатовМА;
КуреннойАА;
КуриарПП;
КуриарьПП;
КуринАВ;
КурпатовАВ;
КусковАА;
КустодиевБМ;
КустодиевКБ;
КучинскийСИ;
КучумовВН;26
Кюгельген;
КюгельхенСК;
КюнАМ;
КюфферлеПО;
ЛаверецкийНА;
ЛагардП;
Лагода-ШишкинаОА;
ЛагориоЛФ;
ЛадыженскийГА;
ЛажечниковАИ;
Лазарев-СтанищевСН;
ЛаманскаяАК;
ЛансгофЛЭ;
ЛансереЕА;
ЛансереЕЕ;
ЛансереНЕ;
ЛанскойИИ;
ЛапускинИВ;
Лапчинский;
Лапшина-СоколоваВН;
ЛапшинГА;
ЛарионовМФ;
Лассон-СпироваЭА;
ЛатриМП;
ЛатушГ;
ЛатышеваА;
ЛаудонЕО;
ЛаховскийАБ;
ЛебедевАИ;
ЛебедевВВ;
ЛебедевКВ;
ЛебедевНМ;
ЛебланМВ;
ЛевандовскийВН;
ЛевиМБ;
ЛевинКП;
ЛевитанИИ;
ЛевитскийВН;
ЛевицкийРС;
ЛевкиевскийВВ;
ЛевотГА;
ЛевченкоИИ;
ЛевченкоПА;
Ле-ДантюМВ;
Леднев-ЩукинСЕ;
ЛеманЮЯ;
ЛемохКВ;
ЛенбахФ;
ЛенскийЗА;
ЛентуловАВ;
ЛеонгардтФ;
ЛеонсМН;
ЛепетичНН;
ЛермиттЛ;
ЛермонтоваНВ;
ЛесючевскийВИ;
ЛехтФ;
ЛиберихНИ;
ЛиберманнМ;
ЛибшерК;
ЛизакИЛ;
ЛиндеманАЭ;
Липа;
ЛипгартЭК;
ЛисенерЕА;
ЛисицинБМ;
ЛисснерЭЭ;
ЛитвиненкоАМ;
ЛитвиновИИ;
ЛитовченкоНД;
Лихачева;
ЛихачевКА;
ЛищевВВ;1
Лобанов;
ЛобужинскийМВ;
ЛоккенбергВА;
ЛоренцНЕ;
ЛоренцНФ;
ЛосеваВИ;
ЛосевНД;
Луговская-ДягилеваТА;
ЛузановСЭ;8
ЛукичЖА;
ЛукомскийГК;
Лукш-МаковскаяЕ;
ЛупановАР;
ЛучшевСЯ;
ЛыпиловКМ;
ЛысенкоАВ;
ЛысенкоКА;
ЛысовЯИ;
ЛьвовИА;
ЛьвовПИ;
ЛюбавинаН;
ЛякинТП;
ЛяликоваЕИ;
ЛясковскаяОА;
МагдесианЭЯ;
МадейскийАБ;
МазуровскийВВ;
МайейргаймП;
МайковНА;
МаймонМЛ;
МакаревскийАД;
МакароваНД;
МакаровИК;
Мак-НейлУД;
МакоАЭ;
МаковскаяАЕ;
МаковскийАВ;
МаковскийВЕ;
МаковскийКГ;
МаковскийКЕ;
МаковскийНЕ;
Маковский-ПогорельскийЯК;
МаксГ;
МаксимовАО;
МаксимовВМ;
МаксимовМВ;
МалаховскаяМА;
Малеваная-ЗарыцкаяИА;
МалевичКС;
МалешевскаяЕМ;
МалининИС;
МалышевВК;
МалышевЕИ;
МалышевМГ;
МалышевМЕ;
МалышевНТ;
МалютинСВ;
МалявинФА;
МамонтовМА;
МамонтовСС;
МанасеинаТВ;
МанганариАВ;
МанизерГМ;
МаныламММ;
МардеросовЛИ;5
МаринаЗВ;
МаркеловСП;
МаркичевМА;
МарковАА;
МарковБН;
МартынА;
МартыновА;
МартыноваЕН;
МартыновДН;
МартыновичАС;
МаслениковНЕ;
МасютинВН;
МатвеевАТ;
МатвеевМА;
МатвеевНС;
МатвеевСА;
МатвейВИ;
МатэВВ;
МатюшинМВ;
МаурицдеВламик;
МацкевичИИ;
МашарГ;
Машинский;
МашковВН;
МашковИ;
МаяковскийВВ;
МедемПР;
Мейердал;
МейзейМО;
МейзеМО;
МейстерЛ;
МенарР;
МенделевичИА;
МензгаузенЕФ;
МенкВК;
МенсгаузенЕФ;
Мери;
МертенЕП;
МесниковКИ;
МетловаАА;
МещеринНВ;
МещерскийАИ;
МизернюкМЯ;
МикешинаТЛ;
МикешинСМ;
МикулиА;
МилевскийИР;
МилиотиНД;
МиллерЕВ;
МиллерЭА;
МилорадовичСД;
МилославинФА;
МильманА;
МилютиНД;
Минасианц;
МинченковЯД;
МироновичПН;
МиссАВ;
МитрохинДИ;
МитяевПН;
МихайловаКИ;
МихайловаОП;
МихайловИИ;
МихайловИТ;
МихайловММ;
МихайловПН;
МихайловскаяНВ;
МихайловскийАН;
МихальцеваЕП;
МихеевМИ;
МишеваЕИ;
МогилевскийАП;
МодоровФА;
МокиевскаяМИ;
МоласНП;
МоллерФА;
МоллотТА;
МоловМВ;
МоловМЦ;
МолявкинИВ;
МоравовАВ;
МоргуновАА;
МордасевичКЛ;
МордовинВИ;
МоревНН;
МорицФЭ;
МоровавовАВ;
МороГ;
МорозовАИ;
МороЛА;
МоскаленкоАН;
МоскаленкоПД;
МостоваЗЯ;
Мошков;
МудролюбовПВ;
МузалевскийБМ;
Мультановский;
МультановскийЮТ;
МунтергельмМ;
МуравьевВЛ;
МуратовАД;
МуратовБерндтеон;
МуратовМД;
МурашкоАА;
МуромцевФА;
Мусин-ПушкинНС;
МусселиусМВ;
МууккаЭ;
МышковВН;
Мюнтер;
МясоедовГГ;
НавозовВП;
НагубниковСА;
НаикольскийНН;
НайдеровИВ;
НаленчВИ;
Налепинская;
НапиерскаяБВ;
НарбутГИ;
НаседкинСН;
НатальинаОН;
НаумовАА;
НаумовПС;
НащекинД;
НеведовичЕЮ;
НеведомыйИ;
НевинскийАИ;
НевревНВ;
НевядомскийА;
НедлерСГ;
НедовичЕЮ;
НедокучаеваОН;
НекулинАО;
НеленчВИ;
НерадовскийПИ;
НестеровГД;
НестеровМВ;
НестеровФП;
НефТА;
НечаевАМ;
НечаевМА;
НечитайловВН;
НиканоровСГ;
НикитинВА;
НикитинВП;
НикитинНН;
НикитинСА;6
НикифоровСГ;
НиколаевНН;
НикольскийНС;
НиконовИФ;
НикулинАО;
НилендерКГ;
НилусПА;
НифтрикГЯ;
НоаковскийСВ;
НовиковАГ;
НовиковаЕН;
НовиковМН;
Новинский;
НоводворскаяВД;
НовоселовВТ;
НовоскольцевАН;
НозиковаЕН;3
Ностиц-ЯцковскаяМФ;
Нысцушко-БуйницкийРИ;
НюнинИЕ;
ОберАЛ;
ОвсянниковВП;
ОвсянниковЛФ;1
ОвсянниковСО;
ОвчинниковНХ;
ОколовичНА;
О'КоннелРР;
ОкроянцДГ;
ОленинаВА;
ОлсуфьеваСВ;
ОльгинаО;
ОлькойнЭА;
ОнуфриеваНВ;
ОреховВП;
ОрловАГ;
ОрловНВ;
ОрловскийВД;
ОсоргинаАК;
ОстроменцкийАА;
Остроумова-ЛебедеваАП;
ОстроуховИС;
ОтмарВО;
ПавлиновАС;
ПавлиновПЯ;
ПавловАИ;
ПавловВП;
ПавловИН;
ПавловПН;
ПавловСА;
ПавлюченкоГЕ;
ПадуровАА;
Пазетти;
ПалаткоДМ;
ПаленМИ;
ПаленНК;
ПалинМИ;
Палшков;
ПальгуновА;
ПанеНН;
ПанеНП;
ПанинМН;
ПанкульИП;
ПановНЗ;
Паприц;
ПарландАА;
ПассИА;
ПастернакЛО;
ПаульсонАВ;
ПашкевичЖА;
ПашковГФ;
ПащенкоВМ;
ПедашенкоМИ;
ПелевинИА;
ПемеллерАА;
ПеньковскийИЛ;
ПервухинКК;
ПереплетчиковВВ;
ПерминовВТ;
ПеровВГ;
ПершинАС;4
ПестинскийБ;
ПетерсАФ;
ПетренкоАГ;
ПетрижицкаяМК;
Петров-ВодкинКС;
ПетровичевПИ;
ПетровНФ;
ПетровСИ;
ПетровскийИВ;13
ПечатинВА;
ПименовНС;
ПимоненкоНК;
ПиотровичСК;
ПироговНВ;
ПиросманашвилиН;
ПисаховСГ;
ПисемскийАА;
ПищалкинАА;
ПищалкинЛФ;
ПлатоновХП;
ПлатуновМ;138
ПлачекМН;5
ПлевакоНА;
ПлетневЛА;
ПлешаковВС;
ПлешановПФ;
ПлещинскийИН;
ПлигинАП;
ПлискоАЯ;
ПлотниковВА;
ПогосскаяСА;
ПодвысоцкийМВ;
ПодозеровИИ;
ПодосеновПВ;
ПодтыканыйА;
ПодушкоЭГ;
ПожалостинИП;
ПожарскийВИ;
ПожарскийСМ;
ПозенМВ;
ПокаржевскийПД;
ПоленоваЕД;
ПоленовВД;
ПоловинкинВП;
ПолонскаяЖА;
ПолунинВЯ;
ПольРобер;
ПоляковЕИ;
ПоляковИИ;
ПоляковНП;
ПоляковПИ;
ПомеранцевММ;
ПоперечныйНМ;
ПопковИГ;
ПоповАА;
ПоповаЛС;
ПоповАН;6
Попова-ТимореваЮА;
ПоповВН;
ПоповЛВ;
ПоповМП;
ПоповНЯ;
Порай-КошицБВ;
ПороховниковПИ;
ПорфировИФ;
ПосполитакиЕИ;
ПостниковСП;
ПотаповМА;
ПотипакаП;
ПраведниковЕИ;
ПрадоА;
ПраховаАЯ;
ПремацциЛО;
ПриселковСВ;
ПрозоркевичВМ;
ПрокофьевАМ;
ПрокофьевДД;
ПроскурнинИМ;
Протейкинский;
ПротопоповНА;38
ПрянишниковИМ;
ПрянишниковИП;
ПсковитиновЕК;
ПузыревскийПИ;
ПуниИ;
ПурвитВЕ;
ПуцБА;
ПчелинВН;
ПыневК;
ПыринМС;
ПэнЮМ;
Пювис-де-Шаванн;
ПясковскийВН;
ПястушкевичКО;
РабиновичГИ;
РадимовПА;
РадинВН;
Радлов;
РаевскийАД;
РаевЮА;
РазмарицинАП;
РазниченкоФП;
Разумный;
РазумовскаяАИ;
РазчубкинАН;
РайлянфР;
РайноваСК;
РассадинАА;
Ратынова-РожковаМФ;
РауловИ;
Раушь-фон-ТраубенбергКК;
РаффаэллиИ;
РацульАП;
РашевскийИГ;
РевенскийЕН;
РедковскийАА;
РедлихГС;
РезановВМ;
РезниковМВ;
РеймерсИИ;
Рейнгольдтфон-Моллер;
РейтернЕП;
РейхардтЕИ;
Ремер;
РендичИ;
РепинаВИ;
РепинИЕ;
РепинЮИ;
РерихНК;
РжевскаяАЛ;
РивьерГ;
РизниченкоФП;
РицониАА;
РицониЕП;
Ришомм;
РоговАП;
РоговинНЕ;
РождественскийВВ;
РозановаОВ;
РозановНВ;
РозенГВ;
РозенИВ;
РозенИС;
РозентальЯМ;
РозенЯС;
РозинскийГН;
РокачевскийАЕ;
РомановичСМ;
Романовский-РоманьковичАС;
РоммАГ;
РоотНФ;
РостворовскийСР;
РостиславовАА;
РошА;
РощубкинА;4
РубоФА;
РубцовАА;
РудаковКИ;
РудольфЭрбслох;
РужниковНП;
Рульс;
Рундальцев;
РундальцевЛВ;
РундальцовМВ;
РусаковАИ;
Рушевская;
РущицФЭ;
РыбаковИГ;
РыловАА;2
РындзюнскаяМД;
РындинаН;
РыпинЮИ;
РюссР;
РябининНН;
РябушинскийСП;
РябушкинАП;
СабоНН;
СавеловПК;
СавинковВВ;
СавинскийВЕ;7
СавицкийГК;
СавицкийКА;
СаврасовАК;
СагайдачныйЕЯ;
СаддИИ;
СаксенКФ;
СаксНЭ;
СалаПО;
СалтыковМД;
СальмонЭФ;
СамойловаАМ;
СамойловаВА;
СамойловПВ;
СамокишНС;
СамуйльсонЕФ;
СапуновНН;
СарьянМС;
СаскоМА;
СафоновАП;
СахаровАА;
СванИ;
СварогВС;
СведомскийПА;
СверчковНЕ;
СветлицкийГП;
СвецаС;
СвиридовБП;
СвятославскийСИ;
СевастьяновСА;
СеверинИ;
СеверовММ;
СедловАФ;
СедовГС;
СейтгофПС;
СелезневИФ;
СеливачеваЕС;
СеменоваАЕ;
СеменовАН;
Семенова-Тянь-ШанскаяВД;
СемизороваГФ;
СемирадскийГО;
СергеевНА;
СергеевНС;
СеребряковаВ;
СеребряковаЗЕ;
СерегинПИ;
СеровВ;
СестрженцевичСС;
СигнакП;
СиливановичНП;
СиливановичНЮ;
СимовВА;
СимонЛ;
СиндинкО;
Синоди-ПоповДМ;
СиняверММ;
СиренкоКГ;
СиферсПЕ;
Скадовский;
СкалонАВ;
СкворцевЯА;
СкворцоваЮИ;
СкворцовЯА;
СкиргеллоАБ;
СкиргеллоББ;
СкляровПА;
СкорняковХН;
СкосаревскаяНП;
СкуйеИА;
СластионовАГ;
СлепянМГ;
Слободянюк-ПодолянСИ;8
СловцовАМ;
СлыпянМГ;
СмеловПА;
Смирнова-ИвановаЕА;
СмирновВС;
СмирновНА;
СмотрицкийПФ;
СмукровичПИ;
СнигиревскийАВ;
СоколовАП;
СоколовВИ;
СоколовВП;
СоколовК;
Соколов-ОльховскийИО;
СоколовскийЭК;
СолнцеваГ;
СоловьеваНП;
СологубЛГ;
СоломахаВМ;
СоломкоСС;
СоломонА;
СоломоновМИ;
СолунКИ;
Сомова-ЗельдерАП;
Сомова-МихайловаА;
СомовК;
СомовКА;
Сорин;
СосионковАВ;
СотниковЕМ;
СофроноваАФ;
СпандиковЭК;
СпасскийВВ;
СпесивцевПН;
СрединАВ;
СтабровскийКА;
СтадницкийПГ;
СтанкевичЮА;
СтаркАА;
СтароносовП;
Стахеева-КашкадамоваЕ;
СтеллецкийДС;
СтепановаВН;
СтепановАН;
СтепановАС;
СтепановичКП;
СтепановКП;
СтеценкоАВ;
СтигельР;
СтилианудиАН;
СтолицаЕИ;
СтоляровКД;
СтоляровНД;
СторожевскийН;
СтраховскийВК;
СтрашинскийЛ;
СтребловИБ;
СтрелковскийАИ;
Стрельникова;
СтрубинскийВИ;
СтрукГН;
СтрунниковНИ;
СубботинПИ;
СудейкинСЮ;
Судковская-СамокишЕП;
СудковскийМС;
СудковскийРГ;
СудьбининСН;
СумароковПС;
СуреньянцВЯ;
СуриковВИ;
СусловВВ;
СусловИА;
СуходольскийПА;
СухоровскийМГ;
Сырнев;
СыровВА;
СычковФВ;
ТаккеБА;
ТалепоровскийВН;
ТамановАИ;
ТамбиВН;
ТарховКД;
ТарховНА;
ТатевосянцЕМ;
ТатлинЕВ;
Таубе;
ТаулоуФ;
ТвердаяЕМ;
ТворожниковИИ;
ТерпиловскаяТН;
ТерпсихоровНБ;
ТеснерАА;
ТеснерГГ;
ТидекеАЭ;
ТиевскийК;
Тизенгаузен;
ТильбергРХ;
ТимашевАЕ;
Тиморев;
ТимофеевВС;
ТимофеевВТ;
ТимофеевГ;
ТимусАК;
ТихмироваЕН;
Тихова-ФинкельштейнМЛ;
ТиховВГ;
ТихомировИВ;
ТишинВЯ;
ТищенкоН;
ТкаченкоВИ;
ТкаченкоМС;
ТовастшернаКА;
ТолстаяСИ;
ТомашевичБТ;
ТомбаК;
ТомовФИ;
ТопаловаОС;
Топелиус-КиселеваЕК;
ТоппелиусВФ;
ТраилинСА;
ТрамбицкийАЕ;
ТраунбергВИ;14
Трембач;
ТретьяковаОН;
ТрифоновИТ;
ТрифоновПВ;
ТроновВА;
ТроупянскийЯА;
ТрофименкоНА;
ТрояновскийВ;
ТрояновскийОИ;
ТрубецкаяОН;
ТрубецкойП;
ТружанскийЛВ;
ТрутневИП;
ТрутовскийКА;
ТулуповСИ;
ТупицынБИ;
ТуржанскийЛВ;
ТурлыгинЯП;
ТурченкоЛГ;
ТхоржевскаяТИ;
ТычинкинММ;
ТюринИА;
УваровНМ;
УводскаяЕВ;2
УдальцеваНА;
УконинНА;
УлинАА;2
УльнинИЕ;
УльяновНП;
УрлаубЕФ;
УрлаубЛЯ;
УткинП;
УхановаАВ;
УхтомскийСА;
Ушаков-ПоскочинМВ;
УшинАА;
ФалилеевВД;
ФаллизАГ;
ФалькРР;
ФеглерИГ;
ФеддерсЮИ;
ФедороваМА;
ФедоровЕВ;
ФедоровИК;
ФедоровИП;
ФедоровичВН;8
ФёдоровМС;
ФедотовИ;
ФельдманКА;
ФельтенВФ;
ФендикВК;
ФеофилактовНП;
Фетваджиан;
Фибих;
ФилиповКН;
Филонов;
ФильковичКИ;
ФинкельштейнВЯ;
ФлавицкийКД;
ФовелинАИ;
ФогельБА;
Фоглер;
ФокинНМ;
ФоминИА;
Фон БокАР;
Фон ВистингаузенАА;
Фон-Визен;
Фонтано;
Форен;
ФорселлесА;
ФранкГ;
ФредерикЛ;
Фрейвирт-ЛютцовОО;
ФренцРР;
ФренцРФ;
ФроловАА;
ФроловАП;
ФроловВА;
ФроловДП;
ФроловскийП;
ХалявинНФ;
ХаритоновНВ;
ХарламовАА;
ХарламовМЕ;
ХарламовМЯ;
ХарламповичАА;
ХижинскийЛС;
ХимонаНП;
ХлудовНГ;
ХныгинЛА;
ХолодовскийМИ;
ХолявинНО;
ХохряковНН;
ХрамцовНА;
ХреновАС;
ХрусловЕМ;
ХрусталевАИ;2
ХрусталевВЯ;
ХрустачевНИ;
ХудояровВП;
Хутари;
Царевская-НаумоваВК;
ЦветковБИ;
ЦейдлерВП;
ЦейдлерКФ;
ЦейдлерНА;
ЦелинскийСО;
ЦионглинскийИФ;
ЦионглинскийЯФ;
ЦириготтиНГ;7
Цурмюлен;
ЦыхановскийММ;
ЧагинФИ;
ЧайковскаяОВ;
ЧахровЯА;3
Чемберс-БилибинаМЯ;
ЧепцовСМ;7
ЧереповАВ;
ЧеркасовПА;
ЧеркасскийАМ;
Черневская-ШульцЕД;
ЧерновВ;
ЧерновНН;
Чернов-ПлесскийЛМ;
ЧернышевТП;
ЧерчоповА;
ЧесноковПВ;
ЧехонинСВ;
ЧижеваМИ;
ЧижовМА;
ЧикалинаМН;
ЧириковАИ;
ЧиркаФА;
ЧиркинАД;
ЧистосердовВ;
ЧистяковПП;
ЧичелевНИ;
ЧугуновАИ;1
ЧуевЗХ;
ЧуйкоМС;
ЧумаковФП;
ЧупятовЛТ;
ЧурлянисНК;
ШабунинНА;
ШагалИ;
ШалагиноваЕГ;
ШамраевВП;
ШамшинПМ;
ШанксЭЯ;
ШаньковскийБГ;
ШапошниковаЕМ;
ШараповДФ;
ШариковНД;
ШарлеманьАИ;
ШарлеманьОА;
ШатиловНИ;
ШафранМЛ;9
ШаховскаяМА;
ШаховскойНП;
ШваревМС;
ШебекоЕИ;
ШевченкоАВ;
ШелинговскийПА;
ШелковыйСТ;
ШельлхаутЛ;
ШемякинМФ;
ШендеревАС;
ШербиновскийДА;
ШервашидзеАК;
ШервудЛВ;
ШервудСЛ;
ШереметевВВ;
ШестеркинМИ;
ШестопаловНИ;
ШибановАГ;
ШильдерАН;
ШильцовПС;
ШиповПД;
ШитиковВД;
ШишкинИИ;
ШишковМА;
ШкляревичКК;
ШкольникИС;
ШлейнНП;
ШлейферНГ;
ШлейфертЦЯ;
ШлуглейтИМ;
ШляковВД;
ШмаковНН;
ШмаровПД;
ШмидтЕГ;
ШолпоЕА;
ШостаченкоАА;
ШохинАН;
ШохинДМ;
ШперерЭФ;
ШредерИН;
ШрейберВП;
ШрейберПП;
ШренкГА;
ШретерМВ;
ШтейнманЛХ;
ШтемберВК;
ШтрасерВБ;
ШтурманАИ;
ШтюрцвагеЯ;
ШульманСБ;
Шульц-БертрамП;
ШульцБН;
ШульцВМ;
ШульцеАГ;
ШурыгинАА;
ШухаеваЕН;
ШухаевВИ;
ЩанкинВН;
ЩербаковВС;15
ЩербатовС;
ЩербиновскийДА;
ЩербовПЕ;
ЩеткинНП;
ЩукинПЕ;
ЩукоВА;
ЩусевАВ;
ЭберлингАР;6
Эборович-ЗалысскаяЕ;
ЭгизБИ;
ЭдвардсБВ;
ЭдельфельдтАА;
ЭдуардсБВ;
ЭйгесВР;
Эйзгаузен;
ЭйсенгардтИС;
ЭйсмондФИ;
ЭйсснерАП;
ЭкгорстВЕ;
ЭкгорстьВЕ;
ЭкстерАА;
ЭлертНЛ;
Эльпе;
ЭмерикАГ;
ЭммеВВ;
ЭндауроваЛМ;
ЭнкельМ;
ЭрихсонЛР;
Эрнефельд;
Эрро-Раута;
ЭскинСС;
ЭссенБН;
ЭтлингерМВ;
ЭшкишевичВ;
ЭшлиманВК;
ЮдинСП;
Юнгблют;
ЮнгеЕФ;
Юнкер-КрамскаяСИ;
ЮнонКФ;
Юргенсон-СнигереваАП;
ЯблочкинВА;
ЯвленскийАА;
ЯкобиВИ;
ЯкобиСП;
ЯковлевАЕ;
Яковлева-ШапоринаЛВ;
ЯковлевВИ;20
ЯковлевГГ;
ЯковлевМН;
ЯкуловГБ;
ЯкунчиковаМ;
ЯнковМД;9
ЯновАС;
ЯновскийЛВ;
ЯремичСП;
ЯрошенкоНА;
Яругский-ЭругаЯМ;
ЯрцевГФ;
ЯсинскийАА;
ЯсинскийИИ;
ЯстребцовНП;
ЯстржембскийАС;
ЯцимирскаяО;
ЯцуньскийБ;
