name;1905;1909;1910;1913;1914;1915;1917
Allonge;;;;;;;
Ferrari;;;;;;;
LeFauconnier;;;;;;;
PelicierG;;;;;;;
Pomma;;;;;;;
Raymondi;;;;;;;
WoizyC;;;;;;;
АбрамовАИ;;;;;;;
АбриЛ;;;;;;;
АвеншепсГ;;;;;;;
АветисьянГА;;;;;;;
АвиловМИ;;;;;;;
АгафоновЕА;;;;;;;
АдамсонАИ;;;;;;;
АдтКФ;;;;;;;
АйвазовскийИК;;;;;;;
АкимоваЮВ;;;;;;;
АкишинПИ;;;;;;;
АккерЭ;;;;;;;
АксенюкПД;;;;;;;
АладжаловМХ;;10;17;18;42;13;17
АлександроваЕВ;;;;;;;
АлександровНН;;;;;;;
АлександровскийСФ;;;;;;;
Александров-ТитовскойНА;;;;;;;
АлексеевАА;;;;;;;
АлексеевВВ;;;;;;;
АлексеевВМ;;;;;;;
АлексеевГД;;;;;;;
АлексеевНВ;;;;;;;
АлексоматиНХ;;;;;;;
АлферьеваСВ;;;;;;;
АльбрехтЛГ;;;;;;;
Альквист;;;;;;;
Альстедт;;;;;;;
АльтаманН;;;;;;;
АльтенбергИГ;;;;;;;
АльхимовичК;;;;;;;
Аман-Жан;;;;;;;
АммонВ;;;;;;;
АммосовСН;;;;;;;
АмосоваОФ;;;;;;;
АндерсонЕК;;;;;;;
АндреевВИ;;;;;;;
АнзимироваНВ;;;;;;;
АнисимовВК;;;;;;;
АнисимовЮП;;;;;;;
АнисфельдБИ;;4;12;;;;
АничковАИ;;;;;;;
Анкетэн;;;;;;;
АнтокольскийММ;;;;;;;
АнтоновАИ;;;;;;;
Антропова;;;;;;;
АнтроповИГ;;;;;;;
АпостолиВА;;;;;;;
АракелянС;;;;;;;
АраповАА;;;4;;;;
АронсонНН;;;;;;;
АрхиповАЕ;;6;7;4;16;4;
АрхиповСН;;;;;;;
АрчиониГ;;;;;;;
АскназийИЛ;;;;;;;
АстафьеваВЛ;;;;;;;
АтрыганьевН;;;;;;;
АтрыганьевНА;;;;;;;
АуэрГД;;;;;;;
АфанасьевАФ;;;;;;;
АфанасьевВЯ;;;;;;;
Афанасьев-Кокель;;;;;;;
АхенбахГ;;;;;;;
АхочинскаяЗП;;;;;;;
БабутММ;;;;;;;
Багратион-МухранскаяВН;;;;;;;
БадовскийАФ;;;;;;;
БаженовНВ;;;;;;;
БажинНН;;;;;;;
БакаловичСВ;;;;;;;
БаклундЭО;8;;;;;;
БакмансонГК;;;;;;;
БакстЛС;14;10;3;;;;
БакшеевВН;;;;;;;
БалашевПИ;;;;;;;
БалкСМ;;;;;;;
БаллодПП;;;;;;;
БалльерАИ;;;;;;;
БалунинМА;;;;;;;
Бальц;;;;;;;
БарамзинЕВ;;;;;;;
БарстельсГ;;;;;;;
БартВС;;;;;;;
БаруздинаВМ;;;;;;;
БарынинАА;;;;;;;
БасинПВ;;;;;;;
Бастер;;;;;;;
БатуринВП;;;;;;;
БауманАГ;;;;;;;
БауманАЕ;;;;;;;
БауманАН;;;;;;;
БахНИ;;;;;;;
БахРР;;;;;;;
БахтеевВ;;;;;;;
БахтинКН;;;;;;;
БашинджагианГЗ;;;;;;;
Беггрова-ГартманОФ;;;;;;;
БеггровАК;;;;;;;
БегерЛМ;;;;;;;
БегичевАР;;;;;;;
БедросовКП;;;;;;;
БезверховНП;;;;;;;
БезродныйМЕ;;;;;;;
БезродныйМС;;;;;;;
БезродныйПВ;;;;;;;
БейгульАН;;;;;;;
БеккерА;;;;;;;
БеклемишевВА;;;;;;;
БёклинА;;;;;;;
БекряшевНГ;;;;;;;
БелкинВ;;;;;;;
Белоусов;;;;;;;
БелыйАФ;;;;;;;
БельзенЯЯ;;;;;;;
БелявскийМК;;;;;;;
БеляевА;;;;;;;
БеляковЕЕ;;;;;;;
БемЕМ;;;;;;;
БенарА;;;;;;;
БенигКБ;;;;;;;
БенкендорфДА;;;;;;;
БенуаАА;;;;;;;
БенуаАлекс Н;;;;;;;
БенуаАльб Н;33;8;36;;;;
БергВВ;;;;;;;
БерггольцРА;;;;;;;
БеридтсонГФ;;;;;;;
БерингерВВ;;;;;;;
БеркосМА;;;;;;;
БерндтсонГФ;;;;;;;
БернштамЛА;;;;;;;
БероянАК;;;;;;;
БерсонА;;;;;;;
БершадскийЮР;;;;;;;
Биленкий;;;;;;;
БилибинИИ;16;5;3;;;;
БильдерлингАА;;;;;;;
БиркингерФ;;;;;;;
БирнбаумСР;;;;;;;
БлаговещенскийНД;;;;;;;
БландоваМН;;;;;;;
БланшЖ;;;;;;;
БлахеХр;;;;;;;
БлентА;;;;;;;
БлиновЛД;;;;;;;
БломстедтВ;;;;;;;
БлощинскаяОП;;;;;;;
БлуменфельдАФ;;;;;;;
БлюмВИ;;;;;;;
БлюментальЮЮ;;;;;;;
БлюменфельдГМ;;;;;;;
Бобрищева-Пушкина;;;;;;;
БобровАА;;;;;;;
БобровАВ;;;;;;;
БобровВА;;;;;;;
БобровВН;;;;;;;
БобровскийГМ;;;;8;13;;11
БобровСП;;;;;;;
БогаевскийКФ;;8;;;;;
БогатовНА;;;;;;;
БогатыревВС;;;;;;;
БогатыревИС;;;;;;;
Богданов-БельскийНП;;;;;;;
БогдановичФО;;;;;;;
БогдановНП;;;;;;;
БогданПГ;;;;;;;
БоголюбовАП;;;;;;;
БоголюбовБМ;;;;;;;
БогомазовТН;;;;;;;
БодаревскийНК;;;;;;;
БодемюллерФ;;;;;;;
Бодуэн-де-Куртенэ;;;;;;;
Боженко;;;;;;;
БожеряновА;;;;;;;
БолдыревИЕ;;;;;;;
БолотновВД;;;;;;;
БольдиниД;;;;;;;
Бонч-ОсмоловскаяОГ;;;;;;;
Бонч-ТомашевскийЮО;;;;;;;
БоревскийН;;;;;;;
БоринВМ;;;;;;;
БорисовАА;;;;;;;
БорисовИФ;;;;;;;
Борисов-МусатовВЭ;12;;;;;;
БормоткинВМ;;;;;;;
БородаевскийСО;;;;;;;
БортникерДМ;;;;;;;
БоруздинаВМ;;;;;;;
БоскинМВ;;;;;;;
БоссиЭ;;;;;;;
БоткинаМС;;;;;;;
БоткинМП;;;;;;;
БоткинНИ;;;;;;;
БочаровМИ;;;;;;;
БрагаГ;;;;;;;
БрагаЭ;;;;;;;
БразельЮН;;;;;;;
БразОЭ;9;;;;;;
БраиловскаяРН;;;;;;;
БраиловскийЛМ;;;;;;;
БракГ;;;;;;;
БрандтИ;;;;;;;
БраунЭГ;;;;;;;
Бредт;;;;;;;
Брендель;;;;;;;
БржозовскийФФ;;;;;;;
БроварьЯИ;;;;;;;
БродскийИИ;;;9;28;59;11;22
БромбергФГ;;;;;;;
БронниковНК;;;;;;;
БронниковФА;;;;;;;
БроновицкийГФ;;;;;;;
БруниНА;;;;;;;
БруниФА;;;;;;;
БрускетиАЯ;;;;;;;
БрухардтФК;;;;;;;
БрэнгвинЖ;;;;;;;
БрюлловПА;;;;;;;
БрянскийМВ;;;;;;;
БубликовНЕ;;;;;;;
Будкевич;;;;;;;
Будковская-КибальчичНТ;;;;;;;
БудковскийГЯ;;;;;;;
БузалевскийБМ;;;;;;;
БуйндМА;;;;;;;
БуйницкийРИ;;;;;;;
БуковецкийЕИ;;;;;;;
БукФП;;;;;;;
БулацельРС;;;;;;;
Бульмеринг-КороленкоЕП;;;;;;;
БунинНН;;;;;;;
БургардтЛО;;;;;;;
Бургарт;;;;;;;
БуринскаяНФ;;;;;;;
БурлюкВД;;;;;;;
БурлюкДД;;;;;;;
БуровФЕ;;;;;;;
БурхардтФК;;;;;;;
БутлярСА;;;;;;;
Бутэ-де-Монвель;;;;;;;
БухгольцФФ;;;;;;;
БухерАИ;;;;;;;
БухПН;;;;;;;
БыкадоровНЯ;;;;;;;
БыковскийНМ;;;;;;;
БылевскийФС;;;;;;;
БыляшкинВВ;;;;;;;
БыстренинВИ;;;;;;;
БычковВП;;;;19;21;12;23
Бюлов;;;;;;;
Бяльницкий-БируляВК;;;;;;;
ВаальАЭ;;;;;;;
ВагнерПН;;;;;;;
ВаленковаСН;;;;;;;
ВалькевичМИ;;;;;;;
ВальтерИФ;;;;;;;
ВанДонген;;;;;;;
ВарыпаеваНА;;;;;;;
ВасильевАА;;;;;;;
ВасильевВН;;;;;;;
ВасильевЛО;;;;;;;
ВасильевМА;;;;;;;
ВасильевФА;;;;;;;
ВасильковскийСИ;;;;;;;
ВаскиевскаяЕ;;;;;;;
ВаснецовАМ;4;14;20;19;41;17;22
ВаснецовВМ;;;;;2;;
ВасютинскийАА;;;;;;;
Ваулин;;;;;;;
ВахрамеевАИ;;;;;;;
ВахрушовФМ;;;;;;;
ВахтерЕА;;;;;;;
ВащенкоЕП;;;;;;;
ВеберЯЯ;;;;;;;
Вейсенгоф;;;;;;;
ВейценбергАИ;;;;;;;
ВекшинскийАН;;;;;;;
ВелигоноваЗВ;;;;;;;
ВеликановВИ;;;;;;;
ВельонскийПА;;;;;;;
ВельцИА;;;;;;;
ВенигКБ;;;;;;;
ВенигПК;;;;;;;
ВеревкинаМ;;;;;;;
ВеревкинФИ;;;;;;;
ВерейскийГС;;;;;;;
ВерещагинВВ;;;;;;;
ВерещагинВП;;;;;;;
ВерещагинПИ;;;;;;;
ВерещагинПП;;;;;;;
ВернерАВ;;;;;;;
Версилова-НерчинскаяМН;;;;;;;
Вертс;;;;;;;
ВерховскаяЛН;;;;;;;
ВерховскийГЕ;;;;;;;
ВершининИЕ;;;;;;;
ВеселовПЛ;;;;;;;
ВеселовскийЛР;;;;;;;
ВестфаленАХ;;;;;;;
ВещиловКА;;;;;;;
ВжещьЕК;;;;;;;
ВизельЭО;;;;;;;
ВиллевальдеАБ;;;;;;;
ВиллевальдеБП;;;;;;;
Виллегас;;;;;;;
ВиллиамЕН;;;;;;;
ВиллиеМЯ;;;;;;;
ВильдеРФ;;;;;;;
Вилье;;;;;;;
ВинклерКА;;;;;;;
ВиноградоваОА;;;;;;;
ВиноградовСА;;5;9;15;42;13;19
ВинцманИК;;;;;;;
ВинцманОИ;;;;;;;
ВисковатоваЕИ;;;;;;;
ВисниовскаяЕИ;;;;;;;
ВистингаузенАА;;;;;;;
ВитвицкийИГ;;;;;;;
ВладимировИА;;;;;;;
ВладимирскийБ;;;;;;;
Владимирский-Киевский;;;;;;;
ВласовСА;;;;;;;
ВознесенскаяАВ;;;;;;;
ВоиновРВ;;;;;;;
ВолковВВ;;;;;;;
ВолковГ;;;;;;;
ВолковЕЕ;;;;;;;
ВолочинковАМ;;;;;;;
ВонгльСЭ;;;;;;;
ВороненковВЕ;;;;;;;
ВоронковВЕ;;;;;;;
ВороновПФ;;;;;;;
ВоронцовВВ;;;;;;;
ВоротынскийДА;;;;;;;
ВостингаузенА;;;;;;;
ВрангельЕК;;;;;;;
ВрачевИА;;;;;;;
ВроблевскийКК;;;;;;;
ВронскийСЕ;;;;;;;
ВрубельМА;3;;2;;;;
ВульфВВ;;;;4;6;2;
ВучичевичВД;;;;;;;
ВывиорскийМИ;;;;;;;
ВыезжевАН;;;;;;;
ВысотскийКС;;;;;;;
ГаберцеттельВ;;;;;;;
ГабовичМГ;;;;;;;
ГаврильцевДМ;;;;;;;
ГагаринНВ;;;;;;;
Гаген-ТорнМЭ;;;;;;;
Гаген-ШварцЮ;;;;;;;
ГадонСС;;;;;;;
ГаевскийВМ;;;;;;;
Галеота;;;;;;;
ГалимскийВМ;;;;;;;
ГалкинИС;;;;;;;
ГалленА;;;;;;;
Галофрэ;;;;;;;
ГамбургерЛА;;;;;;;
ГаммК;;;;;;;
ГанзенАВ;;;;;;;
ГариевичБВ;;;;;;;
ГартманК;;;;;;;
ГаушАФ;;;;;;;
ГаушЛ;;;;;;;
ГвидоН;;;;;;;
Гейерманс;;;;;;;
ГейманС;;;;;;;
ГеллерПИ;;;;;;;
Гельдвейн-Ваулин;;;;;;;
ГеНН;;;;;;;
ГерардовНИ;;;;;;;
ГерасимовАМ;;;;;;;
ГерманГ;;;;;;;
ГермашевММ;;;;;;;
ГерсонВВ;;;;;;;
ГершевскийСИ;;;;;;;
ГефтлерКЭ;;;;;;;
ГигогабаевГИ;;;;;;;
ГинцбургИЯ;;;;;;;
ГинцбургМГ;;;;;;;
ГиньковскийПВ;;;;;;;
ГиппусНН;;;;;;;
ГирвАП;;;;;;;
ГиршльА;;;;;;;
ГлаголеваАС;;;;;;;
ГлобаНВ;;;;;;;
ГлущенкоДИ;;;;;;;
ГляйзесА;;;;;;;
ГодунЕ;;;;;;;
ГолеевскаяПК;;;;;;;
ГолембиовскийКИ;;;;;;;
ГолицынаЕВ;;;;;;;
ГоловинАЯ;5;9;;;;;3
ГоловкинГС;;;;;;;
ГоловковГС;;;;;;;
ГолубкинаАС;;1;5;;;;
ГолынскийВА;;;;;;;
ГольдблатЯС;;;;;;;
ГольддингерЕВ;;;;;;;
ГольдеЭН;;;;;;;
ГольдингерЕВ;;;;3;13;3;
ГольдманИБ;;;;;;;
Гом-БаргЮЯ;;;;;;;
ГончароваНС;;;;;;;
ГонякИК;;;;;;;
ГоравскийАГ;;;;;;;
ГорбатовКИ;;;;;;;
ГорбуновАК;;;;;;;
ГорбуновКА;;;;;;;
ГороновичВЯ;;;;;;;
ГороховИЛ;;;;;;;
ГорскийКН;;;;;;;
Горюшкин-СкоропудовИС;;;;;;;
ГосЭИ;;;;;;;
ГофманнК;;;;;;;
ГофманОА;;;;;;;
ГоффертАЕ;;;;;;;
ГрабарьИЭ;13;6;1;;;;
ГрабовскийВ;;;;;;;
ГравеВФ;;;;;;;
ГрандковскийНК;;;;;;;
ГригорьевВМ;;;;;;;
ГригорьевПА;;;;;;;
ГриллихесАА;;;;;;;
ГриневАП;;;;;;;
ГриценкоНН;;;;;;;
ГрищенкоАВ;;;;;;;
ГромовАА;;;;;;;
ГросманАГ;;;;;;;
ГрузенбергСН;;;;;;;
ГрузинскийПН;;;;;;;
ГрюнфельдМИ;;;;;;;
ГугунаеваИГ;;;;;;;
ГужавинММ;;;;;;;
ГузарскийВ;;;;;;;
ГузиковСМ;;;;;;;
ГулевичЕА;;;;;;;
ГумаликНИ;;;;;;;
ГунКФ;;;;;;;
ГусеваАА;;;;;;;
ГусеваГ;;;;;;;
ГусиковХК;;;;;;;
Гюбнер-СимонисЭВ;;;;;;;
ГюбнерЭВ;;;;;;;
ГюрджанАМ;;;;;;;
ДабижаАВ;;;;;;;
ДаксергофФП;;;;;;;
ДальГ;;;;;;;
Д'АльгеймММ;;;;;;;
Даньян-Бувере;;;;;;;
ДаугельА;;;;;;;
Дашенко;;;;;;;
ДворниковТЯ;;;;;;;
Де-Вит-МанизерСС;;;;;;;
ДевяткинСЕ;;;;;;;
ДевятовЯМ;;;;;;;
ДегазШ;;;;;;;
ДеевСС;;;;;;;
Делла-ВосОЛ;;;;;11;4;
ДенисовАК;;;;;;;
Денисов-УральскийАК;;;;;;;
ДеранА;;;;;;;
ДержавинНМ;;;;;;;
ДерюжинскийГВ;;;;;;;
ДетерсЭВ;;;;;;;
ДешинД;;;;;;;
ДженеевИА;;;;;;;
ДжилардиП;;;;;;;
ДжогинПП;;;;;;;
ДжонстонГ;;;;;;;
ДиллонМЛ;;;;;;;
ДилльЛ;;;;;;;
ДитрихЛА;;;;;;;
ДмитриевВА;;;;;;;
ДмитриевИЯ;;;;;;;
Дмитриев-КавказскийЛЕ;;;;;;;
Дмитриев-КавказскийН;;;;;;;
ДмитриевЛЕ;;;;;;;
Дмитриев-ОренбургскийНД;;;;;;;
ДмитриевС;;;;;;;
Дмитриев-ЧелябинскийИЯ;;;;;;;
ДобрижинскийВА;;;;;;;
ДобровольскийВГ;;;;;;;
ДобровольскийНФ;;;;;;;
ДобужинскийМВ;21;5;46;;;;
ДолговАА;;;;;;;
ДолговИВ;;;;;;;
ДолинВК;;;;;;;
ДомарадзкийСЭ;;;;;;;
ДоскинНВ;4;11;6;3;4;3;5
ДржевецкаяЛ;;;;;;;
ДриттенпрейсВП;;;;;;;
ДроздовИГ;;;;;;;
ДрюльВ;;;;;;;
ДубовскийНН;;;;;;;
ДубровскийАС;;;;;;;
ДудинИО;;;;;;;
ДуковичСА;;;;;;;
ДукшинскаяЭГ;;;;;;;
ДурдинБН;;;;;;;
ДурновМА;1;7;5;6;4;;2
ДыдышкоКВ;;;;;;;
Дьякова-АлексееваМН;;;;;;;
ДьяковаМН;;;;;;;
Дьяконов-МичанскийДВ;;;;;;;
ДюккерЕЭ;;;;;;;
ЕвреиновВВ;;;;;;;
ЕвсеевКИ;;;;;;;
ЕгорновАС;;;;;;;
ЕгорновСС;;;;;;;
ЕгоровАА;;;;;;;
ЕгоровЕВ;;;;;;;
ЕгоровЛЕ;;;;;;;
ЕгоровСЗ;;;;;;;
ЕдельфельдА;;;;;;;
ЕндогуровНИ;;;;;;;
ЕрмиловИ;;;;;;;
ЕрмолаевБН;;;;;;;
ЕрнефельтЕ;;;;;;;
ЕсиповДА;;;;;;;
ЕфимовИЕ;;;;;;;
ЕфимовМЯ;;;;;;;
ЕфимовНН;;;;;;;
ЖабаАК;;;;;;;
ЖабаНК;;;;;;;
ЖаравоваАА;;;;;;;
Жевакина-НикольскаяМС;;;;;;;
Жеврежеев;;;;;;;
ЖелтовскийИВ;;;;;;;
ЖижиленкоАИ;;;;;;;
ЖижиленкоГА;;;;;;;
ЖилардиРС;;;;;;;
ЖилинПФ;;;;;;;
ЖильцовИО;;;;;;;
ЖолтовскийИВ;;;;;;;
ЖувенауИ;;;;;;;
ЖудинаОД;;;;;;;
ЖудинДА;;;;;;;
ЖуковаЛА;;;;;;;
ЖуковИС;;;;;;;
ЖуковскаяМБ;;;;;;;
ЖуковскийСЮ;7;2;6;14;28;8;12
ЖупахинСГ;;;;;;;
ЖуравлевФС;;;;;;;
ЗабеллоПП;;;;;;;
ЗабоклицкийВЛ;;;;;;;
ЗаболотскийПП;;;;;;;
ЗаборовскийСА;;;;;;;
ЗавойкоСВ;;;;;;;
ЗагорскийНП;;;;;;;
ЗайднерЕ;;;;;;;
Зайднер-СаддЕ;;;;;;;
ЗайцевК;;;;;;;
ЗайцевММ;;;;;;;
ЗайцевНС;;;;4;8;6;5
ЗалеманГР;;;;;;;
ЗалесскийСИ;;;;;;;
ЗальВК;;;;;;;
ЗальцманГ;;;;;;;
ЗамирайлоВД;;1;1;;;;
Зандер-РандаловаЭЯ;;;;;;;
ЗандинМП;;;;;;;
ЗанковскийИН;;;;;;;
Запольский-ДовнарРВ;;;;;;;
ЗапорожцевВ;;;;;;;
ЗарецкийАА;;;;;;;
ЗарецкийНВ;;;;;;;
ЗарубинВИ;;;;;;;
ЗарыцкийНВ;;;;;;;
ЗарянкоСК;;;;;;;
ЗахаровА;;;;;;;
ЗахаровИИ;;;;;;;
ЗахаровФИ;;;;;;;5
ЗахгеймМО;;;;;;;
ЗверевВА;;;;;;;
ЗданевичКМ;;;;;;;
ЗедделерНН;;6;3;;;;
ЗейденбергСМ;;;;;;;
ЗеленскийММ;;;;;;;
ЗельмановаАМ;;;;;;;
ЗенковСН;;;;;;;
ЗенченкоВМ;;;;;;;
ЗеньковичНВ;;;;;;;
ЗиминГД;;;;;;;
ЗиминКН;;;;;;;
ЗиновьевА;;;;;;;
ЗиновьевПГ;;;;;;;
Зихель;;;;;;;
ЗлатовратскийАН;;;;;;;
ЗоммерКА;;;;;;;
ЗоммерРК;;;;;;;
ЗоринФТ;;;;;;;
ЗубчаниновНА;;;;;;;
ЗулмарЛН;;;;;;;
ИваницкаяЕЕ;;;;;;;
ИванкинГВ;;;;;;;
ИвановАА;;;;;;;
ИвановАЕ;;;;2;;;
ИвановаКВ;;;;;;;
ИвановБМ;;;;;;;
ИвановДГ;;;;;;;
Иванов-ЛозовскийГМ;;;;;;;
ИвановМФ;;;;;;;
ИвановНЛ;;;;;;;
ИвановПП;;;;;;;
ИвановСВ;1;2;1;;;;
ИвановСП;;;;;;;
ИвашинцеваМИ;;;;;;;
ИвковскийСК;;;;;;;
ИгнатьевМИ;;;;;;;
Иелита-ВольскийФА;;;;;;;
ИжакевичАА;;;;;;;
ИжакевичИС;;;;;;;
ИжевскаяМП;;;;;;;
ИзмайловичВМ;;;;;;;
ИзоевПФ;;;;;;;
Икар;;;;;;;
ИконниковАД;;;;;;;
ИльинЛН;;;;;;;
ИльинскийВК;;;;;;;
ИмеретинскаяОФ;;;;;;;
ИонинНА;;;;;;;
ИоффеМС;;;;;;;
ИсуповАВ;;;;14;8;3;
ЙенсенДИ;;;;;;;
Кавос-ЗаруднаяЕС;;;;;;;
КавтарадзеАК;;;;;;;
КавтарадзеКЗ;;;;;;;
КагородовАД;;;;;;;
КазаковИС;;;;;;;
КазановскаяМА;;;;;;;
КазановскийВЛ;;;;;;;
КазанцеваЕВ;;;;;;;
КазанцевВП;;;;;;;
КазенЖ;;;;;;;
КайгородовАД;;;;;;;
КакабадзеДН;;;;;;;
КалачевЕА;;;;;;;
КалашниковЕА;;;;;;;
КалмаковНК;;;;;;;
КалмыковГО;;;;;;;
КалмыковИЛ;;;;;;;
Калупов;;;;;;;
КамаровВИ;;;;;;;
КамбаровИА;;;;;;;
КаменевЛЛ;;;;;;;
КаменскийБМ;;;;;;;
КаменскийГП;;;;;;;
КаменскийПП;;;;;;;
КаменскийФМ;;;;;;;
КаменскийФФ;;;;;;;
КаменцеваЕИ;;;;4;;;
КандауровАИ;;;;;;;
КандинскийВВ;;;;;;;
КанольдтА;;;;;;;
КанцеровАГ;;;;;;;
КаплунАВ;;;;;;;
КаразинНН;;;;;;;
Каргус-СмоленскийВР;;;;;;;
КардовскийДН;;;;;;;
КаревАЕ;;;;;;;
КарелинАА;;;;;;;
Карем-ВайнштейнЕС;;;;;;;
КаринскаяА;;;;;;;
КарнеевАЕ;;;;;;;
КародоссиВ;;;;;;;
Карпинская-ГерунгЕГ;;;;;;;
Карпова-КоншевскаяЕГ;;;;;;;
КарриерГ;;;;;;;
КарцевПС;;;;;;;
КасаткинНА;;;;;;;
КасаткинНН;;;;;;;
Кастан;;;;;;;
КасцовКГ;;;;;;;
КатуркинТИ;;;;;;;
КафкаВА;;;;;;;
КашкадамоваЕН;;;;;;;
КелерКИ;;;;;;;
КелинПИ;;;;;;;
КеллерАВ;;;;;;;
КеллерИП;;;;;;;
КельхВФ;;;;;;;
КельхПИ;;;;;;;
КеммингГА;;;;;;;
КерзинМА;;;;;;;
КерковаСЛ;;;;;;;
КибальчичТВ;;;;;;;
КившенкоАД;;;;;;;
КикертК;;;;;;;
КирилловаАМ;;;;;;;
КиринарскийМА;;;;;;;
КирсановКВ;;;;;;;
КирьяцкойЕО;;;;;;;
КиселевАА;;;;;;;
Киселев-КамскийАА;;;;;;;
КиселевС;;;;;;;
КисельБА;;;;;;;
Китаева-ЦыхановскаяАВ;;;;;;;
КитаевВН;;;;;;;
КишневскийСЯ;;;;;;;
КлагесФА;;;;;;;
КлакачеваСЛ;;;;;;;
КлевезальА;;;;;;;
КлеверМ;;;;;;;
КлеверО;;;;;;;
КлеверЮЮ;;;;;;;
Клейнек;;;;;;;
КлементьевАН;;;;;;;
КлеттенбергАП;;;;;;;
КлименкоД;;;;;;;
КлименкоДВ;;;;;;;
КлодтМК;;;;;;;
КлодтМП;;;;;;;
КлодтНА;6;12;16;5;28;6;19
КлодтПК;;;;;;;
КлокачеваЕН;;;;;;;
КлоповВА;;;;;;;
КлюкКФ;;;;;;;
КлюшниковСА;;;;;;;
Кнюпфер;;;;;;;
КнязьковаВВ;;;;;;;
КовалевскийПО;;;;;;;
Ковальская-ИльинаПВ;;;;;;;
КозловВВ;;;;;;;
КозловПС;;;;;;;
Козловская;;;;;;;
КозловскаяМА;;;;;;;
КокелинФ;;;;;;;
КолесниковИО;;;;;;;
Колесова-РощинаАИ;;;;;;;
КолпаковскаяВН;;;;;;;
КолупаевДА;;;;;;;
КомароваАТ;;;;;;;
КомаровВП;;;;;;;
КомаровДВ;;;;;;;
КомашкоАМ;;;;;;;
КонашевичВМ;;;;;;;
КондерШ;;;;;;;
КондратенкоГП;;;;;;;
КондратенкоКП;;;;;;;
КондратьевВВ;;;;;;;
КоненковСТ;;;10;12;28;;
КонновАИ;;;;;;;
КоноваловаАС;;;;;;;
КоноваловВВ;;;;;;;
КонстантиноваАО;;;;;;;
КонстантиновНК;;;;;;;
КонстантинопольНК;;;;;;;
КончаловскийПП;;;;;;;
КоптевГН;;;;;;;
КореневВФ;;;;;;;
Коренев-НовороссийскийВФ;;;;;;;
КорженевскийС;;;;;;;
КорзухинАИ;;;;;;;
КоринАМ;;;;;;;
КоринсскаяА;;;;;;;
КорневВФ;;;;;;;
КорнеевФМ;;;;;;;
КорниловНВ;;;;;;;
КоробковСТ;;;;;;;
КоровинКА;5;16;12;14;31;7;16
КоровинПИ;;;;;;;
КоровинСА;;37;;;;;
КорогодовСМ;;;;;;;
КоролевАП;;;;;;;
КорсаковЮП;;;;;;;
КорсунМП;;;;;;;
КорфВН;;;;;;;
КосмаковИА;;;;;;;
КоссакВ;;;;;;;
КостандиКК;;;;;;;
КостенкоКЕ;;;;;;;
КостенкоСП;;;;;;;
КострицЛМ;;;;;;;
КотарбинскийВА;;;;;;;
КотляревскийАМ;;;;;;;
КотовГИ;;;;;;;
КохПП;;;;;;;
КоцебуАЕ;;;;;;;
КочетоваОА;;;;;;;
КошелевНА;;;;;;;
КравченкоАИ;;;;6;;;
КравченкоНИ;;;;;;;
КрамскаяСИ;;;;;;;
КрамскойИН;;;;;;;
КрандиевскаяНВ;;;;;6;;
КрапоткинаМН;;;;;;;
КрарупТФ;;;;;;;
КрасиковВА;;;;;;;
КрасковскийИЕ;;;;;;;
КраснухаСП;;;;;;;
КраснушкинаЕЗ;;;;;;;
КрасовскийНП;;;;;;;
КрачковскийИЕ;;;;;;;
КрейтанВП;;;;;;;
КремерБД;;;;;;;
КремерБС;;;;;;;
Крепер;;;;;;;
КрествоскийИВ;;;;;;;
КрестианполПИ;;;;;;;
КречининСИ;;;;;;;
КржешИИ;;;;;;;
КржыжановскийКМ;;;;;;;
КривошеинСВ;;;;;;;
Крошечкин-КрошицкийМП;;;;;;;
КругликоваЕС;;;13;;;;
КрчинскийСС;;;;;;;
КрыжицкийКЯ;;;;;;;
Крылов;;;;;;;
КрыловИИ;;;;;;;
КрымовНП;;4;8;11;45;13;20
КрюковВС;;;;;;;
КсеньеваЛ;;;;;;;
КсидиасПС;;;;;;;
КубинО;;;;;;;
КубицкийВН;;;;;;;
КувакинК;;;;;;;
КувшинниковаСП;;;;;;;
КудрявцеваВА;;;;;;;
КудрявцевАИ;;;;;;;
КудрявцевСИ;;;;;;;
КузнецовВВ;;;;;;;
КузнецовКП;;;;;;;
КузнецовНД;;;;;;;
КузнецовП;;;;;;;
КузьминаНА;;;;;;;
КуинджиАИ;;;;;;;
КулагинаСО;;;;;;;
КулешаМК;;;;;;;
КуликовИС;;;;;;;
КуммингАА;;;;;;;
КуммингГА;;;;;;;
КупринАВ;;;;;;;
КурбатовМА;;;;;;;
КуреннойАА;;;;;;;
КуриарПП;;;;;;;
КуриарьПП;;;;;;;
КуринАВ;;;;;;;
КурпатовАВ;;;;;;;
КусковАА;;;;;;;
КустодиевБМ;;6;8;;;;
КустодиевКБ;;;;;;;
КучинскийСИ;;;;;;;
КучумовВН;;;;;;;
Кюгельген;;;;;;;
КюгельхенСК;;;;;;;
КюнАМ;;;;;;;
КюфферлеПО;;;;;;;
ЛаверецкийНА;;;;;;;
ЛагардП;;;;;;;
Лагода-ШишкинаОА;;;;;;;
ЛагориоЛФ;;;;;;;
ЛадыженскийГА;;;;;;;
ЛажечниковАИ;;;;;;;
Лазарев-СтанищевСН;;;;;;;
ЛаманскаяАК;;;;;;;
ЛансгофЛЭ;;;;;;;
ЛансереЕА;;;;;;;
ЛансереЕЕ;4;7;1;;;;
ЛансереНЕ;;;;;;;
ЛанскойИИ;;;;;;;
ЛапускинИВ;;;;;;;
Лапчинский;;;;;;;
Лапшина-СоколоваВН;;;;;;;
ЛапшинГА;;;;;;;
ЛарионовМФ;;;;;;;
Лассон-СпироваЭА;;;;;;;
ЛатриМП;;;;;;;
ЛатушГ;;;;;;;
ЛатышеваА;;;;;;;
ЛаудонЕО;;;;;;;
ЛаховскийАБ;;;;;;;
ЛебедевАИ;;;;;;;
ЛебедевВВ;;;;;;;
ЛебедевКВ;;;;;;;
ЛебедевНМ;;;;;;;
ЛебланМВ;;;;;;;
ЛевандовскийВН;;;;;;;
ЛевиМБ;;;;;;;
ЛевинКП;;;;;;;
ЛевитанИИ;;;;;;;
ЛевитскийВН;;;;;;;
ЛевицкийРС;;;;;;;
ЛевкиевскийВВ;;;;;;;
ЛевотГА;;;;;;;
ЛевченкоИИ;;;;;;;
ЛевченкоПА;;;;;;;
Ле-ДантюМВ;;;;;;;
Леднев-ЩукинСЕ;;;;;;;
ЛеманЮЯ;;;;;;;
ЛемохКВ;;;;;;;
ЛенбахФ;;;;;;;
ЛенскийЗА;;;;;;;
ЛентуловАВ;;;;;;;
ЛеонгардтФ;;;;;;;
ЛеонсМН;;;;;;;
ЛепетичНН;;;;;;;
ЛермиттЛ;;;;;;;
ЛермонтоваНВ;;;;;;;
ЛесючевскийВИ;;;;;;;
ЛехтФ;;;;;;;
ЛиберихНИ;;;;;;;
ЛиберманнМ;;;;;;;
ЛибшерК;;;;;;;
ЛизакИЛ;;;;;;;
ЛиндеманАЭ;12;1;8;2;17;3;4
Липа;;;;;;;
ЛипгартЭК;;;;;;;
ЛисенерЕА;;;;;;;
ЛисицинБМ;;;;;;;
ЛисснерЭЭ;;;;;;;
ЛитвиненкоАМ;;;;;;;
ЛитвиновИИ;;;;;;;
ЛитовченкоНД;;;;;;;
Лихачева;;;;;;;
ЛихачевКА;;;;;;;
ЛищевВВ;;;;;;;
Лобанов;;;;;;;
ЛобужинскийМВ;;;;;;;
ЛоккенбергВА;;;2;;;;
ЛоренцНЕ;;;;;;;
ЛоренцНФ;;;;;;;
ЛосеваВИ;;;;;;;
ЛосевНД;;;;;;;
Луговская-ДягилеваТА;;3;3;;;;
ЛузановСЭ;;;;;;;
ЛукичЖА;;;;;;;
ЛукомскийГК;;;5;;;;
Лукш-МаковскаяЕ;;;;;;;
ЛупановАР;;;;;;;
ЛучшевСЯ;;;;;;;
ЛыпиловКМ;;;;;;;
ЛысенкоАВ;;;;3;16;2;10
ЛысенкоКА;;;;;;;
ЛысовЯИ;;;;;;;
ЛьвовИА;;;;;;;
ЛьвовПИ;;;;;;;
ЛюбавинаН;;;;;;;
ЛякинТП;;;;;;;
ЛяликоваЕИ;;;;;;;
ЛясковскаяОА;;;;;;;
МагдесианЭЯ;;;;;;;
МадейскийАБ;;;;;;;
МазуровскийВВ;;;;;;;
МайейргаймП;;;;;;;
МайковНА;;;;;;;
МаймонМЛ;;;;;;;
МакаревскийАД;;;;;;;
МакароваНД;;;;;;;
МакаровИК;;;;;;;
Мак-НейлУД;;;;;;;
МакоАЭ;;;;;;;
МаковскаяАЕ;;;;;;;
МаковскийАВ;;;;;;;
МаковскийВЕ;;;;;;;
МаковскийКГ;;;;;;;
МаковскийКЕ;;;;;;;
МаковскийНЕ;;;;;;;
Маковский-ПогорельскийЯК;;;;;;;
МаксГ;;;;;;;
МаксимовАО;;;;;;;
МаксимовВМ;;;;;;;
МаксимовМВ;;;;;;;
МалаховскаяМА;;;;;;;
Малеваная-ЗарыцкаяИА;;;;;;;
МалевичКС;;;;;;;
МалешевскаяЕМ;;;;;;;
МалининИС;;;;;;;
МалышевВК;;;;;;;
МалышевЕИ;;;;;;;
МалышевМГ;;;;;;;
МалышевМЕ;;;;;;;
МалышевНТ;;;;;;;
МалютинСВ;21;4;12;21;9;3;3
МалявинФА;2;;;;;;26
МамонтовМА;4;2;4;;;;6
МамонтовСС;;;;;6;;
МанасеинаТВ;;;;;;;
МанганариАВ;;;;;2;1;
МанизерГМ;;;;;;;
МаныламММ;;;;;;;
МардеросовЛИ;;;;;;;
МаринаЗВ;;;;;;;
МаркеловСП;;;;;;;
МаркичевМА;;;;;;;
МарковАА;;;;;;;
МарковБН;;;;;;;
МартынА;;;;;;;
МартыновА;;;;;;;
МартыноваЕН;;;;;;;
МартыновДН;;;;;;;
МартыновичАС;;;;;;;
МаслениковНЕ;;;;;;;
МасютинВН;;;;15;35;2;4
МатвеевАТ;;;;;;;
МатвеевМА;;;;;;;
МатвеевНС;;;;;;;
МатвеевСА;;;;;;;
МатвейВИ;;;;;;;
МатэВВ;;;;;;;
МатюшинМВ;;;;;;;
МаурицдеВламик;;;;;;;
МацкевичИИ;;;;;;;
МашарГ;;;;;;;
Машинский;;;;;;;
МашковВН;;;;;;;
МашковИ;;;;;;;
МаяковскийВВ;;;;;;;
МедемПР;;;;;;;
Мейердал;;;;;;;
МейзейМО;;;;;;;
МейзеМО;;;;;;;
МейстерЛ;;;;;;;
МенарР;;;;;;;
МенделевичИА;;;;;;;
МензгаузенЕФ;;;;;;;
МенкВК;;;;;;;
МенсгаузенЕФ;;;;;;;
Мери;;;;;;;
МертенЕП;;;;;;;
МесниковКИ;;;;;;;
МетловаАА;;;;;;;
МещеринНВ;6;10;3;;;1;
МещерскийАИ;;;;;;;
МизернюкМЯ;;;;;;;
МикешинаТЛ;;;;;;;
МикешинСМ;;;;;;;
МикулиА;;;;;;;
МилевскийИР;;;;;;;
МилиотиНД;;;;;;;
МиллерЕВ;;;;;;;
МиллерЭА;;;;;;;
МилорадовичСД;;;;;;;
МилославинФА;;;;;;;
МильманА;;;;;;;
МилютиНД;;3;2;;;;
Минасианц;;;;;;;
МинченковЯД;;;;;;;
МироновичПН;;;;;;;
МиссАВ;;;;;;;
МитрохинДИ;;;12;;;;
МитяевПН;;;;;;;
МихайловаКИ;;;;;;;
МихайловаОП;;;;;;;
МихайловИИ;;;;;;;
МихайловИТ;;;;;;;
МихайловММ;;;;;;;
МихайловПН;;;;;;;
МихайловскаяНВ;;;;;;;
МихайловскийАН;;;;;;;
МихальцеваЕП;;;;;;;
МихеевМИ;;;;;;;
МишеваЕИ;;;;;;;
МогилевскийАП;;;;;;;
МодоровФА;;;;;;;
МокиевскаяМИ;;;;;;;
МоласНП;;;;;;;
МоллерФА;;;;;;;
МоллотТА;;;;;;;
МоловМВ;;;;;;;
МоловМЦ;;;;;;;
МолявкинИВ;;;;;;;
МоравовАВ;;;;;;;
МоргуновАА;;;;;;;
МордасевичКЛ;;;;;;;
МордовинВИ;;;;;;;
МоревНН;;;;;;;
МорицФЭ;;;;;;;
МоровавовАВ;;;;;;;
МороГ;;;;;;;
МорозовАИ;;;;;;;
МороЛА;;;;;;;
МоскаленкоАН;;;;;;;
МоскаленкоПД;;;;;;;
МостоваЗЯ;;;;;;;
Мошков;;;;;;;
МудролюбовПВ;;;;;;;
МузалевскийБМ;;;;;;;
Мультановский;;;;;;;
МультановскийЮТ;;;;;;;
МунтергельмМ;;;;;;;
МуравьевВЛ;;;;;;;
МуратовАД;;;;;;;
МуратовБерндтеон;;;;;;;
МуратовМД;;;;;;;
МурашкоАА;;;;3;;2;
МуромцевФА;;;;;;;
Мусин-ПушкинНС;;;;;;;
МусселиусМВ;;;;;;;
МууккаЭ;;;;;;;
МышковВН;;;;;;;
Мюнтер;;;;;;;
МясоедовГГ;;;;;;;
НавозовВП;;;;;;;
НагубниковСА;;;;;;;
НаикольскийНН;;;;;;;
НайдеровИВ;;;;;;;
НаленчВИ;;;;;;;
Налепинская;;;;;;;
НапиерскаяБВ;;;;;;;
НарбутГИ;;;2;;;;
НаседкинСН;;;;;;;
НатальинаОН;;;;;;;
НаумовАА;;;;;;;
НаумовПС;;;;;;;
НащекинД;;;;;;;
НеведовичЕЮ;;;;;;;
НеведомыйИ;;;;;;;
НевинскийАИ;;;;;;;
НевревНВ;;;;;;;
НевядомскийА;;;;;;;
НедлерСГ;;;;;;;
НедовичЕЮ;;;;;;;
НедокучаеваОН;;;;;;;
НекулинАО;;;;;;;
НеленчВИ;;;;;;;
НерадовскийПИ;;;;;;;
НестеровГД;;;;;;;
НестеровМВ;;;;;;;
НестеровФП;;;;;;;
НефТА;;;;;;;
НечаевАМ;;;;;;;
НечаевМА;;;;;;;
НечитайловВН;;;;;;;
НиканоровСГ;;;;;;;
НикитинВА;;;;;;;
НикитинВП;;;;;;;
НикитинНН;;;;;;;
НикитинСА;;;;;;;
НикифоровСГ;;;;;;;
НиколаевНН;;;;;;;
НикольскийНС;;;;;;;
НиконовИФ;;;;;;;
НикулинАО;;;;;;;
НилендерКГ;;;;;;;
НилусПА;;;;;;;
НифтрикГЯ;;;;;;;
НоаковскийСВ;;;;;;;
НовиковАГ;;;;;;;
НовиковаЕН;;;;;;;
НовиковМН;;;;;;;
Новинский;;;;;;;
НоводворскаяВД;;;;;;;
НовоселовВТ;;;;;;;
НовоскольцевАН;;;;;;;
НозиковаЕН;;;;;;;
Ностиц-ЯцковскаяМФ;;;;;;;
Нысцушко-БуйницкийРИ;;;;;;;
НюнинИЕ;;;;;;;
ОберАЛ;;;;;;;
ОвсянниковВП;;;;;;;
ОвсянниковЛФ;;;;;;;
ОвсянниковСО;;;;;;;
ОвчинниковНХ;;;;;;;
ОколовичНА;;;;;;;
О'КоннелРР;;;;;;;
ОкроянцДГ;;;;;;;
ОленинаВА;;;;;;;
ОлсуфьеваСВ;;;;;;;
ОльгинаО;;;;;;;
ОлькойнЭА;;;;;;;
ОнуфриеваНВ;;;;;;;
ОреховВП;;;;;;;
ОрловАГ;;;;;;;
ОрловНВ;;;;4;2;;
ОрловскийВД;;;;;;;
ОсоргинаАК;;;;;;;
ОстроменцкийАА;;;;;;;
Остроумова-ЛебедеваАП;23;7;19;;;;
ОстроуховИС;2;;;;;;
ОтмарВО;;;;;;;
ПавлиновАС;;;;;;;
ПавлиновПЯ;;;;;;;
ПавловАИ;;;;;;;
ПавловВП;;;;;;;
ПавловИН;;;;;;;
ПавловПН;;;;;;;
ПавловСА;;;;;;;
ПавлюченкоГЕ;;;;;;;
ПадуровАА;;;;;;;
Пазетти;;;;;;;
ПалаткоДМ;;;;;;;
ПаленМИ;;;;;;;
ПаленНК;;;;;;;
ПалинМИ;;;;;;;
Палшков;;;;;;;
ПальгуновА;;;;;;;
ПанеНН;;;;;;;
ПанеНП;;;;;;;
ПанинМН;;;;;;;
ПанкульИП;;;;;;;
ПановНЗ;;;;;;;
Паприц;;;;;;;
ПарландАА;;;;;;;
ПассИА;;;;;;;
ПастернакЛО;13;18;41;22;45;6;15
ПаульсонАВ;;;;;;;
ПашкевичЖА;;;;;;;
ПашковГФ;;;;;;;
ПащенкоВМ;;;;;;;
ПедашенкоМИ;;;;;;;
ПелевинИА;;;;;;;
ПемеллерАА;;;;;;;
ПеньковскийИЛ;;;;;;;
ПервухинКК;4;2;1;10;11;5;8
ПереплетчиковВВ;7;11;17;16;42;7;15
ПерминовВТ;;;;;;;
ПеровВГ;;;;;;;
ПершинАС;;;;;;;
ПестинскийБ;;;;;;;
ПетерсАФ;;;;;;;
ПетренкоАГ;;;;;;;
ПетрижицкаяМК;;;;;;;
Петров-ВодкинКС;;;6;;;;
ПетровичевПИ;6;8;6;32;66;18;28
ПетровНФ;;4;;;5;;1
ПетровСИ;;;;7;19;6;4
ПетровскийИВ;;;;;;;
ПечатинВА;;;;;;;
ПименовНС;;;;;;;
ПимоненкоНК;;;;;;;
ПиотровичСК;;;;;;;
ПироговНВ;;;;;;;
ПиросманашвилиН;;;;;;;
ПисаховСГ;;;;;;;
ПисемскийАА;;;;;;;
ПищалкинАА;;;;;;;
ПищалкинЛФ;;;;;;;
ПлатоновХП;;;;;;;
ПлатуновМ;;;;;;;
ПлачекМН;;;;;;;
ПлевакоНА;;;;;;;
ПлетневЛА;;;;;;;
ПлешаковВС;;;;;;;
ПлешановПФ;;;;;;;
ПлещинскийИН;;;;;;;
ПлигинАП;;;;;;;
ПлискоАЯ;;;;;;;
ПлотниковВА;;;;;;;
ПогосскаяСА;;;;;;;
ПодвысоцкийМВ;;;;;;;
ПодозеровИИ;;;;;;;
ПодосеновПВ;;;;;;;
ПодтыканыйА;;;;;;;
ПодушкоЭГ;;;;;;;
ПожалостинИП;;;;;;;
ПожарскийВИ;;;;;;;
ПожарскийСМ;;;;;;;
ПозенМВ;;;;;;;
ПокаржевскийПД;;;;;;;
ПоленоваЕД;;;;;;;
ПоленовВД;;;;;;;
ПоловинкинВП;;;;4;;;
ПолонскаяЖА;;;;;;;
ПолунинВЯ;;;;;;;
ПольРобер;;;;;;;
ПоляковЕИ;;;;;;;
ПоляковИИ;;;;;;;
ПоляковНП;;;;;;;
ПоляковПИ;;;;;;;
ПомеранцевММ;;;;;;;
ПоперечныйНМ;;;;;;;
ПопковИГ;;;;;;;
ПоповАА;;;;;;;
ПоповаЛС;;;;;;;
ПоповАН;;;;;;;
Попова-ТимореваЮА;;;;;;;
ПоповВН;;;;;;;
ПоповЛВ;;;;;;;
ПоповМП;;;;;;;
ПоповНЯ;;;;;;;
Порай-КошицБВ;;;;;;;
ПороховниковПИ;;;;;;;
ПорфировИФ;;;;;;;
ПосполитакиЕИ;;;;;;;
ПостниковСП;;;;;;;
ПотаповМА;;;;;;;
ПотипакаП;;;;;;;
ПраведниковЕИ;;;;;;;
ПрадоА;;;;;;;
ПраховаАЯ;;;;;;;
ПремацциЛО;;;;;;;
ПриселковСВ;;;;;;;
ПрозоркевичВМ;;;;;;;
ПрокофьевАМ;;;;;;;
ПрокофьевДД;;;;;;;
ПроскурнинИМ;;;;;;;
Протейкинский;;;;;;;
ПротопоповНА;;;;;;;
ПрянишниковИМ;;;;;;;
ПрянишниковИП;;;;;;;
ПсковитиновЕК;;;;;;;
ПузыревскийПИ;;;;;;;
ПуниИ;;;;;;;
ПурвитВЕ;;;;;;;
ПуцБА;;;;;;;
ПчелинВН;;;;;;;
ПыневК;;;;;;;
ПыринМС;;;;3;20;6;10
ПэнЮМ;;;;;;;
Пювис-де-Шаванн;;;;;;;
ПясковскийВН;;;;;;;
ПястушкевичКО;;;;;;;
РабиновичГИ;;;;;1;;
РадимовПА;;;;;;;
РадинВН;;;;;;;
Радлов;;;;;;;
РаевскийАД;;;;;;;
РаевЮА;;;;;;;
РазмарицинАП;;;;;;;
РазниченкоФП;;;;;;;
Разумный;;;;;;;
РазумовскаяАИ;;;;;;;
РазчубкинАН;;;;;;;
РайлянфР;;;;;;;
РайноваСК;;;;;;;
РассадинАА;;;;;;;
Ратынова-РожковаМФ;;;;;;;
РауловИ;;;;;;;
Раушь-фон-ТраубенбергКК;;;;;;;
РаффаэллиИ;;;;;;;
РацульАП;;;;;;;
РашевскийИГ;;;;;;;
РевенскийЕН;;;;;;;
РедковскийАА;;;;;;;
РедлихГС;;;;;;;
РезановВМ;;;;;;;
РезниковМВ;;;;;;;
РеймерсИИ;;;;;;;
Рейнгольдтфон-Моллер;;;;;;;
РейтернЕП;;;;;;;
РейхардтЕИ;;;;;;;
Ремер;;;;;;;
РендичИ;;;;;;;
РепинаВИ;;;;;;;
РепинИЕ;;;;;;;
РепинЮИ;;;;;;;
РерихНК;;;68;;;;
РжевскаяАЛ;;;;;;;
РивьерГ;;;;;;;
РизниченкоФП;;;;;;;
РицониАА;;;;;;;
РицониЕП;;;;;;;
Ришомм;;;;;;;
РоговАП;;;;;;;
РоговинНЕ;;;;;;;
РождественскийВВ;;;;;;;
РозановаОВ;;;;;;;
РозановНВ;;;;;;;
РозенГВ;;;;;;;
РозенИВ;;;;;;;
РозенИС;;;;;;;
РозентальЯМ;;;;;;;
РозенЯС;;;;;;;
РозинскийГН;;;;;;;
РокачевскийАЕ;;;;;;;
РомановичСМ;;;;;;;
Романовский-РоманьковичАС;;;;;;;
РоммАГ;;;;;;;
РоотНФ;;;;;;;
РостворовскийСР;;;;;;;
РостиславовАА;;;;;;;
РошА;;;;;;;
РощубкинА;;;;;;;
РубоФА;;;;;;;
РубцовАА;;;;;;;
РудаковКИ;;;;;;;
РудольфЭрбслох;;;;;;;
РужниковНП;;;;;;;
Рульс;;;;;;;
Рундальцев;;;;;;;
РундальцевЛВ;;;;;;;
РундальцовМВ;;;;;;;
РусаковАИ;;;;;;;
Рушевская;;;;;;;
РущицФЭ;;;;;;;
РыбаковИГ;;;;;;;
РыловАА;;3;4;2;14;;2
РындзюнскаяМД;;;;;2;;
РындинаН;;;;;;;
РыпинЮИ;;1;2;;14;;
РюссР;;;;;;;
РябининНН;;;;;;;
РябушинскийСП;;;;;;;
РябушкинАП;;;;28;;;
СабоНН;;;;;;;
СавеловПК;;;;;;;
СавинковВВ;;;;;;;
СавинскийВЕ;;;;;;;
СавицкийГК;;;;;;;
СавицкийКА;;;;;;;
СаврасовАК;;;;;;;
СагайдачныйЕЯ;;;;;;;
СаддИИ;;;;;;;
СаксенКФ;;;;;;;
СаксНЭ;;;;;;;
СалаПО;;;;;;;
СалтыковМД;;;;;;;
СальмонЭФ;;;;;;;
СамойловаАМ;;;;;;;
СамойловаВА;;;;;;;
СамойловПВ;;;;;;;
СамокишНС;;;;;;;
СамуйльсонЕФ;;;;;;;
СапуновНН;;6;2;;1;;
СарьянМС;;;;;;;
СаскоМА;;;;;;;
СафоновАП;;;;;;;
СахаровАА;;;;;;;
СванИ;;;;;;;
СварогВС;;;;;;;
СведомскийПА;;;;;;;
СверчковНЕ;;;;;;;
СветлицкийГП;;;;;;;
СвецаС;;;;;;;
СвиридовБП;;;;;;;
СвятославскийСИ;;;;;;;
СевастьяновСА;;;;;;;
СеверинИ;;;;;;;
СеверовММ;;;;;;;
СедловАФ;;;;;;;
СедовГС;;;;;;;
СейтгофПС;;;;;;;
СелезневИФ;;;;;;;
СеливачеваЕС;;;;;;;
СеменоваАЕ;;;;;;;
СеменовАН;;;;;;;
Семенова-Тянь-ШанскаяВД;;;;;;;
СемизороваГФ;;;;;;;
СемирадскийГО;;;;;;;
СергеевНА;;;;;;;
СергеевНС;;;;;;;
СеребряковаВ;;;;;;;
СеребряковаЗЕ;;;;;;;
СерегинПИ;;;;;;;
СеровВ;;;;;;;
СестрженцевичСС;;;;;;;
СигнакП;;;;;;;
СиливановичНП;;;;;;;
СиливановичНЮ;;;;;;;
СимовВА;;;;;;;
СимонЛ;;;;;;;
СиндинкО;;;;;;;
Синоди-ПоповДМ;;;;;;;
СиняверММ;;;;;;;
СиренкоКГ;;;;;;;
СиферсПЕ;;;;;;;
Скадовский;;;;;;;
СкалонАВ;;;;;;;
СкворцевЯА;;;;;;;
СкворцоваЮИ;;;;;;;
СкворцовЯА;;;;;;;
СкиргеллоАБ;;;;;;;
СкиргеллоББ;;;;;;;
СкляровПА;;;;;;;
СкорняковХН;;;;;;;
СкосаревскаяНП;;;;;;;
СкуйеИА;;;;;;;
СластионовАГ;;;;;;;
СлепянМГ;;;;;;;
Слободянюк-ПодолянСИ;;;;;;;
СловцовАМ;;;;;;;
СлыпянМГ;;;;;;;
СмеловПА;;;;;;;
Смирнова-ИвановаЕА;;;;;;;
СмирновВС;;;;;;;
СмирновНА;;;;;;;
СмотрицкийПФ;;;;;;;
СмукровичПИ;;;;;;;
СнигиревскийАВ;;;;;;;
СоколовАП;;;;;;;
СоколовВИ;;;;;;;
СоколовВП;;;;;;;
СоколовК;;;;;;;
Соколов-ОльховскийИО;;;;;;;
СоколовскийЭК;;;;;;;
СолнцеваГ;;;;;;;
СоловьеваНП;;;;;;;
СологубЛГ;;;;;;;
СоломахаВМ;;;;;;;
СоломкоСС;;;;;;;
СоломонА;;;;;;;
СоломоновМИ;;;;;;;
СолунКИ;;;;;;;
Сомова-ЗельдерАП;;;;;;;
Сомова-МихайловаА;;;1;;;;
СомовК;21;14;4;;;;
СомовКА;;;;;;;
Сорин;;;;;;;
СосионковАВ;;;;;;;
СотниковЕМ;;;;;;;
СофроноваАФ;;;;;;;
СпандиковЭК;;;;;;;
СпасскийВВ;;;;;;;
СпесивцевПН;;;;;;;
СрединАВ;;6;6;5;14;4;11
СтабровскийКА;;;;;;;
СтадницкийПГ;;;;;;;
СтанкевичЮА;;;;;;;
СтаркАА;;;;;;;
СтароносовП;;;;;;;
Стахеева-КашкадамоваЕ;;;;;;;
СтеллецкийДС;;5;8;4;;;
СтепановаВН;;;;;;;
СтепановАН;;;;;;;
СтепановАС;4;3;6;8;16;3;8
СтепановичКП;;;;;;;
СтепановКП;;;;;;;
СтеценкоАВ;;;;;;;
СтигельР;;;;;;;
СтилианудиАН;;;;;;;
СтолицаЕИ;;;;;;;
СтоляровКД;;;;;;;
СтоляровНД;;;;;;;
СторожевскийН;;;;;;;
СтраховскийВК;;;;;;;
СтрашинскийЛ;;;;;;;
СтребловИБ;;;;;;;
СтрелковскийАИ;;;;;;;
Стрельникова;;;;;;;
СтрубинскийВИ;;;;;;;
СтрукГН;;;;;;;
СтрунниковНИ;;;;;;;
СубботинПИ;;;;;;;
СудейкинСЮ;1;14;;;;;
Судковская-СамокишЕП;;;;;;;
СудковскийМС;;;;;;;
СудковскийРГ;;;;;;;
СудьбининСН;;;6;;3;;
СумароковПС;;;;;;;
СуреньянцВЯ;;;;;;;
СуриковВИ;;3;44;2;16;4;
СусловВВ;;;;;;;
СусловИА;;;;;;;
СуходольскийПА;;;;;;;
СухоровскийМГ;;;;;;;
Сырнев;;;;;;;
СыровВА;6;3;10;;;;
СычковФВ;;;;;;;
ТаккеБА;;;;;;;
ТалепоровскийВН;;;;;;;
ТамановАИ;;;;;;;
ТамбиВН;;;;;;;
ТарховКД;;;;;;;
ТарховНА;10;12;8;;;;
ТатевосянцЕМ;;;;1;;;
ТатлинЕВ;;;;;;;
Таубе;;;;;;;
ТаулоуФ;;;;;;;
ТвердаяЕМ;;;;;;;
ТворожниковИИ;;;;;;;
ТерпиловскаяТН;;;;;;;
ТерпсихоровНБ;;;;;;;
ТеснерАА;;;;;;;
ТеснерГГ;;;;;;;
ТидекеАЭ;;;;;;;
ТиевскийК;;;;;;;
Тизенгаузен;;;;;;;
ТильбергРХ;;;;;;;
ТимашевАЕ;;;;;;;
Тиморев;;;;;;;
ТимофеевВС;;;;;;;
ТимофеевВТ;;;;;;;
ТимофеевГ;;;;;;;
ТимусАК;;;;;;;
ТихмироваЕН;;;;;;;
Тихова-ФинкельштейнМЛ;;;;;;;
ТиховВГ;;;;;;;
ТихомировИВ;;;;;;;
ТишинВЯ;;;;;;;
ТищенкоН;;;;;;;
ТкаченкоВИ;;;;;;;
ТкаченкоМС;;;;;;;
ТовастшернаКА;;;;;;;
ТолстаяСИ;;;;;;;
ТомашевичБТ;;;;;;;
ТомбаК;;;;;;;
ТомовФИ;;;;;;;
ТопаловаОС;;;;;;;
Топелиус-КиселеваЕК;;;;4;7;;2
ТоппелиусВФ;;;;;;;
ТраилинСА;;;;;;;
ТрамбицкийАЕ;;;;;;;
ТраунбергВИ;;;;;;;
Трембач;;;;;;;
ТретьяковаОН;;;;;;;
ТрифоновИТ;;;;;;;
ТрифоновПВ;;;;;;;
ТроновВА;;;;;;;
ТроупянскийЯА;;;;;;;
ТрофименкоНА;;;;;;;
ТрояновскийВ;;;;;;;
ТрояновскийОИ;;;;;;;
ТрубецкаяОН;;;;;;;
ТрубецкойП;4;;2;1;;;
ТружанскийЛВ;;;;26;;;
ТрутневИП;;;;;;;
ТрутовскийКА;;;;;;;
ТулуповСИ;;;;;;;
ТупицынБИ;;;;;;;
ТуржанскийЛВ;6;7;8;;65;14;36
ТурлыгинЯП;;;;;;;
ТурченкоЛГ;;;;;;;
ТхоржевскаяТИ;;;;;;;
ТычинкинММ;;;;;;;
ТюринИА;;;;;;;
УваровНМ;;;;;;;
УводскаяЕВ;;;;;;;
УдальцеваНА;;;;;;;
УконинНА;;;;;;;
УлинАА;;;;;;;
УльнинИЕ;;;;;;;
УльяновНП;;;;4;;;
УрлаубЕФ;;;;;;;
УрлаубЛЯ;;;;;;;
УткинП;;;;8;;;
УхановаАВ;;;;;;;
УхтомскийСА;;;;;2;;
Ушаков-ПоскочинМВ;;;;;;;
УшинАА;;;;;;;
ФалилеевВД;;;1;;;;
ФаллизАГ;;;;;;;
ФалькРР;;;;;;;
ФеглерИГ;;;;;;;
ФеддерсЮИ;;;;;;;
ФедороваМА;;;;;;;
ФедоровЕВ;;;;;;;
ФедоровИК;;;;;;;
ФедоровИП;;;;;;;
ФедоровичВН;;;;;;;
ФёдоровМС;;;;;;;
ФедотовИ;;;;;;;
ФельдманКА;;;;;;;
ФельтенВФ;;;;;;;
ФендикВК;;;;;;;
ФеофилактовНП;;1;6;;;;
Фетваджиан;;;;;;;
Фибих;;;;;;;
ФилиповКН;;;;;;;
Филонов;;;;;;;
ФильковичКИ;;;;;;;
ФинкельштейнВЯ;;;;;;;
ФлавицкийКД;;;;;;;
ФовелинАИ;;;;;;;
ФогельБА;;;;;;;
Фоглер;;;;;;;
ФокинНМ;;;;;;;
ФоминИА;;;9;;;;
Фон БокАР;;;;;;;
Фон ВистингаузенАА;;;;;;;
Фон-Визен;;;;;;;
Фонтано;;;;;;;
Форен;;;;;;;
ФорселлесА;;;;;;;
ФранкГ;;;;;;;
ФредерикЛ;;;;;;;
Фрейвирт-ЛютцовОО;;;;;;;
ФренцРР;;;;;;;
ФренцРФ;;;;;;;
ФроловАА;;;;;;;
ФроловАП;;;;;;;
ФроловВА;;;;;;;
ФроловДП;;;;;;;
ФроловскийП;;;;;;;
ХалявинНФ;;;;;;;
ХаритоновНВ;;;;;;;
ХарламовАА;;;;;;;
ХарламовМЕ;;;;;;;
ХарламовМЯ;;;;;;;
ХарламповичАА;;;;;;;
ХижинскийЛС;;;;;;;
ХимонаНП;;;;;;;
ХлудовНГ;;;;;;;
ХныгинЛА;;;;;;;
ХолодовскийМИ;;;;;;;
ХолявинНО;;;;;;;
ХохряковНН;;;;;;;
ХрамцовНА;;;;;;;
ХреновАС;;;;;;;
ХрусловЕМ;;;;;;;
ХрусталевАИ;;;;;;;
ХрусталевВЯ;;;;;;;
ХрустачевНИ;;;;;;;
ХудояровВП;;;;;;;
Хутари;;;;;;;
Царевская-НаумоваВК;;;;;;;
ЦветковБИ;;;;;;;
ЦейдлерВП;;;;;;;
ЦейдлерКФ;;;;;;;
ЦейдлерНА;;;;;;;
ЦелинскийСО;;;;;;;
ЦионглинскийИФ;;;;;;;
ЦионглинскийЯФ;5;21;27;;;;
ЦириготтиНГ;;;;;;;
Цурмюлен;;;;;;;
ЦыхановскийММ;;;;;;;
ЧагинФИ;;;;;;;
ЧайковскаяОВ;;;;;;;
ЧахровЯА;;;;;;;
Чемберс-БилибинаМЯ;;;7;;;;
ЧепцовСМ;;;;;;;
ЧереповАВ;;;;;;;
ЧеркасовПА;;;;;;;
ЧеркасскийАМ;;;;;;;
Черневская-ШульцЕД;;;;;;;
ЧерновВ;;;;;;;
ЧерновНН;;;;;;;
Чернов-ПлесскийЛМ;;;;;;;
ЧернышевТП;;;;;;;
ЧерчоповА;;;;;;;
ЧесноковПВ;;;;;;;
ЧехонинСВ;;;;;;;
ЧижеваМИ;;;;;;;
ЧижовМА;;;;;;;
ЧикалинаМН;;;;;;;
ЧириковАИ;;;;;;;
ЧиркаФА;;;;;;;
ЧиркинАД;;;;;;;
ЧистосердовВ;;;;;;;
ЧистяковПП;;;;;;;
ЧичелевНИ;;;;;;;
ЧугуновАИ;;;;;;;
ЧуевЗХ;;;;;;;
ЧуйкоМС;;;;;;;
ЧумаковФП;;;;;;;
ЧупятовЛТ;;;;;;;
ЧурлянисНК;;;2;;;;
ШабунинНА;;;;;;;
ШагалИ;;;;;;;
ШалагиноваЕГ;;;;;;;
ШамраевВП;;;;;;;
ШамшинПМ;;;;;;;
ШанксЭЯ;;;;;;;
ШаньковскийБГ;;;;;;;
ШапошниковаЕМ;;;;;;;
ШараповДФ;;;;;;;
ШариковНД;;;;;;;
ШарлеманьАИ;;;;;;;
ШарлеманьОА;;;;;;;
ШатиловНИ;;;;;;;
ШафранМЛ;;;;;;;
ШаховскаяМА;;;;;;;
ШаховскойНП;;;;;;;
ШваревМС;;;;;;;
ШебекоЕИ;;;;;;;
ШевченкоАВ;;;;;;;
ШелинговскийПА;;;;;;;
ШелковыйСТ;;;;;;;
ШельлхаутЛ;;;;;;;
ШемякинМФ;;;;;;;
ШендеревАС;;;;;;;
ШербиновскийДА;;;;;;;
ШервашидзеАК;;;22;;;;
ШервудЛВ;;;;;;;
ШервудСЛ;;;;;;;
ШереметевВВ;;;;;;;
ШестеркинМИ;;;;;;;
ШестопаловНИ;;;;;;;
ШибановАГ;;;;;;;
ШильдерАН;;;;;;;
ШильцовПС;;;;;;;
ШиповПД;;;;;;;
ШитиковВД;;;;;;;
ШишкинИИ;;;;;;;
ШишковМА;;;;;;;
ШкляревичКК;;;;;;;
ШкольникИС;;;;;;;
ШлейнНП;;;;;;;
ШлейферНГ;;;;;;;
ШлейфертЦЯ;;;;;;;
ШлуглейтИМ;;;;;;;
ШляковВД;;;;;;;
ШмаковНН;;;;;;;
ШмаровПД;;;;;;;
ШмидтЕГ;;;;;;;
ШолпоЕА;;;;;;;
ШостаченкоАА;;;;;;;
ШохинАН;;;;;;;
ШохинДМ;;;;;;;
ШперерЭФ;;;;;;;
ШредерИН;;;;;;;
ШрейберВП;;;;;;;
ШрейберПП;;;;;;;
ШренкГА;;;;;;;
ШретерМВ;;;;;;;
ШтейнманЛХ;;;;;;;
ШтемберВК;;;;;;;
ШтрасерВБ;;;;;;;
ШтурманАИ;;;;;;;
ШтюрцвагеЯ;;;;;;;
ШульманСБ;;;;;;;
Шульц-БертрамП;;;;;;;
ШульцБН;;;;;;;
ШульцВМ;;;;;;;
ШульцеАГ;;;;;;;
ШурыгинАА;;;;;;;
ШухаеваЕН;;;;;;;
ШухаевВИ;;;;;;;
ЩанкинВН;;;;;;;
ЩербаковВС;;;;;;;
ЩербатовС;;;;;;;
ЩербиновскийДА;;;;;;;
ЩербовПЕ;;4;;5;5;5;1
ЩеткинНП;;;;;;;
ЩукинПЕ;;;;;;;
ЩукоВА;;;2;;;;
ЩусевАВ;;;8;1;;;
ЭберлингАР;;;;;;;
Эборович-ЗалысскаяЕ;;;;;;;
ЭгизБИ;;;;;;;
ЭдвардсБВ;;;;;;;
ЭдельфельдтАА;;;;;;;
ЭдуардсБВ;;;;;;;
ЭйгесВР;;;;;;;
Эйзгаузен;;;;;;;
ЭйсенгардтИС;;;;;;;
ЭйсмондФИ;;;;;;;
ЭйсснерАП;;;;;;;
ЭкгорстВЕ;;;;;;;
ЭкгорстьВЕ;;;;;;;
ЭкстерАА;;;;;;;
ЭлертНЛ;;;;;;;
Эльпе;;;;;;;
ЭмерикАГ;;;;;;;
ЭммеВВ;;;;;;;
ЭндауроваЛМ;;;;;;;
ЭнкельМ;;;;;;;
ЭрихсонЛР;;;;;;;
Эрнефельд;;;;;;;
Эрро-Раута;;;;;;;
ЭскинСС;;;;;;;
ЭссенБН;;;;;;;
ЭтлингерМВ;;;;;;;
ЭшкишевичВ;;;;;;;
ЭшлиманВК;;;;;;;
ЮдинСП;;;;;;;
Юнгблют;;;;;;;
ЮнгеЕФ;;;;;;;
Юнкер-КрамскаяСИ;;;;;;;
ЮнонКФ;8;9;16;13;36;10;25
Юргенсон-СнигереваАП;;;;;;;
ЯблочкинВА;;;;;;;
ЯвленскийАА;;;;;;;
ЯкобиВИ;;;;;;;
ЯкобиСП;;;;;;;
ЯковлевАЕ;;;;;;;
Яковлева-ШапоринаЛВ;;;;;;;
ЯковлевВИ;;;;;;;
ЯковлевГГ;;;;;;;
ЯковлевМН;;;2;11;28;;4
ЯкуловГБ;;;;;;;
ЯкунчиковаМ;;;;;;;
ЯнковМД;;;;;;;
ЯновАС;;;;;;;
ЯновскийЛВ;;;;;;;
ЯремичСП;1;;17;;;;
ЯрошенкоНА;;;;;;;
Яругский-ЭругаЯМ;;;;;;;
ЯрцевГФ;;;;;;;
ЯсинскийАА;;;;4;4;4;4
ЯсинскийИИ;;;;;;;
ЯстребцовНП;;;;;;;
ЯстржембскийАС;;;;;;;
ЯцимирскаяО;;;;;;;
ЯцуньскийБ;;;;;;;
