name;1899;1911;1912;1913
Allonge;;;;
Ferrari;;;;
LeFauconnier;;;;
PelicierG;;;;
Pomma;;;;
Raymondi;;;;
WoizyC;;;;
АбрамовАИ;;;;
АбриЛ;;;;
АвеншепсГ;;;;
АветисьянГА;;;;
АвиловМИ;;;;
АгафоновЕА;;;;
АдамсонАИ;;;;
АдтКФ;;;;
АйвазовскийИК;;;;
АкимоваЮВ;;;;
АкишинПИ;;;;
АккерЭ;;;;
АксенюкПД;;;;
АладжаловМХ;;;;
АлександроваЕВ;;;;
АлександровНН;;;;
АлександровскийСФ;;;;
Александров-ТитовскойНА;;;;
АлексеевАА;;;;
АлексеевВВ;;;;
АлексеевВМ;;;;
АлексеевГД;;;;
АлексеевНВ;;;;
АлексоматиНХ;;;;
АлферьеваСВ;;;;
АльбрехтЛГ;;;;
Альквист;;;;
Альстедт;;;;
АльтаманН;;;;2
АльтенбергИГ;;;;
АльхимовичК;;;;
Аман-Жан;6;;;
АммонВ;;;;
АммосовСН;;;;
АмосоваОФ;;;;
АндерсонЕК;;;;
АндреевВИ;;;;
АнзимироваНВ;;;;
АнисимовВК;;;;
АнисимовЮП;;;;
АнисфельдБИ;;20;27;6
АничковАИ;;;;
Анкетэн;5;;;
АнтокольскийММ;;;;
АнтоновАИ;;;;
Антропова;;;;
АнтроповИГ;;;;
АпостолиВА;;;;
АракелянС;;;;
АраповАА;;1;3;8
АронсонНН;;;;
АрхиповАЕ;;;;
АрхиповСН;;;;
АрчиониГ;;;;
АскназийИЛ;;;;
АстафьеваВЛ;;;;
АтрыганьевН;;;;
АтрыганьевНА;;;;
АуэрГД;;;;
АфанасьевАФ;;;;
АфанасьевВЯ;;;;
Афанасьев-Кокель;;;;
АхенбахГ;;;;
АхочинскаяЗП;;;;
БабутММ;;;;
Багратион-МухранскаяВН;;;;
БадовскийАФ;;;;
БаженовНВ;;;;
БажинНН;;;;
БакаловичСВ;;;;
БаклундЭО;;;;
БакмансонГК;;;;
БакстЛС;2;;;1
БакшеевВН;;;;
БалашевПИ;;;;
БалкСМ;;;;
БаллодПП;;;;
БалльерАИ;;;;
БалунинМА;;;;
Бальц;;;;
БарамзинЕВ;;;;
БарстельсГ;3;;;
БартВС;;;;
БаруздинаВМ;;;;
БарынинАА;;;;
БасинПВ;;;;
Бастер;;;;
БатуринВП;;;;
БауманАГ;;;;
БауманАЕ;;;;
БауманАН;;;;
БахНИ;;;;
БахРР;;;;
БахтеевВ;;;;
БахтинКН;;;;
БашинджагианГЗ;;;;
Беггрова-ГартманОФ;;;;
БеггровАК;;;;
БегерЛМ;;;;
БегичевАР;;;;
БедросовКП;;;;
БезверховНП;;;;
БезродныйМЕ;;;;
БезродныйМС;;;;
БезродныйПВ;;;;
БейгульАН;;;;
БеккерА;;;;
БеклемишевВА;;;;
БёклинА;1;;;
БекряшевНГ;;;;
БелкинВ;;;;3
Белоусов;;;;
БелыйАФ;;;;
БельзенЯЯ;;;;
БелявскийМК;;;;
БеляевА;;;;
БеляковЕЕ;;;;
БемЕМ;;;;
БенарА;5;;;
БенигКБ;;;;
БенкендорфДА;;;;
БенуаАА;;;;
БенуаАлекс Н;;;;
БенуаАльб Н;2;8;15;10
БергВВ;;;;
БерггольцРА;;;;
БеридтсонГФ;;;;
БерингерВВ;;;;
БеркосМА;;;;
БерндтсонГФ;;;;
БернштамЛА;;;;
БероянАК;;;;
БерсонА;1;;;
БершадскийЮР;;;;
Биленкий;;;;
БилибинИИ;;1;13;
БильдерлингАА;;;;
БиркингерФ;;;;
БирнбаумСР;;;;
БлаговещенскийНД;;;;
БландоваМН;;;;
БланшЖ;8;;;
БлахеХр;;;;
БлентА;3;;;
БлиновЛД;;;;
БломстедтВ;3;;;
БлощинскаяОП;;;;
БлуменфельдАФ;;;;
БлюмВИ;;;;
БлюментальЮЮ;;;;
БлюменфельдГМ;;;;
Бобрищева-Пушкина;;;;
БобровАА;;;;
БобровАВ;;;;
БобровВА;;;;
БобровВН;;;;
БобровскийГМ;;6;;
БобровСП;;;;
БогаевскийКФ;;1;11;5
БогатовНА;;;;
БогатыревВС;;;;
БогатыревИС;;;;
Богданов-БельскийНП;;;;
БогдановичФО;;;;
БогдановНП;;;;
БогданПГ;;;;
БоголюбовАП;;;;
БоголюбовБМ;;;;
БогомазовТН;;;;
БодаревскийНК;;;;
БодемюллерФ;;;;
Бодуэн-де-Куртенэ;;;;
Боженко;;;;
БожеряновА;;;;
БолдыревИЕ;;;;
БолотновВД;;;;
БольдиниД;5;;;
Бонч-ОсмоловскаяОГ;;;;
Бонч-ТомашевскийЮО;;;;
БоревскийН;;;;
БоринВМ;;;;
БорисовАА;;;;
БорисовИФ;;;;
Борисов-МусатовВЭ;;;;
БормоткинВМ;;;;
БородаевскийСО;;;;
БортникерДМ;;;;
БоруздинаВМ;;;;
БоскинМВ;;;;
БоссиЭ;;;;
БоткинаМС;;;;
БоткинМП;3;;;
БоткинНИ;;;;
БочаровМИ;;;;
БрагаГ;;;;
БрагаЭ;;;;
БразельЮН;;;;
БразОЭ;;14;10;9
БраиловскаяРН;;;;
БраиловскийЛМ;;;;
БракГ;;;;
БрандтИ;;;;
БраунЭГ;;;;
Бредт;;;;
Брендель;;;;
БржозовскийФФ;;;;
БроварьЯИ;;;;
БродскийИИ;;7;;
БромбергФГ;;;;
БронниковНК;;;;
БронниковФА;;;;
БроновицкийГФ;;;;
БруниНА;;;;
БруниФА;;;;
БрускетиАЯ;;;;
БрухардтФК;;;;
БрэнгвинЖ;3;;;
БрюлловПА;;;;
БрянскийМВ;;;;
БубликовНЕ;;;;
Будкевич;;;;
Будковская-КибальчичНТ;;;;
БудковскийГЯ;;;;
БузалевскийБМ;;;;
БуйндМА;;;;
БуйницкийРИ;;;;
БуковецкийЕИ;;;;
БукФП;;;;
БулацельРС;;;;
Бульмеринг-КороленкоЕП;;;;
БунинНН;;;;
БургардтЛО;;;;
Бургарт;;;;
БуринскаяНФ;;;;
БурлюкВД;;;;
БурлюкДД;;;;
БуровФЕ;;;;
БурхардтФК;;;;
БутлярСА;;;;
Бутэ-де-Монвель;3;;;
БухгольцФФ;;;;
БухерАИ;;;;
БухПН;;;;
БыкадоровНЯ;;;;
БыковскийНМ;;;;
БылевскийФС;;;;
БыляшкинВВ;;;;
БыстренинВИ;;;;
БычковВП;;;;
Бюлов;;;;
Бяльницкий-БируляВК;;;;
ВаальАЭ;;;;
ВагнерПН;;;;
ВаленковаСН;;;;
ВалькевичМИ;;;;
ВальтерИФ;;;;
ВанДонген;;;;
ВарыпаеваНА;;;;
ВасильевАА;;;;
ВасильевВН;;;;
ВасильевЛО;;;;
ВасильевМА;;;;
ВасильевФА;;;;
ВасильковскийСИ;;;;
ВаскиевскаяЕ;;;;
ВаснецовАМ;6;;;
ВаснецовВМ;;;;
ВасютинскийАА;;;;
Ваулин;;;;
ВахрамеевАИ;;;;
ВахрушовФМ;;;;
ВахтерЕА;;;;
ВащенкоЕП;;;;
ВеберЯЯ;;;;
Вейсенгоф;;;;
ВейценбергАИ;;;;
ВекшинскийАН;;;;
ВелигоноваЗВ;;;;
ВеликановВИ;;;;
ВельонскийПА;;;;
ВельцИА;;;;
ВенигКБ;;;;
ВенигПК;;;;
ВеревкинаМ;;;;
ВеревкинФИ;;;;
ВерейскийГС;;;;
ВерещагинВВ;;;;
ВерещагинВП;;;;
ВерещагинПИ;;;;
ВерещагинПП;;;;
ВернерАВ;;;;
Версилова-НерчинскаяМН;;;;
Вертс;;;;
ВерховскаяЛН;;;;
ВерховскийГЕ;;;;
ВершининИЕ;;;;
ВеселовПЛ;;;;
ВеселовскийЛР;;;;
ВестфаленАХ;;;3;
ВещиловКА;;;;
ВжещьЕК;;;;
ВизельЭО;;;;
ВиллевальдеАБ;;;;
ВиллевальдеБП;;;;
Виллегас;;;;
ВиллиамЕН;;;;
ВиллиеМЯ;;;;
ВильдеРФ;;;;
Вилье;;;;
ВинклерКА;;;;
ВиноградоваОА;;;;
ВиноградовСА;;;;
ВинцманИК;;;;
ВинцманОИ;;;;
ВисковатоваЕИ;;;;
ВисниовскаяЕИ;;;;
ВистингаузенАА;;;;
ВитвицкийИГ;;;;
ВладимировИА;;;;
ВладимирскийБ;;;;
Владимирский-Киевский;;;;
ВласовСА;;;;
ВознесенскаяАВ;;;;
ВоиновРВ;;;;
ВолковВВ;;;;
ВолковГ;;;;
ВолковЕЕ;;;;
ВолочинковАМ;;;;
ВонгльСЭ;;;;
ВороненковВЕ;;;;
ВоронковВЕ;;;;
ВороновПФ;;;;
ВоронцовВВ;;;;
ВоротынскийДА;;;;
ВостингаузенА;;;;
ВрангельЕК;;;;
ВрачевИА;;;;
ВроблевскийКК;;;;
ВронскийСЕ;;;;
ВрубельМА;;;;
ВульфВВ;;;;
ВучичевичВД;;;;
ВывиорскийМИ;;;;
ВыезжевАН;;;;
ВысотскийКС;;;;
ГаберцеттельВ;;;;
ГабовичМГ;;;;
ГаврильцевДМ;;;;
ГагаринНВ;;;1;
Гаген-ТорнМЭ;;;;
Гаген-ШварцЮ;;;;
ГадонСС;;;;
ГаевскийВМ;;;;
Галеота;;;;
ГалимскийВМ;;;;
ГалкинИС;;;;
ГалленА;9;;;
Галофрэ;;;;
ГамбургерЛА;;;;
ГаммК;;;;
ГанзенАВ;;;;
ГариевичБВ;;;;
ГартманК;;;;
ГаушАФ;;13;8;2
ГаушЛ;;;;1
ГвидоН;;;;
Гейерманс;;;;
ГейманС;;;;
ГеллерПИ;;;;
Гельдвейн-Ваулин;;;;
ГеНН;;;;
ГерардовНИ;;;;
ГерасимовАМ;;;;
ГерманГ;4;;;
ГермашевММ;;;;
ГерсонВВ;;;;
ГершевскийСИ;;;;
ГефтлерКЭ;;;;
ГигогабаевГИ;;;;
ГинцбургИЯ;;;;
ГинцбургМГ;;;;
ГиньковскийПВ;;;;
ГиппусНН;;;;
ГирвАП;;;;
ГиршльА;;;;
ГлаголеваАС;;;;
ГлобаНВ;;;;
ГлущенкоДИ;;;;
ГляйзесА;;;;
ГодунЕ;;;;
ГолеевскаяПК;;;;
ГолембиовскийКИ;;;;
ГолицынаЕВ;;;;
ГоловинАЯ;3;;;
ГоловкинГС;;;;
ГоловковГС;;;;
ГолубкинаАС;;4;;
ГолынскийВА;;;;
ГольдблатЯС;;;;
ГольддингерЕВ;;;;
ГольдеЭН;;;;
ГольдингерЕВ;;;;
ГольдманИБ;;;;
Гом-БаргЮЯ;;;;
ГончароваНС;;7;2;
ГонякИК;;;;
ГоравскийАГ;;;;
ГорбатовКИ;;;;
ГорбуновАК;;;;
ГорбуновКА;;;;
ГороновичВЯ;;;;
ГороховИЛ;;;;
ГорскийКН;;;;
Горюшкин-СкоропудовИС;;;;
ГосЭИ;;;;
ГофманнК;;;;
ГофманОА;;;;
ГоффертАЕ;;;;
ГрабарьИЭ;;;;
ГрабовскийВ;;;;
ГравеВФ;;;;
ГрандковскийНК;;;;
ГригорьевВМ;;;;
ГригорьевПА;;;;
ГриллихесАА;;;;
ГриневАП;;;;
ГриценкоНН;;;;
ГрищенкоАВ;;;;
ГромовАА;;;;
ГросманАГ;;;;
ГрузенбергСН;;;;10
ГрузинскийПН;;;;
ГрюнфельдМИ;;;;
ГугунаеваИГ;;;;
ГужавинММ;;;;
ГузарскийВ;;;;
ГузиковСМ;;;;
ГулевичЕА;;;;
ГумаликНИ;;;;
ГунКФ;;;;
ГусеваАА;;;;
ГусеваГ;;;;
ГусиковХК;;;;
Гюбнер-СимонисЭВ;;;;
ГюбнерЭВ;;;;
ГюрджанАМ;;;;
ДабижаАВ;;;;
ДаксергофФП;;;;
ДальГ;;;;
Д'АльгеймММ;;;;
Даньян-Бувере;4;;;
ДаугельА;;;;
Дашенко;;;;
ДворниковТЯ;;;;
Де-Вит-МанизерСС;;;;
ДевяткинСЕ;;;;
ДевятовЯМ;;;;
ДегазШ;8;;;
ДеевСС;;;;
Делла-ВосОЛ;;;;
ДенисовАК;;;;
Денисов-УральскийАК;;;;
ДеранА;;;;
ДержавинНМ;;;;
ДерюжинскийГВ;;;;
ДетерсЭВ;;;;
ДешинД;;;;
ДженеевИА;;;;
ДжилардиП;;;;
ДжогинПП;;;;
ДжонстонГ;4;;;
ДиллонМЛ;;;;
ДилльЛ;6;;;
ДитрихЛА;;;;
ДмитриевВА;;;;
ДмитриевИЯ;;;;
Дмитриев-КавказскийЛЕ;;;;
Дмитриев-КавказскийН;;;;
ДмитриевЛЕ;;;;
Дмитриев-ОренбургскийНД;;;;
ДмитриевС;;;;
Дмитриев-ЧелябинскийИЯ;;;;
ДобрижинскийВА;;;;
ДобровольскийВГ;;;;
ДобровольскийНФ;;;;
ДобужинскийМВ;;24;20;12
ДолговАА;;;;
ДолговИВ;;;;
ДолинВК;;;;
ДомарадзкийСЭ;;;;
ДоскинНВ;;;;
ДржевецкаяЛ;;;;
ДриттенпрейсВП;;;;
ДроздовИГ;;;;
ДрюльВ;;;;
ДубовскийНН;;;;
ДубровскийАС;;;;
ДудинИО;;;;
ДуковичСА;;;;
ДукшинскаяЭГ;;;;
ДурдинБН;;;;
ДурновМА;;;;
ДыдышкоКВ;;;;
Дьякова-АлексееваМН;;;;
ДьяковаМН;;;;
Дьяконов-МичанскийДВ;;;;
ДюккерЕЭ;;;;
ЕвреиновВВ;;;;
ЕвсеевКИ;;;;
ЕгорновАС;;;;
ЕгорновСС;;;;
ЕгоровАА;;;;
ЕгоровЕВ;;;;
ЕгоровЛЕ;;;;
ЕгоровСЗ;;;;
ЕдельфельдА;;;;
ЕндогуровНИ;;;;
ЕрмиловИ;;;;
ЕрмолаевБН;;;;
ЕрнефельтЕ;4;;;
ЕсиповДА;;;;
ЕфимовИЕ;;;;
ЕфимовМЯ;;;;
ЕфимовНН;;;;
ЖабаАК;;;;
ЖабаНК;;;;
ЖаравоваАА;;;;
Жевакина-НикольскаяМС;;;;
Жеврежеев;;;;
ЖелтовскийИВ;;;;
ЖижиленкоАИ;;;;
ЖижиленкоГА;;;;
ЖилардиРС;;;;
ЖилинПФ;;;;
ЖильцовИО;;;;
ЖолтовскийИВ;;;;
ЖувенауИ;;;;
ЖудинаОД;;;;
ЖудинДА;;;;
ЖуковаЛА;;;;
ЖуковИС;;;;
ЖуковскаяМБ;;;;
ЖуковскийСЮ;;;;
ЖупахинСГ;;;;
ЖуравлевФС;;;;
ЗабеллоПП;;;;
ЗабоклицкийВЛ;;;;
ЗаболотскийПП;;;;
ЗаборовскийСА;;;;
ЗавойкоСВ;;;;
ЗагорскийНП;;;;
ЗайднерЕ;;;;
Зайднер-СаддЕ;;;;
ЗайцевК;;;;
ЗайцевММ;;;;
ЗайцевНС;;;;
ЗалеманГР;;;;
ЗалесскийСИ;;;;
ЗальВК;;;;
ЗальцманГ;;;;
ЗамирайлоВД;;5;;
Зандер-РандаловаЭЯ;;;;
ЗандинМП;;;;
ЗанковскийИН;;;;
Запольский-ДовнарРВ;;;;
ЗапорожцевВ;;;;
ЗарецкийАА;;;;
ЗарецкийНВ;;;;
ЗарубинВИ;;;;
ЗарыцкийНВ;;;;
ЗарянкоСК;;;;
ЗахаровА;;;;
ЗахаровИИ;;4;;
ЗахаровФИ;;;;
ЗахгеймМО;;;;
ЗверевВА;;;;
ЗданевичКМ;;;;
ЗедделерНН;;;;
ЗейденбергСМ;;;;
ЗеленскийММ;;;;
ЗельмановаАМ;;;;
ЗенковСН;;;;
ЗенченкоВМ;;;;
ЗеньковичНВ;;;;
ЗиминГД;;;;
ЗиминКН;;;;
ЗиновьевА;;;;
ЗиновьевПГ;;;;
Зихель;;;;
ЗлатовратскийАН;;;;
ЗоммерКА;;;;
ЗоммерРК;;;;
ЗоринФТ;;;;
ЗубчаниновНА;;;;
ЗулмарЛН;;;;
ИваницкаяЕЕ;;;;
ИванкинГВ;;;;
ИвановАА;;;;
ИвановАЕ;;;;
ИвановаКВ;;;;
ИвановБМ;;;;
ИвановДГ;;;;
Иванов-ЛозовскийГМ;;;;
ИвановМФ;;;;
ИвановНЛ;;;;
ИвановПП;;;;
ИвановСВ;;;;
ИвановСП;;;;
ИвашинцеваМИ;;;;
ИвковскийСК;;;;
ИгнатьевМИ;;;;
Иелита-ВольскийФА;;;;
ИжакевичАА;;;;
ИжакевичИС;;;;
ИжевскаяМП;;;;
ИзмайловичВМ;;;;
ИзоевПФ;;;;
Икар;;;;
ИконниковАД;;;;
ИльинЛН;;;;
ИльинскийВК;;;;
ИмеретинскаяОФ;;;;
ИонинНА;;;;
ИоффеМС;;;;
ИсуповАВ;;;;
ЙенсенДИ;;;;
Кавос-ЗаруднаяЕС;;;;
КавтарадзеАК;;;;
КавтарадзеКЗ;;;;
КагородовАД;;;;
КазаковИС;;;;
КазановскаяМА;;;;
КазановскийВЛ;;;;
КазанцеваЕВ;;;;
КазанцевВП;;;;
КазенЖ;5;;;
КайгородовАД;;;;
КакабадзеДН;;;;
КалачевЕА;;;;
КалашниковЕА;;;;
КалмаковНК;;;2;
КалмыковГО;;;;
КалмыковИЛ;;;;
Калупов;;;;
КамаровВИ;;;;
КамбаровИА;;;;
КаменевЛЛ;;;;
КаменскийБМ;;;;
КаменскийГП;;;;
КаменскийПП;;;;
КаменскийФМ;;;;
КаменскийФФ;;;;
КаменцеваЕИ;;;;
КандауровАИ;;;;
КандинскийВВ;;;;
КанольдтА;;;;
КанцеровАГ;;;;
КаплунАВ;;;;
КаразинНН;;;;
Каргус-СмоленскийВР;;;;
КардовскийДН;;;;
КаревАЕ;;;;5
КарелинАА;;;;
Карем-ВайнштейнЕС;;;;
КаринскаяА;;;;
КарнеевАЕ;;;;
КародоссиВ;;;;
Карпинская-ГерунгЕГ;;;;
Карпова-КоншевскаяЕГ;;;;
КарриерГ;3;;;
КарцевПС;;;;
КасаткинНА;;;;
КасаткинНН;;;;
Кастан;;;;
КасцовКГ;;;;
КатуркинТИ;;;;
КафкаВА;;;;
КашкадамоваЕН;;;;
КелерКИ;;;;
КелинПИ;;;;
КеллерАВ;;;;
КеллерИП;;;;
КельхВФ;;;;
КельхПИ;;;;
КеммингГА;;;;
КерзинМА;;;;
КерковаСЛ;;;;
КибальчичТВ;;;;
КившенкоАД;;;;
КикертК;;;;
КирилловаАМ;;;;
КиринарскийМА;;;;
КирсановКВ;;;;
КирьяцкойЕО;;;;
КиселевАА;;;;
Киселев-КамскийАА;;;;
КиселевС;;;;
КисельБА;;;;
Китаева-ЦыхановскаяАВ;;;;
КитаевВН;;;;
КишневскийСЯ;;;;
КлагесФА;;;;
КлакачеваСЛ;;;;
КлевезальА;;;;
КлеверМ;;;;
КлеверО;;;;
КлеверЮЮ;;;;
Клейнек;;;;
КлементьевАН;;;;
КлеттенбергАП;;;;
КлименкоД;;;;
КлименкоДВ;;;;
КлодтМК;;;;
КлодтМП;;;;
КлодтНА;;;;
КлодтПК;;;;
КлокачеваЕН;;;;
КлоповВА;;;;
КлюкКФ;;;;
КлюшниковСА;;;;8
Кнюпфер;;;;
КнязьковаВВ;;;;
КовалевскийПО;;;;
Ковальская-ИльинаПВ;;;;
КозловВВ;;;;
КозловПС;;;;
Козловская;;;;
КозловскаяМА;;;;
КокелинФ;;;;
КолесниковИО;;;;
Колесова-РощинаАИ;;;;
КолпаковскаяВН;;;;
КолупаевДА;;;;
КомароваАТ;;;;
КомаровВП;;;;
КомаровДВ;;;;
КомашкоАМ;;;;
КонашевичВМ;;;;
КондерШ;8;;;
КондратенкоГП;;;;
КондратенкоКП;;;;
КондратьевВВ;;;;
КоненковСТ;;;;
КонновАИ;;;;
КоноваловаАС;;;;
КоноваловВВ;;;;
КонстантиноваАО;;;;
КонстантиновНК;;;;
КонстантинопольНК;;;;
КончаловскийПП;;;2;
КоптевГН;;;;
КореневВФ;;;;
Коренев-НовороссийскийВФ;;;;
КорженевскийС;;;;
КорзухинАИ;;;;
КоринАМ;;;;
КоринсскаяА;;;;
КорневВФ;;;;
КорнеевФМ;;;;
КорниловНВ;;;;
КоробковСТ;;;;
КоровинКА;3;;;
КоровинПИ;;;;
КоровинСА;;;;
КорогодовСМ;;;;
КоролевАП;;;;
КорсаковЮП;;;;
КорсунМП;;;;
КорфВН;;;;
КосмаковИА;;;;
КоссакВ;;;;
КостандиКК;;;;
КостенкоКЕ;;;;
КостенкоСП;;;;
КострицЛМ;;;;
КотарбинскийВА;;;;
КотляревскийАМ;;;;
КотовГИ;;;;
КохПП;;;;
КоцебуАЕ;;;;
КочетоваОА;;;;
КошелевНА;;;;
КравченкоАИ;;;;
КравченкоНИ;;;;
КрамскаяСИ;;;;
КрамскойИН;;;;
КрандиевскаяНВ;;;;
КрапоткинаМН;;;;
КрарупТФ;;;;
КрасиковВА;;;;
КрасковскийИЕ;;;;
КраснухаСП;;;;
КраснушкинаЕЗ;;;;
КрасовскийНП;;;;
КрачковскийИЕ;;;;
КрейтанВП;;;;
КремерБД;;;;
КремерБС;;;;
Крепер;;;;
КрествоскийИВ;;;;
КрестианполПИ;;;;
КречининСИ;;;;
КржешИИ;;;;
КржыжановскийКМ;;;;
КривошеинСВ;;;;
Крошечкин-КрошицкийМП;;;;
КругликоваЕС;;1;;11
КрчинскийСС;;;;
КрыжицкийКЯ;;;;
Крылов;;;;
КрыловИИ;;;;
КрымовНП;;;;
КрюковВС;;;;
КсеньеваЛ;;;;
КсидиасПС;;;;
КубинО;;;;
КубицкийВН;;;;
КувакинК;;;;
КувшинниковаСП;;;;
КудрявцеваВА;;;;
КудрявцевАИ;;;;
КудрявцевСИ;;;;
КузнецовВВ;;1;4;
КузнецовКП;;;;
КузнецовНД;;;;
КузнецовП;;;14;
КузьминаНА;;;;
КуинджиАИ;;;;
КулагинаСО;;;;
КулешаМК;;;;
КуликовИС;;;;
КуммингАА;;;;
КуммингГА;;;;
КупринАВ;;;;
КурбатовМА;;;;
КуреннойАА;;;;
КуриарПП;;;;
КуриарьПП;;;;
КуринАВ;;;;
КурпатовАВ;;;;
КусковАА;;;;
КустодиевБМ;;18;1;
КустодиевКБ;;;;
КучинскийСИ;;;;
КучумовВН;;;;
Кюгельген;;;;
КюгельхенСК;;;;
КюнАМ;;;;
КюфферлеПО;;;;
ЛаверецкийНА;;;;
ЛагардП;5;;;
Лагода-ШишкинаОА;;;;
ЛагориоЛФ;;;;
ЛадыженскийГА;;;;
ЛажечниковАИ;;;;
Лазарев-СтанищевСН;;;;
ЛаманскаяАК;;;;
ЛансгофЛЭ;;;;
ЛансереЕА;;;;
ЛансереЕЕ;;1;4;
ЛансереНЕ;;;;5
ЛанскойИИ;;;;
ЛапускинИВ;;;;
Лапчинский;;;;
Лапшина-СоколоваВН;;;;
ЛапшинГА;;;;
ЛарионовМФ;;;1;3
Лассон-СпироваЭА;;;;
ЛатриМП;;;;2
ЛатушГ;5;;;
ЛатышеваА;;;;
ЛаудонЕО;;;;
ЛаховскийАБ;;;;
ЛебедевАИ;;;;
ЛебедевВВ;;;;
ЛебедевКВ;;;;
ЛебедевНМ;;;;
ЛебланМВ;;;;
ЛевандовскийВН;;;;
ЛевиМБ;;;;
ЛевинКП;;;;
ЛевитанИИ;9;;;
ЛевитскийВН;;;;
ЛевицкийРС;;;;
ЛевкиевскийВВ;;;;
ЛевотГА;;;;
ЛевченкоИИ;;;;
ЛевченкоПА;;;;
Ле-ДантюМВ;;;;
Леднев-ЩукинСЕ;;;;
ЛеманЮЯ;;;;
ЛемохКВ;;;;
ЛенбахФ;2;;;
ЛенскийЗА;;;;
ЛентуловАВ;;4;2;
ЛеонгардтФ;;;;
ЛеонсМН;;;;
ЛепетичНН;;;;
ЛермиттЛ;3;;;
ЛермонтоваНВ;;;3;
ЛесючевскийВИ;;;;
ЛехтФ;;;;
ЛиберихНИ;;;;
ЛиберманнМ;7;;;
ЛибшерК;;;;
ЛизакИЛ;;;;
ЛиндеманАЭ;;12;1;
Липа;;;;
ЛипгартЭК;;;;
ЛисенерЕА;;;;
ЛисицинБМ;;;;
ЛисснерЭЭ;;;;
ЛитвиненкоАМ;;;;
ЛитвиновИИ;;;;
ЛитовченкоНД;;;;
Лихачева;;;;
ЛихачевКА;;;;
ЛищевВВ;;;;
Лобанов;;;;
ЛобужинскийМВ;;;;
ЛоккенбергВА;;1;;
ЛоренцНЕ;;;;
ЛоренцНФ;;;;
ЛосеваВИ;;;;
ЛосевНД;;;;
Луговская-ДягилеваТА;;2;1;
ЛузановСЭ;;;;
ЛукичЖА;;;;
ЛукомскийГК;;17;14;14
Лукш-МаковскаяЕ;;;1;
ЛупановАР;;;;
ЛучшевСЯ;;;;
ЛыпиловКМ;;;;
ЛысенкоАВ;;;;
ЛысенкоКА;;;;
ЛысовЯИ;;;;
ЛьвовИА;;;;
ЛьвовПИ;;;;
ЛюбавинаН;;;;
ЛякинТП;;;;
ЛяликоваЕИ;;;;
ЛясковскаяОА;;;;
МагдесианЭЯ;;;;
МадейскийАБ;;;;
МазуровскийВВ;;;;
МайейргаймП;;;;
МайковНА;;;;
МаймонМЛ;;;;
МакаревскийАД;;;;
МакароваНД;;;;
МакаровИК;;;;
Мак-НейлУД;2;;;
МакоАЭ;;;;
МаковскаяАЕ;;;;
МаковскийАВ;;;;
МаковскийВЕ;;;;
МаковскийКГ;;;;
МаковскийКЕ;;;;
МаковскийНЕ;;;;
Маковский-ПогорельскийЯК;;;;
МаксГ;;;;
МаксимовАО;;;;
МаксимовВМ;;;;
МаксимовМВ;;;;
МалаховскаяМА;;;;
Малеваная-ЗарыцкаяИА;;;;
МалевичКС;;;;
МалешевскаяЕМ;;;;
МалининИС;;;;
МалышевВК;;;;
МалышевЕИ;;;;
МалышевМГ;;;;
МалышевМЕ;;;;
МалышевНТ;;;;
МалютинСВ;1;;;
МалявинФА;3;1;;
МамонтовМА;;;;
МамонтовСС;;;;
МанасеинаТВ;;;;
МанганариАВ;;;;
МанизерГМ;;;;
МаныламММ;;;;
МардеросовЛИ;;;;
МаринаЗВ;;;;
МаркеловСП;;;;
МаркичевМА;;;;
МарковАА;;;;
МарковБН;;;;
МартынА;;;;
МартыновА;;;;
МартыноваЕН;;;;
МартыновДН;;;;
МартыновичАС;;;;
МаслениковНЕ;;;;
МасютинВН;;;;
МатвеевАТ;;2;;
МатвеевМА;;;;
МатвеевНС;;;;
МатвеевСА;;;;
МатвейВИ;;;;
МатэВВ;;;;
МатюшинМВ;;;;
МаурицдеВламик;;;;
МацкевичИИ;;;;
МашарГ;;;;
Машинский;;;;
МашковВН;;;;
МашковИ;;;2;
МаяковскийВВ;;;;
МедемПР;;;;
Мейердал;;;;
МейзейМО;;;;
МейзеМО;;;;
МейстерЛ;;;;
МенарР;5;;;
МенделевичИА;;;;
МензгаузенЕФ;;;;
МенкВК;;;;
МенсгаузенЕФ;;;;
Мери;;;;
МертенЕП;;;;
МесниковКИ;;;;
МетловаАА;;;;
МещеринНВ;;;;
МещерскийАИ;;;;
МизернюкМЯ;;;;
МикешинаТЛ;;;;
МикешинСМ;;;;
МикулиА;;;;
МилевскийИР;;;;
МилиотиНД;;2;4;6
МиллерЕВ;;;;
МиллерЭА;;;;
МилорадовичСД;;;;
МилославинФА;;;;
МильманА;;;;
МилютиНД;;;;
Минасианц;;;;
МинченковЯД;;;;
МироновичПН;;;;
МиссАВ;;;;
МитрохинДИ;;5;6;10
МитяевПН;;;;
МихайловаКИ;;;;
МихайловаОП;;;;3
МихайловИИ;;;;
МихайловИТ;;;;
МихайловММ;;;;
МихайловПН;;;;
МихайловскаяНВ;;;;
МихайловскийАН;;;;
МихальцеваЕП;;;;
МихеевМИ;;;;
МишеваЕИ;;;;
МогилевскийАП;;;;
МодоровФА;;;;
МокиевскаяМИ;;;;
МоласНП;;;;
МоллерФА;;;;
МоллотТА;;;;
МоловМВ;;;;
МоловМЦ;;;;
МолявкинИВ;;;;
МоравовАВ;;;;
МоргуновАА;;;1;
МордасевичКЛ;;;;
МордовинВИ;;;;
МоревНН;;;;
МорицФЭ;;;;
МоровавовАВ;;;;
МороГ;1;;;
МорозовАИ;;;;
МороЛА;;;;
МоскаленкоАН;;;;
МоскаленкоПД;;;;
МостоваЗЯ;;;;1
Мошков;;;;
МудролюбовПВ;;;;
МузалевскийБМ;;;;
Мультановский;;;;
МультановскийЮТ;;;;
МунтергельмМ;;;;
МуравьевВЛ;;;;
МуратовАД;;;;
МуратовБерндтеон;;;;
МуратовМД;;;;
МурашкоАА;;;;
МуромцевФА;;;;
Мусин-ПушкинНС;;;;
МусселиусМВ;;;;
МууккаЭ;;;;
МышковВН;;;;
Мюнтер;;;;
МясоедовГГ;;;;
НавозовВП;;;;
НагубниковСА;;;;
НаикольскийНН;;;;
НайдеровИВ;;;;
НаленчВИ;;;;
Налепинская;;;;
НапиерскаяБВ;;;;
НарбутГИ;;13;14;
НаседкинСН;;;;
НатальинаОН;;;;
НаумовАА;;;;
НаумовПС;;;3;3
НащекинД;;;;
НеведовичЕЮ;;;;
НеведомыйИ;;;;
НевинскийАИ;;;;
НевревНВ;;;;
НевядомскийА;;;;
НедлерСГ;;;;
НедовичЕЮ;;;;
НедокучаеваОН;;;;
НекулинАО;;;;
НеленчВИ;;;;
НерадовскийПИ;;;;
НестеровГД;;;;
НестеровМВ;6;;;
НестеровФП;;;;
НефТА;;;;
НечаевАМ;;;;
НечаевМА;;;;
НечитайловВН;;;;
НиканоровСГ;;;;
НикитинВА;;;;
НикитинВП;;;;
НикитинНН;;;;
НикитинСА;;;;
НикифоровСГ;;;;
НиколаевНН;;;;
НикольскийНС;;;;
НиконовИФ;;;;
НикулинАО;;;;
НилендерКГ;;;;
НилусПА;;;;
НифтрикГЯ;;;;
НоаковскийСВ;;;;
НовиковАГ;;;;
НовиковаЕН;;;;
НовиковМН;;;;
Новинский;;;;
НоводворскаяВД;;;;
НовоселовВТ;;;;
НовоскольцевАН;;;;
НозиковаЕН;;;;
Ностиц-ЯцковскаяМФ;;;;
Нысцушко-БуйницкийРИ;;;;
НюнинИЕ;;;;
ОберАЛ;;;;
ОвсянниковВП;;;;
ОвсянниковЛФ;;;;
ОвсянниковСО;;;;
ОвчинниковНХ;;;;
ОколовичНА;;;;
О'КоннелРР;;;2;
ОкроянцДГ;;;;
ОленинаВА;;;;
ОлсуфьеваСВ;;;;
ОльгинаО;;;;
ОлькойнЭА;;;;
ОнуфриеваНВ;;;;
ОреховВП;;;;
ОрловАГ;;;;
ОрловНВ;;;;
ОрловскийВД;;;;
ОсоргинаАК;;;;
ОстроменцкийАА;;;;
Остроумова-ЛебедеваАП;;8;20;13
ОстроуховИС;;;;
ОтмарВО;;;;
ПавлиновАС;;;;
ПавлиновПЯ;;;;
ПавловАИ;;;;
ПавловВП;;;;
ПавловИН;;;;
ПавловПН;;;;
ПавловСА;;;;
ПавлюченкоГЕ;;;;
ПадуровАА;;;;
Пазетти;;;;
ПалаткоДМ;;;;
ПаленМИ;;;;
ПаленНК;;;;
ПалинМИ;;;;
Палшков;;;;
ПальгуновА;;;;
ПанеНН;;;;
ПанеНП;;;;
ПанинМН;;;;
ПанкульИП;;;;
ПановНЗ;;;;
Паприц;;;;
ПарландАА;;;;
ПассИА;;;;
ПастернакЛО;;;;
ПаульсонАВ;;;;
ПашкевичЖА;;;;
ПашковГФ;;;;
ПащенкоВМ;;;;
ПедашенкоМИ;;;;
ПелевинИА;;;;
ПемеллерАА;;;;
ПеньковскийИЛ;;;;
ПервухинКК;;;;
ПереплетчиковВВ;1;;;
ПерминовВТ;;;;
ПеровВГ;;;;
ПершинАС;;;;
ПестинскийБ;;;;
ПетерсАФ;;;;
ПетренкоАГ;;;;
ПетрижицкаяМК;;;;
Петров-ВодкинКС;;;8;9
ПетровичевПИ;;;;
ПетровНФ;;;;
ПетровСИ;;;;
ПетровскийИВ;;;;
ПечатинВА;;;;
ПименовНС;;;;
ПимоненкоНК;;;;
ПиотровичСК;;;;
ПироговНВ;;;;
ПиросманашвилиН;;;;
ПисаховСГ;;;;
ПисемскийАА;;;;
ПищалкинАА;;;;
ПищалкинЛФ;;;;
ПлатоновХП;;;;
ПлатуновМ;;;;
ПлачекМН;;;;
ПлевакоНА;;;;
ПлетневЛА;;;;
ПлешаковВС;;;;
ПлешановПФ;;;;
ПлещинскийИН;;;;
ПлигинАП;;;;1
ПлискоАЯ;;;;
ПлотниковВА;;;;
ПогосскаяСА;;;;
ПодвысоцкийМВ;;;;
ПодозеровИИ;;;;
ПодосеновПВ;;;;
ПодтыканыйА;;;;
ПодушкоЭГ;;;;
ПожалостинИП;;;;
ПожарскийВИ;;;;
ПожарскийСМ;;;;
ПозенМВ;;;;
ПокаржевскийПД;;;;
ПоленоваЕД;47;;;
ПоленовВД;5;;;
ПоловинкинВП;;;;
ПолонскаяЖА;;;;
ПолунинВЯ;;;;
ПольРобер;;;;
ПоляковЕИ;;;;
ПоляковИИ;;;;
ПоляковНП;;;;
ПоляковПИ;;;;
ПомеранцевММ;;;;
ПоперечныйНМ;;;;
ПопковИГ;;;;
ПоповАА;;;;
ПоповаЛС;;;;
ПоповАН;;;;
Попова-ТимореваЮА;;;;
ПоповВН;;;;
ПоповЛВ;;;;
ПоповМП;;;;
ПоповНЯ;;;;
Порай-КошицБВ;;;;
ПороховниковПИ;;;;
ПорфировИФ;;;;
ПосполитакиЕИ;;;;
ПостниковСП;;;;
ПотаповМА;;;;
ПотипакаП;;;;
ПраведниковЕИ;;;;
ПрадоА;;;;
ПраховаАЯ;;;;
ПремацциЛО;;;;
ПриселковСВ;;;;
ПрозоркевичВМ;;;;
ПрокофьевАМ;;;;
ПрокофьевДД;;;;
ПроскурнинИМ;;;;
Протейкинский;;;;
ПротопоповНА;;;;
ПрянишниковИМ;;;;
ПрянишниковИП;;;;
ПсковитиновЕК;;;;
ПузыревскийПИ;;;;
ПуниИ;;;;
ПурвитВЕ;;;;
ПуцБА;;;;
ПчелинВН;;;;
ПыневК;;;;
ПыринМС;;;;
ПэнЮМ;;;;
Пювис-де-Шаванн;3;;;
ПясковскийВН;;;;
ПястушкевичКО;;;;
РабиновичГИ;;;;
РадимовПА;;;;
РадинВН;;;;
Радлов;;;;
РаевскийАД;;;;
РаевЮА;;;;
РазмарицинАП;;;;
РазниченкоФП;;;;
Разумный;;;;
РазумовскаяАИ;;;;
РазчубкинАН;;;;
РайлянфР;;;;
РайноваСК;;;;
РассадинАА;;;;
Ратынова-РожковаМФ;;;;
РауловИ;;;;
Раушь-фон-ТраубенбергКК;;1;;
РаффаэллиИ;11;;;
РацульАП;;;;
РашевскийИГ;;;;
РевенскийЕН;;;;
РедковскийАА;;;;
РедлихГС;;;;
РезановВМ;;;;
РезниковМВ;;;;
РеймерсИИ;;;;
Рейнгольдтфон-Моллер;;;;
РейтернЕП;;;;
РейхардтЕИ;;;;
Ремер;;;;
РендичИ;;;;
РепинаВИ;;;;
РепинИЕ;1;;;
РепинЮИ;;;;
РерихНК;;9;3;15
РжевскаяАЛ;;;;
РивьерГ;9;;;
РизниченкоФП;;;;
РицониАА;;;;
РицониЕП;;;;
Ришомм;;;;
РоговАП;;;;
РоговинНЕ;;;;
РождественскийВВ;;;1;
РозановаОВ;;;;
РозановНВ;;;;
РозенГВ;;;;
РозенИВ;;;;
РозенИС;;;;
РозентальЯМ;;;;
РозенЯС;;;;
РозинскийГН;;;;
РокачевскийАЕ;;;;
РомановичСМ;;;;
Романовский-РоманьковичАС;;;;
РоммАГ;;;;
РоотНФ;;;;
РостворовскийСР;;;;
РостиславовАА;;;;
РошА;1;;;
РощубкинА;;;;
РубоФА;;;;
РубцовАА;;;1;
РудаковКИ;;;;
РудольфЭрбслох;;;;
РужниковНП;;;;
Рульс;;;;
Рундальцев;;;;
РундальцевЛВ;;;;
РундальцовМВ;;;;
РусаковАИ;;;;
Рушевская;;;;
РущицФЭ;3;;;
РыбаковИГ;;;;
РыловАА;;2;;
РындзюнскаяМД;;;;
РындинаН;;;;
РыпинЮИ;;;;
РюссР;;;;
РябининНН;;;;
РябушинскийСП;;;;
РябушкинАП;;;;
СабоНН;;;;
СавеловПК;;;;
СавинковВВ;;;;
СавинскийВЕ;;;;
СавицкийГК;;;;
СавицкийКА;;;;
СаврасовАК;;;;
СагайдачныйЕЯ;;;;
СаддИИ;;;;
СаксенКФ;;;;
СаксНЭ;;;;
СалаПО;;;;
СалтыковМД;;;;
СальмонЭФ;;;;
СамойловаАМ;;;;
СамойловаВА;;;;
СамойловПВ;;;;
СамокишНС;;;;
СамуйльсонЕФ;;;;
СапуновНН;;3;1;2
СарьянМС;;11;15;9
СаскоМА;;;;
СафоновАП;;;;
СахаровАА;;;;
СванИ;2;;;
СварогВС;;;;
СведомскийПА;;;;
СверчковНЕ;;;;
СветлицкийГП;;;;
СвецаС;;;;
СвиридовБП;;;;
СвятославскийСИ;;;;
СевастьяновСА;;;;
СеверинИ;;;;
СеверовММ;;;;
СедловАФ;;;;
СедовГС;;;;
СейтгофПС;;;;
СелезневИФ;;;;
СеливачеваЕС;;;;
СеменоваАЕ;;;;
СеменовАН;;;;
Семенова-Тянь-ШанскаяВД;;;;
СемизороваГФ;;;;
СемирадскийГО;;;;
СергеевНА;;;;
СергеевНС;;;;
СеребряковаВ;;;;
СеребряковаЗЕ;;;4;
СерегинПИ;;;;
СеровВ;7;2;4;
СестрженцевичСС;;;;
СигнакП;;;;
СиливановичНП;;;;
СиливановичНЮ;;;;
СимовВА;;;;
СимонЛ;7;;;
СиндинкО;;;;
Синоди-ПоповДМ;;;;
СиняверММ;;;;
СиренкоКГ;;;;
СиферсПЕ;;;;
Скадовский;;;;
СкалонАВ;;;;
СкворцевЯА;;;;
СкворцоваЮИ;;;;
СкворцовЯА;;;;
СкиргеллоАБ;;;;
СкиргеллоББ;;;;
СкляровПА;;;;
СкорняковХН;;;;
СкосаревскаяНП;;;;
СкуйеИА;;;;
СластионовАГ;;;;
СлепянМГ;;;;
Слободянюк-ПодолянСИ;;;;
СловцовАМ;;;;
СлыпянМГ;;;;
СмеловПА;;;;
Смирнова-ИвановаЕА;;;;
СмирновВС;;;;
СмирновНА;;;;
СмотрицкийПФ;;;;
СмукровичПИ;;;;
СнигиревскийАВ;;;;
СоколовАП;;;;
СоколовВИ;;;;
СоколовВП;;;;
СоколовК;;;;
Соколов-ОльховскийИО;;;;
СоколовскийЭК;;;;
СолнцеваГ;;;;
СоловьеваНП;;;;
СологубЛГ;;;8;
СоломахаВМ;;;;
СоломкоСС;;;;
СоломонА;;;;
СоломоновМИ;;;;
СолунКИ;;;;
Сомова-ЗельдерАП;;;;
Сомова-МихайловаА;;2;1;
СомовК;5;7;2;
СомовКА;;;;
Сорин;;;;
СосионковАВ;;;;
СотниковЕМ;;;;
СофроноваАФ;;;;
СпандиковЭК;;;;
СпасскийВВ;;;;
СпесивцевПН;;;;
СрединАВ;;;;
СтабровскийКА;;;;
СтадницкийПГ;;;;
СтанкевичЮА;;;;
СтаркАА;;;;
СтароносовП;;;;
Стахеева-КашкадамоваЕ;;;;
СтеллецкийДС;;;4;
СтепановаВН;;;;
СтепановАН;;;;
СтепановАС;;;;
СтепановичКП;;;;
СтепановКП;;;;
СтеценкоАВ;;;;
СтигельР;;;;
СтилианудиАН;;;;
СтолицаЕИ;;;;
СтоляровКД;;;;
СтоляровНД;;;;
СторожевскийН;;;;
СтраховскийВК;;;;
СтрашинскийЛ;;;;
СтребловИБ;;;;
СтрелковскийАИ;;;;
Стрельникова;;;;
СтрубинскийВИ;;;;
СтрукГН;;;;
СтрунниковНИ;;;;
СубботинПИ;;;;
СудейкинСЮ;;10;12;
Судковская-СамокишЕП;;;;
СудковскийМС;;;;
СудковскийРГ;;;;
СудьбининСН;;;;
СумароковПС;;;;
СуреньянцВЯ;;;;
СуриковВИ;;;;
СусловВВ;;;;
СусловИА;;;;
СуходольскийПА;;;;
СухоровскийМГ;;;;
Сырнев;;;;
СыровВА;;;;
СычковФВ;;;;
ТаккеБА;;;;
ТалепоровскийВН;;;;
ТамановАИ;;1;1;
ТамбиВН;;;;
ТарховКД;;;;
ТарховНА;;;5;
ТатевосянцЕМ;;;;
ТатлинЕВ;;;;
Таубе;;;;
ТаулоуФ;3;;;
ТвердаяЕМ;;;;
ТворожниковИИ;;;;
ТерпиловскаяТН;;;;
ТерпсихоровНБ;;;;
ТеснерАА;;;;
ТеснерГГ;;;;
ТидекеАЭ;;;;
ТиевскийК;;;;
Тизенгаузен;;;;
ТильбергРХ;;;;
ТимашевАЕ;;;;
Тиморев;;;;
ТимофеевВС;;;;
ТимофеевВТ;;;;
ТимофеевГ;;;;
ТимусАК;;;;
ТихмироваЕН;;;;
Тихова-ФинкельштейнМЛ;;;;
ТиховВГ;;;;
ТихомировИВ;;;;
ТишинВЯ;;;;
ТищенкоН;;;;
ТкаченкоВИ;;;;
ТкаченкоМС;;;;
ТовастшернаКА;;;;
ТолстаяСИ;;;;
ТомашевичБТ;;;;
ТомбаК;;;;
ТомовФИ;;;;
ТопаловаОС;;;;
Топелиус-КиселеваЕК;;;;
ТоппелиусВФ;;;;
ТраилинСА;;;;
ТрамбицкийАЕ;;;;
ТраунбергВИ;;;;
Трембач;;;;
ТретьяковаОН;;;;
ТрифоновИТ;;;;
ТрифоновПВ;;;;
ТроновВА;;;;
ТроупянскийЯА;;;;
ТрофименкоНА;;;;
ТрояновскийВ;;;;
ТрояновскийОИ;;;;
ТрубецкаяОН;;;;
ТрубецкойП;4;;;
ТружанскийЛВ;;;;
ТрутневИП;;;;
ТрутовскийКА;;;;
ТулуповСИ;;;;
ТупицынБИ;;;;
ТуржанскийЛВ;;;;
ТурлыгинЯП;;;;
ТурченкоЛГ;;;;
ТхоржевскаяТИ;;;;
ТычинкинММ;;;;
ТюринИА;;;;
УваровНМ;;;;
УводскаяЕВ;;;;
УдальцеваНА;;;;
УконинНА;;;;
УлинАА;;;;
УльнинИЕ;;;;
УльяновНП;;;2;
УрлаубЕФ;;;;
УрлаубЛЯ;;;;
УткинП;;;1;5
УхановаАВ;;;;
УхтомскийСА;;;;
Ушаков-ПоскочинМВ;;;;
УшинАА;;;;
ФалилеевВД;;;;4
ФаллизАГ;;;;
ФалькРР;;;;
ФеглерИГ;;;;
ФеддерсЮИ;;;;
ФедороваМА;;;;
ФедоровЕВ;;;;
ФедоровИК;;;;
ФедоровИП;;;;
ФедоровичВН;;;;
ФёдоровМС;;;;
ФедотовИ;;;1;
ФельдманКА;;;;
ФельтенВФ;;;;
ФендикВК;;;;
ФеофилактовНП;;2;;
Фетваджиан;;;;
Фибих;;;;
ФилиповКН;;;;
Филонов;;;;
ФильковичКИ;;;;
ФинкельштейнВЯ;;;;
ФлавицкийКД;;;;
ФовелинАИ;;;;
ФогельБА;;;;
Фоглер;;;;
ФокинНМ;;;;
ФоминИА;;;24;21
Фон БокАР;;;;
Фон ВистингаузенАА;;;;
Фон-Визен;;;;
Фонтано;;;;
Форен;2;;;
ФорселлесА;;;;
ФранкГ;;;;
ФредерикЛ;22;;;
Фрейвирт-ЛютцовОО;;;;
ФренцРР;;;;
ФренцРФ;;;;
ФроловАА;;;;
ФроловАП;;;;
ФроловВА;;;;
ФроловДП;;;;
ФроловскийП;;;;
ХалявинНФ;;;;
ХаритоновНВ;;;;
ХарламовАА;;;;
ХарламовМЕ;;;;
ХарламовМЯ;;;;
ХарламповичАА;;;;
ХижинскийЛС;;;;
ХимонаНП;;;;
ХлудовНГ;;;;
ХныгинЛА;;;;
ХолодовскийМИ;;;;
ХолявинНО;;;;
ХохряковНН;;;;
ХрамцовНА;;;;
ХреновАС;;;;
ХрусловЕМ;;;;
ХрусталевАИ;;;;
ХрусталевВЯ;;;;
ХрустачевНИ;;;;3
ХудояровВП;;;;
Хутари;;;;
Царевская-НаумоваВК;;;;
ЦветковБИ;;;;
ЦейдлерВП;;;;
ЦейдлерКФ;;;;
ЦейдлерНА;;;;
ЦелинскийСО;;;;
ЦионглинскийИФ;;;;
ЦионглинскийЯФ;1;8;16;
ЦириготтиНГ;;;;
Цурмюлен;;;;
ЦыхановскийММ;;;;
ЧагинФИ;;;;
ЧайковскаяОВ;;;;
ЧахровЯА;;;;
Чемберс-БилибинаМЯ;;2;7;1
ЧепцовСМ;;;;
ЧереповАВ;;;;
ЧеркасовПА;;;;
ЧеркасскийАМ;;;;
Черневская-ШульцЕД;;;;
ЧерновВ;;;;
ЧерновНН;;;;
Чернов-ПлесскийЛМ;;;;
ЧернышевТП;;;;
ЧерчоповА;;;;
ЧесноковПВ;;;;
ЧехонинСВ;;;;
ЧижеваМИ;;;;
ЧижовМА;;;;
ЧикалинаМН;;;;
ЧириковАИ;;;;
ЧиркаФА;;;;
ЧиркинАД;;;;
ЧистосердовВ;;;;
ЧистяковПП;;;;
ЧичелевНИ;;;;
ЧугуновАИ;;;;
ЧуевЗХ;;;;
ЧуйкоМС;;;;
ЧумаковФП;;;;
ЧупятовЛТ;;;;
ЧурлянисНК;;1;102;
ШабунинНА;;;;
ШагалИ;;;;
ШалагиноваЕГ;;;;
ШамраевВП;;;;
ШамшинПМ;;;;
ШанксЭЯ;;;;
ШаньковскийБГ;;;;
ШапошниковаЕМ;;;;
ШараповДФ;;;;
ШариковНД;;;;
ШарлеманьАИ;;;;
ШарлеманьОА;;1;;
ШатиловНИ;;;;
ШафранМЛ;;;;
ШаховскаяМА;;;;
ШаховскойНП;;;;
ШваревМС;;;;
ШебекоЕИ;;;;
ШевченкоАВ;;;;
ШелинговскийПА;;;;
ШелковыйСТ;;;;
ШельлхаутЛ;;;;
ШемякинМФ;;;;
ШендеревАС;;;;
ШербиновскийДА;;;;
ШервашидзеАК;;7;;
ШервудЛВ;;;;
ШервудСЛ;;;;
ШереметевВВ;;;;
ШестеркинМИ;;;;
ШестопаловНИ;;;;
ШибановАГ;;;;
ШильдерАН;;;;
ШильцовПС;;;;
ШиповПД;;;;
ШитиковВД;;;;2
ШишкинИИ;;;;
ШишковМА;;;;
ШкляревичКК;;;;
ШкольникИС;;;;
ШлейнНП;;;;
ШлейферНГ;;;;
ШлейфертЦЯ;;;;
ШлуглейтИМ;;;;
ШляковВД;;;;
ШмаковНН;;;;
ШмаровПД;;;;
ШмидтЕГ;;;;
ШолпоЕА;;;;
ШостаченкоАА;;;;
ШохинАН;;;;
ШохинДМ;;;;
ШперерЭФ;;;;
ШредерИН;;;;
ШрейберВП;;;;
ШрейберПП;;;;
ШренкГА;;;;
ШретерМВ;;;;
ШтейнманЛХ;;;;
ШтемберВК;;;;
ШтрасерВБ;;;;
ШтурманАИ;;;;
ШтюрцвагеЯ;;;;
ШульманСБ;;;;
Шульц-БертрамП;;;;
ШульцБН;;;;
ШульцВМ;;;;
ШульцеАГ;;;;
ШурыгинАА;;;;
ШухаеваЕН;;;;
ШухаевВИ;;;;
ЩанкинВН;;;;
ЩербаковВС;;;;
ЩербатовС;2;;;
ЩербиновскийДА;;;;
ЩербовПЕ;;1;;
ЩеткинНП;;;;
ЩукинПЕ;;;;
ЩукоВА;;;4;
ЩусевАВ;;;;
ЭберлингАР;;;;
Эборович-ЗалысскаяЕ;;;;
ЭгизБИ;;;;
ЭдвардсБВ;;;;
ЭдельфельдтАА;4;;;
ЭдуардсБВ;;;;
ЭйгесВР;;;;
Эйзгаузен;;;;
ЭйсенгардтИС;;;;
ЭйсмондФИ;;;;
ЭйсснерАП;;;;
ЭкгорстВЕ;;;;
ЭкгорстьВЕ;;;;
ЭкстерАА;;;;
ЭлертНЛ;;;;
Эльпе;;;;
ЭмерикАГ;;;;
ЭммеВВ;;;;
ЭндауроваЛМ;;;;
ЭнкельМ;3;;;
ЭрихсонЛР;;;;
Эрнефельд;;;;
Эрро-Раута;;;;
ЭскинСС;;;;
ЭссенБН;;;;
ЭтлингерМВ;;;;
ЭшкишевичВ;;;;
ЭшлиманВК;;;;
ЮдинСП;;;;
Юнгблют;;;;
ЮнгеЕФ;;;;
Юнкер-КрамскаяСИ;;;;
ЮнонКФ;;;;
Юргенсон-СнигереваАП;;;;
ЯблочкинВА;;;;
ЯвленскийАА;;;;
ЯкобиВИ;;;;
ЯкобиСП;;;;
ЯковлевАЕ;;;;21
Яковлева-ШапоринаЛВ;;;;
ЯковлевВИ;;;;
ЯковлевГГ;;;;
ЯковлевМН;;;;
ЯкуловГБ;;8;3;8
ЯкунчиковаМ;8;;;
ЯнковМД;;;;
ЯновАС;;;;
ЯновскийЛВ;;;;
ЯремичСП;;3;4;
ЯрошенкоНА;;;;
Яругский-ЭругаЯМ;;;;
ЯрцевГФ;;;;
ЯсинскийАА;;;;
ЯсинскийИИ;;;;
ЯстребцовНП;;;;
ЯстржембскийАС;;;;
ЯцимирскаяО;;;;
ЯцуньскийБ;;;;
