name;1915;1917
Allonge;;
Ferrari;;
LeFauconnier;;
PelicierG;;
Pomma;;
Raymondi;;
WoizyC;;
АбрамовАИ;;
АбриЛ;;
АвеншепсГ;;
АветисьянГА;;
АвиловМИ;;15
АгафоновЕА;;
АдамсонАИ;;
АдтКФ;;
АйвазовскийИК;;
АкимоваЮВ;;
АкишинПИ;4;
АккерЭ;;
АксенюкПД;;
АладжаловМХ;;
АлександроваЕВ;;
АлександровНН;;
АлександровскийСФ;;
Александров-ТитовскойНА;;
АлексеевАА;;
АлексеевВВ;;1
АлексеевВМ;;
АлексеевГД;;
АлексеевНВ;14;
АлексоматиНХ;;
АлферьеваСВ;;
АльбрехтЛГ;;
Альквист;;
Альстедт;;
АльтаманН;;
АльтенбергИГ;;
АльхимовичК;;
Аман-Жан;;
АммонВ;;
АммосовСН;;
АмосоваОФ;;
АндерсонЕК;;
АндреевВИ;;
АнзимироваНВ;;
АнисимовВК;;
АнисимовЮП;;
АнисфельдБИ;;
АничковАИ;;
Анкетэн;;
АнтокольскийММ;;
АнтоновАИ;;
Антропова;;
АнтроповИГ;;
АпостолиВА;;
АракелянС;;
АраповАА;;
АронсонНН;;
АрхиповАЕ;;
АрхиповСН;;16
АрчиониГ;;
АскназийИЛ;;
АстафьеваВЛ;;
АтрыганьевН;;
АтрыганьевНА;;
АуэрГД;;
АфанасьевАФ;;
АфанасьевВЯ;;5
Афанасьев-Кокель;;
АхенбахГ;;
АхочинскаяЗП;;
БабутММ;;
Багратион-МухранскаяВН;;
БадовскийАФ;;
БаженовНВ;;
БажинНН;;
БакаловичСВ;;
БаклундЭО;;
БакмансонГК;;
БакстЛС;;
БакшеевВН;;
БалашевПИ;;
БалкСМ;;
БаллодПП;;
БалльерАИ;;
БалунинМА;;
Бальц;;
БарамзинЕВ;;
БарстельсГ;;
БартВС;;
БаруздинаВМ;;
БарынинАА;;
БасинПВ;;
Бастер;;
БатуринВП;;
БауманАГ;;
БауманАЕ;;
БауманАН;;
БахНИ;;
БахРР;;
БахтеевВ;;
БахтинКН;;
БашинджагианГЗ;;
Беггрова-ГартманОФ;;
БеггровАК;;
БегерЛМ;10;
БегичевАР;;
БедросовКП;;
БезверховНП;;
БезродныйМЕ;;
БезродныйМС;;
БезродныйПВ;;
БейгульАН;;
БеккерА;;
БеклемишевВА;;
БёклинА;;
БекряшевНГ;;
БелкинВ;;
Белоусов;;
БелыйАФ;;
БельзенЯЯ;;
БелявскийМК;;
БеляевА;;
БеляковЕЕ;;
БемЕМ;;
БенарА;;
БенигКБ;;
БенкендорфДА;;
БенуаАА;;
БенуаАлекс Н;;
БенуаАльб Н;;
БергВВ;;
БерггольцРА;;
БеридтсонГФ;;
БерингерВВ;;
БеркосМА;;
БерндтсонГФ;;
БернштамЛА;;
БероянАК;;
БерсонА;;
БершадскийЮР;;
Биленкий;;
БилибинИИ;;
БильдерлингАА;;
БиркингерФ;;
БирнбаумСР;;
БлаговещенскийНД;;
БландоваМН;;
БланшЖ;;
БлахеХр;;
БлентА;;
БлиновЛД;;
БломстедтВ;;
БлощинскаяОП;;
БлуменфельдАФ;;
БлюмВИ;;
БлюментальЮЮ;;
БлюменфельдГМ;;
Бобрищева-Пушкина;;
БобровАА;;
БобровАВ;;
БобровВА;;
БобровВН;;
БобровскийГМ;;
БобровСП;;
БогаевскийКФ;;
БогатовНА;;
БогатыревВС;;
БогатыревИС;;
Богданов-БельскийНП;;
БогдановичФО;;
БогдановНП;;
БогданПГ;;
БоголюбовАП;;
БоголюбовБМ;;
БогомазовТН;;
БодаревскийНК;;
БодемюллерФ;;
Бодуэн-де-Куртенэ;;
Боженко;;
БожеряновА;;
БолдыревИЕ;;
БолотновВД;;
БольдиниД;;
Бонч-ОсмоловскаяОГ;18;
Бонч-ТомашевскийЮО;;
БоревскийН;;
БоринВМ;;
БорисовАА;;
БорисовИФ;;8
Борисов-МусатовВЭ;;
БормоткинВМ;2;
БородаевскийСО;;
БортникерДМ;;
БоруздинаВМ;8;
БоскинМВ;;
БоссиЭ;;
БоткинаМС;;
БоткинМП;;
БоткинНИ;;
БочаровМИ;;
БрагаГ;;
БрагаЭ;;
БразельЮН;;
БразОЭ;;
БраиловскаяРН;;
БраиловскийЛМ;;
БракГ;;
БрандтИ;;
БраунЭГ;;
Бредт;;
Брендель;;
БржозовскийФФ;;
БроварьЯИ;;
БродскийИИ;;
БромбергФГ;;
БронниковНК;;
БронниковФА;;
БроновицкийГФ;2;
БруниНА;;
БруниФА;;
БрускетиАЯ;;
БрухардтФК;;
БрэнгвинЖ;;
БрюлловПА;;
БрянскийМВ;;
БубликовНЕ;;
Будкевич;;
Будковская-КибальчичНТ;;
БудковскийГЯ;;
БузалевскийБМ;;
БуйндМА;;
БуйницкийРИ;;
БуковецкийЕИ;;
БукФП;;
БулацельРС;;
Бульмеринг-КороленкоЕП;;
БунинНН;;
БургардтЛО;;
Бургарт;;
БуринскаяНФ;;
БурлюкВД;;
БурлюкДД;;
БуровФЕ;;
БурхардтФК;;
БутлярСА;;
Бутэ-де-Монвель;;
БухгольцФФ;;
БухерАИ;;
БухПН;;
БыкадоровНЯ;;
БыковскийНМ;;
БылевскийФС;;
БыляшкинВВ;;30
БыстренинВИ;;
БычковВП;;
Бюлов;;
Бяльницкий-БируляВК;;
ВаальАЭ;;
ВагнерПН;;
ВаленковаСН;;3
ВалькевичМИ;;
ВальтерИФ;;
ВанДонген;;
ВарыпаеваНА;8;
ВасильевАА;;
ВасильевВН;;
ВасильевЛО;;
ВасильевМА;;
ВасильевФА;;
ВасильковскийСИ;;
ВаскиевскаяЕ;;
ВаснецовАМ;;
ВаснецовВМ;;
ВасютинскийАА;;
Ваулин;;
ВахрамеевАИ;;
ВахрушовФМ;;
ВахтерЕА;;
ВащенкоЕП;;
ВеберЯЯ;;
Вейсенгоф;;
ВейценбергАИ;;
ВекшинскийАН;;
ВелигоноваЗВ;;
ВеликановВИ;;
ВельонскийПА;;
ВельцИА;;
ВенигКБ;;
ВенигПК;;
ВеревкинаМ;;
ВеревкинФИ;;
ВерейскийГС;1;
ВерещагинВВ;;
ВерещагинВП;;
ВерещагинПИ;;
ВерещагинПП;;
ВернерАВ;;
Версилова-НерчинскаяМН;;
Вертс;;
ВерховскаяЛН;;
ВерховскийГЕ;;
ВершининИЕ;;
ВеселовПЛ;;
ВеселовскийЛР;;
ВестфаленАХ;;
ВещиловКА;;
ВжещьЕК;;
ВизельЭО;12;
ВиллевальдеАБ;;
ВиллевальдеБП;;
Виллегас;;
ВиллиамЕН;;
ВиллиеМЯ;;
ВильдеРФ;;4
Вилье;;
ВинклерКА;;
ВиноградоваОА;;
ВиноградовСА;;
ВинцманИК;;
ВинцманОИ;;
ВисковатоваЕИ;;
ВисниовскаяЕИ;;
ВистингаузенАА;;
ВитвицкийИГ;;
ВладимировИА;;
ВладимирскийБ;;
Владимирский-Киевский;;
ВласовСА;;9
ВознесенскаяАВ;;
ВоиновРВ;6;23
ВолковВВ;;10
ВолковГ;;
ВолковЕЕ;;
ВолочинковАМ;;
ВонгльСЭ;;
ВороненковВЕ;;
ВоронковВЕ;;
ВороновПФ;;
ВоронцовВВ;;
ВоротынскийДА;;
ВостингаузенА;;
ВрангельЕК;;
ВрачевИА;;
ВроблевскийКК;;
ВронскийСЕ;;
ВрубельМА;;
ВульфВВ;;
ВучичевичВД;;
ВывиорскийМИ;;
ВыезжевАН;;
ВысотскийКС;;
ГаберцеттельВ;;
ГабовичМГ;;
ГаврильцевДМ;;
ГагаринНВ;;
Гаген-ТорнМЭ;;
Гаген-ШварцЮ;;
ГадонСС;;
ГаевскийВМ;;
Галеота;;
ГалимскийВМ;;
ГалкинИС;;
ГалленА;;
Галофрэ;;
ГамбургерЛА;;
ГаммК;;
ГанзенАВ;;
ГариевичБВ;;5
ГартманК;;
ГаушАФ;;
ГаушЛ;;
ГвидоН;;
Гейерманс;;
ГейманС;;
ГеллерПИ;;
Гельдвейн-Ваулин;;
ГеНН;;
ГерардовНИ;;
ГерасимовАМ;;
ГерманГ;;
ГермашевММ;;
ГерсонВВ;;
ГершевскийСИ;;
ГефтлерКЭ;;
ГигогабаевГИ;;
ГинцбургИЯ;;
ГинцбургМГ;;
ГиньковскийПВ;;
ГиппусНН;;
ГирвАП;;
ГиршльА;;
ГлаголеваАС;;
ГлобаНВ;;
ГлущенкоДИ;;
ГляйзесА;;
ГодунЕ;;
ГолеевскаяПК;;
ГолембиовскийКИ;;
ГолицынаЕВ;;
ГоловинАЯ;;
ГоловкинГС;;
ГоловковГС;;
ГолубкинаАС;;
ГолынскийВА;;
ГольдблатЯС;;
ГольддингерЕВ;;
ГольдеЭН;3;
ГольдингерЕВ;;
ГольдманИБ;;
Гом-БаргЮЯ;;
ГончароваНС;;
ГонякИК;;
ГоравскийАГ;;
ГорбатовКИ;;
ГорбуновАК;;
ГорбуновКА;;
ГороновичВЯ;;
ГороховИЛ;;
ГорскийКН;;
Горюшкин-СкоропудовИС;;
ГосЭИ;;
ГофманнК;;
ГофманОА;;
ГоффертАЕ;11;9
ГрабарьИЭ;;
ГрабовскийВ;;
ГравеВФ;;
ГрандковскийНК;;
ГригорьевВМ;;1
ГригорьевПА;;
ГриллихесАА;;
ГриневАП;;
ГриценкоНН;;
ГрищенкоАВ;;
ГромовАА;19;7
ГросманАГ;;
ГрузенбергСН;;
ГрузинскийПН;;
ГрюнфельдМИ;;
ГугунаеваИГ;;
ГужавинММ;53;6
ГузарскийВ;;
ГузиковСМ;;
ГулевичЕА;;
ГумаликНИ;;
ГунКФ;;
ГусеваАА;;
ГусеваГ;;
ГусиковХК;;
Гюбнер-СимонисЭВ;;
ГюбнерЭВ;;
ГюрджанАМ;;
ДабижаАВ;;
ДаксергофФП;;
ДальГ;;
Д'АльгеймММ;;
Даньян-Бувере;;
ДаугельА;;
Дашенко;;
ДворниковТЯ;;
Де-Вит-МанизерСС;;
ДевяткинСЕ;;
ДевятовЯМ;;
ДегазШ;;
ДеевСС;;
Делла-ВосОЛ;;
ДенисовАК;;
Денисов-УральскийАК;;
ДеранА;;
ДержавинНМ;;1
ДерюжинскийГВ;;6
ДетерсЭВ;;
ДешинД;;
ДженеевИА;;
ДжилардиП;;
ДжогинПП;;
ДжонстонГ;;
ДиллонМЛ;;
ДилльЛ;;
ДитрихЛА;4;
ДмитриевВА;;
ДмитриевИЯ;;
Дмитриев-КавказскийЛЕ;;
Дмитриев-КавказскийН;;
ДмитриевЛЕ;;
Дмитриев-ОренбургскийНД;;
ДмитриевС;;
Дмитриев-ЧелябинскийИЯ;;
ДобрижинскийВА;;
ДобровольскийВГ;;
ДобровольскийНФ;;
ДобужинскийМВ;;
ДолговАА;;
ДолговИВ;;
ДолинВК;;
ДомарадзкийСЭ;;
ДоскинНВ;;
ДржевецкаяЛ;;
ДриттенпрейсВП;;
ДроздовИГ;;
ДрюльВ;;
ДубовскийНН;;
ДубровскийАС;;
ДудинИО;;
ДуковичСА;;
ДукшинскаяЭГ;;
ДурдинБН;;
ДурновМА;;
ДыдышкоКВ;;25
Дьякова-АлексееваМН;;
ДьяковаМН;;
Дьяконов-МичанскийДВ;;
ДюккерЕЭ;;
ЕвреиновВВ;;
ЕвсеевКИ;;
ЕгорновАС;;
ЕгорновСС;;
ЕгоровАА;;5
ЕгоровЕВ;12;
ЕгоровЛЕ;;
ЕгоровСЗ;;
ЕдельфельдА;;
ЕндогуровНИ;;
ЕрмиловИ;;
ЕрмолаевБН;;16
ЕрнефельтЕ;;
ЕсиповДА;;
ЕфимовИЕ;;
ЕфимовМЯ;;
ЕфимовНН;;
ЖабаАК;10;23
ЖабаНК;5;3
ЖаравоваАА;;
Жевакина-НикольскаяМС;;
Жеврежеев;;
ЖелтовскийИВ;;
ЖижиленкоАИ;;
ЖижиленкоГА;;
ЖилардиРС;;
ЖилинПФ;5;10
ЖильцовИО;;
ЖолтовскийИВ;;
ЖувенауИ;;
ЖудинаОД;;11
ЖудинДА;27;4
ЖуковаЛА;;
ЖуковИС;;
ЖуковскаяМБ;2;
ЖуковскийСЮ;;
ЖупахинСГ;;
ЖуравлевФС;;
ЗабеллоПП;;
ЗабоклицкийВЛ;;
ЗаболотскийПП;;
ЗаборовскийСА;;
ЗавойкоСВ;;
ЗагорскийНП;;
ЗайднерЕ;;
Зайднер-СаддЕ;;
ЗайцевК;;
ЗайцевММ;;
ЗайцевНС;;
ЗалеманГР;;
ЗалесскийСИ;;
ЗальВК;;
ЗальцманГ;;
ЗамирайлоВД;9;
Зандер-РандаловаЭЯ;;
ЗандинМП;;
ЗанковскийИН;;
Запольский-ДовнарРВ;;
ЗапорожцевВ;;
ЗарецкийАА;;
ЗарецкийНВ;;
ЗарубинВИ;;
ЗарыцкийНВ;;
ЗарянкоСК;;
ЗахаровА;;
ЗахаровИИ;;
ЗахаровФИ;;
ЗахгеймМО;;
ЗверевВА;;14
ЗданевичКМ;;
ЗедделерНН;;
ЗейденбергСМ;;
ЗеленскийММ;;
ЗельмановаАМ;;
ЗенковСН;;
ЗенченкоВМ;;
ЗеньковичНВ;;
ЗиминГД;;
ЗиминКН;;
ЗиновьевА;;
ЗиновьевПГ;;
Зихель;;
ЗлатовратскийАН;;
ЗоммерКА;;
ЗоммерРК;;
ЗоринФТ;;21
ЗубчаниновНА;;
ЗулмарЛН;;
ИваницкаяЕЕ;;
ИванкинГВ;;
ИвановАА;;
ИвановАЕ;;
ИвановаКВ;;
ИвановБМ;;
ИвановДГ;;
Иванов-ЛозовскийГМ;;
ИвановМФ;3;20
ИвановНЛ;;
ИвановПП;;
ИвановСВ;;
ИвановСП;;6
ИвашинцеваМИ;;
ИвковскийСК;;3
ИгнатьевМИ;;
Иелита-ВольскийФА;;
ИжакевичАА;;
ИжакевичИС;;
ИжевскаяМП;9;3
ИзмайловичВМ;;
ИзоевПФ;;
Икар;1;
ИконниковАД;;
ИльинЛН;;
ИльинскийВК;;
ИмеретинскаяОФ;;
ИонинНА;;19
ИоффеМС;;
ИсуповАВ;;
ЙенсенДИ;;
Кавос-ЗаруднаяЕС;;
КавтарадзеАК;;
КавтарадзеКЗ;;
КагородовАД;;
КазаковИС;;
КазановскаяМА;;
КазановскийВЛ;;
КазанцеваЕВ;;2
КазанцевВП;;
КазенЖ;;
КайгородовАД;;
КакабадзеДН;;
КалачевЕА;;8
КалашниковЕА;;
КалмаковНК;;
КалмыковГО;;
КалмыковИЛ;;
Калупов;;
КамаровВИ;;
КамбаровИА;;
КаменевЛЛ;;
КаменскийБМ;9;2
КаменскийГП;;
КаменскийПП;;
КаменскийФМ;5;
КаменскийФФ;;
КаменцеваЕИ;;
КандауровАИ;;
КандинскийВВ;;
КанольдтА;;
КанцеровАГ;;
КаплунАВ;25;6
КаразинНН;;
Каргус-СмоленскийВР;;
КардовскийДН;;
КаревАЕ;;
КарелинАА;;
Карем-ВайнштейнЕС;9;1
КаринскаяА;;
КарнеевАЕ;;
КародоссиВ;;
Карпинская-ГерунгЕГ;;2
Карпова-КоншевскаяЕГ;;
КарриерГ;;
КарцевПС;;
КасаткинНА;;
КасаткинНН;;
Кастан;;
КасцовКГ;;
КатуркинТИ;;16
КафкаВА;;
КашкадамоваЕН;;1
КелерКИ;;
КелинПИ;;
КеллерАВ;;
КеллерИП;;
КельхВФ;;
КельхПИ;;
КеммингГА;;
КерзинМА;;
КерковаСЛ;;
КибальчичТВ;;
КившенкоАД;;
КикертК;;
КирилловаАМ;6;8
КиринарскийМА;12;
КирсановКВ;5;
КирьяцкойЕО;;
КиселевАА;;
Киселев-КамскийАА;;
КиселевС;;
КисельБА;;
Китаева-ЦыхановскаяАВ;;
КитаевВН;;
КишневскийСЯ;;
КлагесФА;;
КлакачеваСЛ;;
КлевезальА;;
КлеверМ;;
КлеверО;;
КлеверЮЮ;;
Клейнек;;
КлементьевАН;;
КлеттенбергАП;5;
КлименкоД;;
КлименкоДВ;;
КлодтМК;;
КлодтМП;;
КлодтНА;;
КлодтПК;;
КлокачеваЕН;;
КлоповВА;;
КлюкКФ;;
КлюшниковСА;;
Кнюпфер;;
КнязьковаВВ;;
КовалевскийПО;;
Ковальская-ИльинаПВ;;
КозловВВ;;
КозловПС;;
Козловская;;
КозловскаяМА;;
КокелинФ;;
КолесниковИО;;
Колесова-РощинаАИ;;
КолпаковскаяВН;12;
КолупаевДА;;
КомароваАТ;;
КомаровВП;;
КомаровДВ;;
КомашкоАМ;;
КонашевичВМ;26;
КондерШ;;
КондратенкоГП;;
КондратенкоКП;;
КондратьевВВ;;1
КоненковСТ;;
КонновАИ;4;5
КоноваловаАС;;
КоноваловВВ;;
КонстантиноваАО;;
КонстантиновНК;;
КонстантинопольНК;;
КончаловскийПП;;
КоптевГН;;
КореневВФ;;
Коренев-НовороссийскийВФ;;
КорженевскийС;;
КорзухинАИ;;
КоринАМ;;
КоринсскаяА;;
КорневВФ;;
КорнеевФМ;;
КорниловНВ;;
КоробковСТ;;
КоровинКА;;
КоровинПИ;;
КоровинСА;;
КорогодовСМ;;
КоролевАП;;1
КорсаковЮП;;
КорсунМП;;
КорфВН;;
КосмаковИА;;
КоссакВ;;
КостандиКК;;
КостенкоКЕ;22;
КостенкоСП;;
КострицЛМ;;
КотарбинскийВА;;
КотляревскийАМ;;
КотовГИ;;
КохПП;;
КоцебуАЕ;;
КочетоваОА;;
КошелевНА;;
КравченкоАИ;;
КравченкоНИ;;
КрамскаяСИ;;
КрамскойИН;;
КрандиевскаяНВ;;
КрапоткинаМН;;
КрарупТФ;;
КрасиковВА;;
КрасковскийИЕ;;
КраснухаСП;;
КраснушкинаЕЗ;;
КрасовскийНП;;
КрачковскийИЕ;;
КрейтанВП;;
КремерБД;;
КремерБС;;
Крепер;;
КрествоскийИВ;;1
КрестианполПИ;;
КречининСИ;;
КржешИИ;;
КржыжановскийКМ;;
КривошеинСВ;;
Крошечкин-КрошицкийМП;;
КругликоваЕС;12;
КрчинскийСС;;
КрыжицкийКЯ;;
Крылов;;
КрыловИИ;;
КрымовНП;;
КрюковВС;;
КсеньеваЛ;;
КсидиасПС;;
КубинО;;
КубицкийВН;;
КувакинК;;
КувшинниковаСП;;
КудрявцеваВА;;1
КудрявцевАИ;;
КудрявцевСИ;;
КузнецовВВ;;
КузнецовКП;;
КузнецовНД;;
КузнецовП;;
КузьминаНА;;
КуинджиАИ;;
КулагинаСО;;
КулешаМК;;4
КуликовИС;;
КуммингАА;;
КуммингГА;;
КупринАВ;;
КурбатовМА;;
КуреннойАА;;
КуриарПП;;
КуриарьПП;;
КуринАВ;;
КурпатовАВ;;
КусковАА;;
КустодиевБМ;;
КустодиевКБ;;5
КучинскийСИ;;
КучумовВН;;12
Кюгельген;;
КюгельхенСК;;
КюнАМ;;
КюфферлеПО;;
ЛаверецкийНА;;
ЛагардП;;
Лагода-ШишкинаОА;;
ЛагориоЛФ;;
ЛадыженскийГА;;
ЛажечниковАИ;;
Лазарев-СтанищевСН;;
ЛаманскаяАК;;
ЛансгофЛЭ;;
ЛансереЕА;;
ЛансереЕЕ;;
ЛансереНЕ;9;
ЛанскойИИ;;
ЛапускинИВ;2;
Лапчинский;;
Лапшина-СоколоваВН;;
ЛапшинГА;;
ЛарионовМФ;;
Лассон-СпироваЭА;;
ЛатриМП;;
ЛатушГ;;
ЛатышеваА;;
ЛаудонЕО;;
ЛаховскийАБ;;
ЛебедевАИ;;
ЛебедевВВ;;
ЛебедевКВ;;
ЛебедевНМ;;
ЛебланМВ;;
ЛевандовскийВН;1;
ЛевиМБ;;
ЛевинКП;;
ЛевитанИИ;;
ЛевитскийВН;;
ЛевицкийРС;;
ЛевкиевскийВВ;;
ЛевотГА;;
ЛевченкоИИ;;
ЛевченкоПА;;
Ле-ДантюМВ;;
Леднев-ЩукинСЕ;;
ЛеманЮЯ;;
ЛемохКВ;;
ЛенбахФ;;
ЛенскийЗА;;
ЛентуловАВ;;
ЛеонгардтФ;;
ЛеонсМН;;
ЛепетичНН;;
ЛермиттЛ;;
ЛермонтоваНВ;;
ЛесючевскийВИ;5;
ЛехтФ;;24
ЛиберихНИ;;
ЛиберманнМ;;
ЛибшерК;;
ЛизакИЛ;;5
ЛиндеманАЭ;;
Липа;;
ЛипгартЭК;;
ЛисенерЕА;;
ЛисицинБМ;;
ЛисснерЭЭ;;
ЛитвиненкоАМ;26;
ЛитвиновИИ;;
ЛитовченкоНД;;
Лихачева;;
ЛихачевКА;;
ЛищевВВ;;2
Лобанов;;
ЛобужинскийМВ;;
ЛоккенбергВА;;
ЛоренцНЕ;;
ЛоренцНФ;;
ЛосеваВИ;1;
ЛосевНД;;
Луговская-ДягилеваТА;;
ЛузановСЭ;;
ЛукичЖА;;
ЛукомскийГК;;
Лукш-МаковскаяЕ;;
ЛупановАР;;
ЛучшевСЯ;;
ЛыпиловКМ;;3
ЛысенкоАВ;;
ЛысенкоКА;;
ЛысовЯИ;;9
ЛьвовИА;4;
ЛьвовПИ;;
ЛюбавинаН;;
ЛякинТП;16;
ЛяликоваЕИ;;
ЛясковскаяОА;;
МагдесианЭЯ;;
МадейскийАБ;;
МазуровскийВВ;;
МайейргаймП;;
МайковНА;;
МаймонМЛ;;5
МакаревскийАД;;
МакароваНД;;
МакаровИК;;
Мак-НейлУД;;
МакоАЭ;;
МаковскаяАЕ;;
МаковскийАВ;;
МаковскийВЕ;;
МаковскийКГ;;
МаковскийКЕ;;
МаковскийНЕ;;
Маковский-ПогорельскийЯК;;
МаксГ;;
МаксимовАО;;
МаксимовВМ;;
МаксимовМВ;;
МалаховскаяМА;;
Малеваная-ЗарыцкаяИА;;
МалевичКС;;
МалешевскаяЕМ;;14
МалининИС;;
МалышевВК;;
МалышевЕИ;;16
МалышевМГ;;
МалышевМЕ;;
МалышевНТ;;
МалютинСВ;;
МалявинФА;;
МамонтовМА;;
МамонтовСС;;
МанасеинаТВ;;
МанганариАВ;;
МанизерГМ;;
МаныламММ;;
МардеросовЛИ;;
МаринаЗВ;;
МаркеловСП;;
МаркичевМА;;10
МарковАА;;
МарковБН;;
МартынА;;
МартыновА;;
МартыноваЕН;;
МартыновДН;;
МартыновичАС;;
МаслениковНЕ;;
МасютинВН;;
МатвеевАТ;;
МатвеевМА;;
МатвеевНС;;
МатвеевСА;;
МатвейВИ;;
МатэВВ;;
МатюшинМВ;;
МаурицдеВламик;;
МацкевичИИ;;
МашарГ;;
Машинский;;
МашковВН;;
МашковИ;;
МаяковскийВВ;;
МедемПР;;
Мейердал;;
МейзейМО;;
МейзеМО;;
МейстерЛ;;
МенарР;;
МенделевичИА;;
МензгаузенЕФ;;
МенкВК;;
МенсгаузенЕФ;;
Мери;;
МертенЕП;;
МесниковКИ;;
МетловаАА;;
МещеринНВ;;
МещерскийАИ;;
МизернюкМЯ;22;42
МикешинаТЛ;;
МикешинСМ;;
МикулиА;;
МилевскийИР;;
МилиотиНД;;
МиллерЕВ;;
МиллерЭА;;
МилорадовичСД;;
МилославинФА;;
МильманА;;
МилютиНД;;
Минасианц;;
МинченковЯД;;
МироновичПН;;
МиссАВ;;
МитрохинДИ;35;3
МитяевПН;;
МихайловаКИ;;
МихайловаОП;;
МихайловИИ;;
МихайловИТ;;
МихайловММ;;
МихайловПН;;9
МихайловскаяНВ;10;
МихайловскийАН;;
МихальцеваЕП;;
МихеевМИ;;
МишеваЕИ;;
МогилевскийАП;;
МодоровФА;;14
МокиевскаяМИ;;
МоласНП;;
МоллерФА;;
МоллотТА;8;
МоловМВ;;
МоловМЦ;;
МолявкинИВ;;
МоравовАВ;;
МоргуновАА;;
МордасевичКЛ;;
МордовинВИ;;3
МоревНН;;
МорицФЭ;;
МоровавовАВ;;
МороГ;;
МорозовАИ;;
МороЛА;;
МоскаленкоАН;;
МоскаленкоПД;;
МостоваЗЯ;;
Мошков;;
МудролюбовПВ;;
МузалевскийБМ;;
Мультановский;;
МультановскийЮТ;;
МунтергельмМ;;
МуравьевВЛ;;
МуратовАД;;
МуратовБерндтеон;;
МуратовМД;;
МурашкоАА;;
МуромцевФА;;
Мусин-ПушкинНС;;
МусселиусМВ;;
МууккаЭ;;
МышковВН;;
Мюнтер;;
МясоедовГГ;;
НавозовВП;;
НагубниковСА;;
НаикольскийНН;;
НайдеровИВ;;
НаленчВИ;;
Налепинская;;
НапиерскаяБВ;;
НарбутГИ;;
НаседкинСН;;
НатальинаОН;;
НаумовАА;;
НаумовПС;5;
НащекинД;;
НеведовичЕЮ;;
НеведомыйИ;;
НевинскийАИ;;
НевревНВ;;
НевядомскийА;;
НедлерСГ;;
НедовичЕЮ;;
НедокучаеваОН;2;
НекулинАО;;
НеленчВИ;;
НерадовскийПИ;4;
НестеровГД;;
НестеровМВ;;
НестеровФП;;21
НефТА;;
НечаевАМ;;
НечаевМА;;
НечитайловВН;;
НиканоровСГ;;
НикитинВА;;
НикитинВП;;5
НикитинНН;;
НикитинСА;;
НикифоровСГ;;
НиколаевНН;;
НикольскийНС;;
НиконовИФ;;
НикулинАО;;
НилендерКГ;;
НилусПА;;
НифтрикГЯ;;
НоаковскийСВ;;
НовиковАГ;;22
НовиковаЕН;;
НовиковМН;;6
Новинский;;
НоводворскаяВД;;
НовоселовВТ;6;
НовоскольцевАН;;
НозиковаЕН;12;
Ностиц-ЯцковскаяМФ;;
Нысцушко-БуйницкийРИ;;
НюнинИЕ;;
ОберАЛ;;
ОвсянниковВП;;
ОвсянниковЛФ;;
ОвсянниковСО;;3
ОвчинниковНХ;;
ОколовичНА;;
О'КоннелРР;;
ОкроянцДГ;;
ОленинаВА;;
ОлсуфьеваСВ;;
ОльгинаО;;
ОлькойнЭА;;
ОнуфриеваНВ;;
ОреховВП;;12
ОрловАГ;;
ОрловНВ;;
ОрловскийВД;;
ОсоргинаАК;;
ОстроменцкийАА;;
Остроумова-ЛебедеваАП;7;
ОстроуховИС;;
ОтмарВО;;
ПавлиновАС;;
ПавлиновПЯ;;
ПавловАИ;;
ПавловВП;;
ПавловИН;;
ПавловПН;;
ПавловСА;2;
ПавлюченкоГЕ;;
ПадуровАА;;
Пазетти;;
ПалаткоДМ;;
ПаленМИ;;
ПаленНК;;
ПалинМИ;;
Палшков;;
ПальгуновА;;
ПанеНН;;
ПанеНП;;
ПанинМН;;5
ПанкульИП;;1
ПановНЗ;;
Паприц;;
ПарландАА;7;5
ПассИА;;
ПастернакЛО;;
ПаульсонАВ;;
ПашкевичЖА;;
ПашковГФ;;2
ПащенкоВМ;;
ПедашенкоМИ;;
ПелевинИА;;
ПемеллерАА;;
ПеньковскийИЛ;;
ПервухинКК;;
ПереплетчиковВВ;;
ПерминовВТ;;
ПеровВГ;;
ПершинАС;;
ПестинскийБ;;2
ПетерсАФ;;
ПетренкоАГ;;
ПетрижицкаяМК;;
Петров-ВодкинКС;;
ПетровичевПИ;;
ПетровНФ;;3
ПетровСИ;;
ПетровскийИВ;;2
ПечатинВА;;
ПименовНС;;
ПимоненкоНК;;
ПиотровичСК;;
ПироговНВ;;
ПиросманашвилиН;;
ПисаховСГ;;
ПисемскийАА;;
ПищалкинАА;;
ПищалкинЛФ;;
ПлатоновХП;;
ПлатуновМ;;4
ПлачекМН;;
ПлевакоНА;;
ПлетневЛА;;
ПлешаковВС;28;
ПлешановПФ;;
ПлещинскийИН;5;
ПлигинАП;;
ПлискоАЯ;;
ПлотниковВА;;
ПогосскаяСА;;
ПодвысоцкийМВ;;
ПодозеровИИ;;
ПодосеновПВ;;
ПодтыканыйА;;
ПодушкоЭГ;;5
ПожалостинИП;;
ПожарскийВИ;;
ПожарскийСМ;22;
ПозенМВ;;
ПокаржевскийПД;;5
ПоленоваЕД;;
ПоленовВД;;
ПоловинкинВП;;
ПолонскаяЖА;;
ПолунинВЯ;;
ПольРобер;;
ПоляковЕИ;;
ПоляковИИ;;
ПоляковНП;;
ПоляковПИ;;
ПомеранцевММ;;
ПоперечныйНМ;2;
ПопковИГ;;4
ПоповАА;;
ПоповаЛС;;
ПоповАН;;6
Попова-ТимореваЮА;;
ПоповВН;;
ПоповЛВ;;
ПоповМП;;
ПоповНЯ;;
Порай-КошицБВ;;
ПороховниковПИ;;
ПорфировИФ;;
ПосполитакиЕИ;;
ПостниковСП;;
ПотаповМА;;
ПотипакаП;;
ПраведниковЕИ;;
ПрадоА;;
ПраховаАЯ;;
ПремацциЛО;;
ПриселковСВ;12;
ПрозоркевичВМ;;
ПрокофьевАМ;;
ПрокофьевДД;;
ПроскурнинИМ;;
Протейкинский;;
ПротопоповНА;;
ПрянишниковИМ;;
ПрянишниковИП;;
ПсковитиновЕК;;
ПузыревскийПИ;;
ПуниИ;;
ПурвитВЕ;;
ПуцБА;;
ПчелинВН;;
ПыневК;;
ПыринМС;;
ПэнЮМ;;
Пювис-де-Шаванн;;
ПясковскийВН;;
ПястушкевичКО;;
РабиновичГИ;;
РадимовПА;;11
РадинВН;;
Радлов;;
РаевскийАД;;
РаевЮА;;
РазмарицинАП;;
РазниченкоФП;;
Разумный;;
РазумовскаяАИ;;
РазчубкинАН;;3
РайлянфР;;
РайноваСК;;
РассадинАА;4;
Ратынова-РожковаМФ;;
РауловИ;;
Раушь-фон-ТраубенбергКК;;
РаффаэллиИ;;
РацульАП;;
РашевскийИГ;;
РевенскийЕН;;
РедковскийАА;;
РедлихГС;;
РезановВМ;;
РезниковМВ;;
РеймерсИИ;;
Рейнгольдтфон-Моллер;;
РейтернЕП;;
РейхардтЕИ;;
Ремер;;
РендичИ;;
РепинаВИ;;4
РепинИЕ;;4
РепинЮИ;;1
РерихНК;;
РжевскаяАЛ;;
РивьерГ;;
РизниченкоФП;;
РицониАА;;
РицониЕП;;
Ришомм;;
РоговАП;;
РоговинНЕ;;
РождественскийВВ;;
РозановаОВ;;
РозановНВ;;
РозенГВ;;
РозенИВ;;
РозенИС;;
РозентальЯМ;;
РозенЯС;;
РозинскийГН;;
РокачевскийАЕ;;
РомановичСМ;;
Романовский-РоманьковичАС;;
РоммАГ;;
РоотНФ;;
РостворовскийСР;;
РостиславовАА;;
РошА;;
РощубкинА;;
РубоФА;;
РубцовАА;;
РудаковКИ;3;
РудольфЭрбслох;;
РужниковНП;;
Рульс;;
Рундальцев;;
РундальцевЛВ;;
РундальцовМВ;;
РусаковАИ;11;
Рушевская;;
РущицФЭ;;
РыбаковИГ;;
РыловАА;;
РындзюнскаяМД;;
РындинаН;;
РыпинЮИ;;
РюссР;;
РябининНН;15;14
РябушинскийСП;;
РябушкинАП;;
СабоНН;;
СавеловПК;;
СавинковВВ;;
СавинскийВЕ;;
СавицкийГК;;11
СавицкийКА;;
СаврасовАК;;
СагайдачныйЕЯ;;
СаддИИ;;
СаксенКФ;;
СаксНЭ;;
СалаПО;;
СалтыковМД;;
СальмонЭФ;;
СамойловаАМ;;
СамойловаВА;;
СамойловПВ;5;
СамокишНС;;1
СамуйльсонЕФ;;
СапуновНН;;
СарьянМС;;
СаскоМА;;2
СафоновАП;;
СахаровАА;;
СванИ;;
СварогВС;;
СведомскийПА;;
СверчковНЕ;;
СветлицкийГП;;
СвецаС;;
СвиридовБП;;
СвятославскийСИ;;
СевастьяновСА;;
СеверинИ;;
СеверовММ;;
СедловАФ;;
СедовГС;;
СейтгофПС;;
СелезневИФ;;
СеливачеваЕС;;
СеменоваАЕ;;
СеменовАН;;1
Семенова-Тянь-ШанскаяВД;15;5
СемизороваГФ;;3
СемирадскийГО;;
СергеевНА;;
СергеевНС;;8
СеребряковаВ;;
СеребряковаЗЕ;;
СерегинПИ;;
СеровВ;;
СестрженцевичСС;;
СигнакП;;
СиливановичНП;;
СиливановичНЮ;;
СимовВА;;
СимонЛ;;
СиндинкО;;
Синоди-ПоповДМ;;
СиняверММ;13;4
СиренкоКГ;;
СиферсПЕ;;
Скадовский;;
СкалонАВ;;
СкворцевЯА;;
СкворцоваЮИ;;
СкворцовЯА;;
СкиргеллоАБ;;
СкиргеллоББ;;
СкляровПА;;
СкорняковХН;;
СкосаревскаяНП;;
СкуйеИА;;
СластионовАГ;;
СлепянМГ;;
Слободянюк-ПодолянСИ;5;5
СловцовАМ;;
СлыпянМГ;;13
СмеловПА;2;6
Смирнова-ИвановаЕА;;
СмирновВС;;
СмирновНА;;9
СмотрицкийПФ;;
СмукровичПИ;;
СнигиревскийАВ;;
СоколовАП;;
СоколовВИ;;
СоколовВП;;
СоколовК;;
Соколов-ОльховскийИО;;
СоколовскийЭК;;
СолнцеваГ;;
СоловьеваНП;;
СологубЛГ;;
СоломахаВМ;;
СоломкоСС;;
СоломонА;;
СоломоновМИ;;
СолунКИ;;
Сомова-ЗельдерАП;;
Сомова-МихайловаА;;
СомовК;;
СомовКА;;
Сорин;;
СосионковАВ;;
СотниковЕМ;;2
СофроноваАФ;;
СпандиковЭК;24;2
СпасскийВВ;;
СпесивцевПН;13;5
СрединАВ;;
СтабровскийКА;;
СтадницкийПГ;;
СтанкевичЮА;;
СтаркАА;;
СтароносовП;;
Стахеева-КашкадамоваЕ;;
СтеллецкийДС;;
СтепановаВН;;
СтепановАН;;
СтепановАС;;
СтепановичКП;;
СтепановКП;;
СтеценкоАВ;;
СтигельР;;
СтилианудиАН;;
СтолицаЕИ;;
СтоляровКД;;
СтоляровНД;;
СторожевскийН;;
СтраховскийВК;;
СтрашинскийЛ;;
СтребловИБ;;
СтрелковскийАИ;;
Стрельникова;;
СтрубинскийВИ;;
СтрукГН;;
СтрунниковНИ;;
СубботинПИ;;
СудейкинСЮ;;
Судковская-СамокишЕП;;
СудковскийМС;2;6
СудковскийРГ;;
СудьбининСН;;
СумароковПС;;
СуреньянцВЯ;;
СуриковВИ;;
СусловВВ;;
СусловИА;2;
СуходольскийПА;;
СухоровскийМГ;;
Сырнев;;
СыровВА;;
СычковФВ;;
ТаккеБА;;
ТалепоровскийВН;6;
ТамановАИ;;
ТамбиВН;7;
ТарховКД;;
ТарховНА;;
ТатевосянцЕМ;;
ТатлинЕВ;;
Таубе;;
ТаулоуФ;;
ТвердаяЕМ;;
ТворожниковИИ;;
ТерпиловскаяТН;;
ТерпсихоровНБ;;
ТеснерАА;;
ТеснерГГ;;
ТидекеАЭ;;
ТиевскийК;;
Тизенгаузен;;
ТильбергРХ;;
ТимашевАЕ;;
Тиморев;;
ТимофеевВС;;
ТимофеевВТ;;
ТимофеевГ;;
ТимусАК;;
ТихмироваЕН;;
Тихова-ФинкельштейнМЛ;;
ТиховВГ;;
ТихомировИВ;;
ТишинВЯ;;
ТищенкоН;;
ТкаченкоВИ;;18
ТкаченкоМС;;
ТовастшернаКА;;
ТолстаяСИ;;
ТомашевичБТ;;
ТомбаК;;
ТомовФИ;;
ТопаловаОС;;
Топелиус-КиселеваЕК;;
ТоппелиусВФ;;
ТраилинСА;;
ТрамбицкийАЕ;;
ТраунбергВИ;;
Трембач;;
ТретьяковаОН;;
ТрифоновИТ;;
ТрифоновПВ;;
ТроновВА;8;
ТроупянскийЯА;;2
ТрофименкоНА;;
ТрояновскийВ;;
ТрояновскийОИ;;
ТрубецкаяОН;;
ТрубецкойП;;
ТружанскийЛВ;;
ТрутневИП;;
ТрутовскийКА;;
ТулуповСИ;;
ТупицынБИ;;
ТуржанскийЛВ;;
ТурлыгинЯП;;
ТурченкоЛГ;;
ТхоржевскаяТИ;;
ТычинкинММ;;
ТюринИА;;
УваровНМ;;
УводскаяЕВ;;
УдальцеваНА;;
УконинНА;;
УлинАА;6;4
УльнинИЕ;;
УльяновНП;;
УрлаубЕФ;;
УрлаубЛЯ;;
УткинП;;
УхановаАВ;;
УхтомскийСА;;
Ушаков-ПоскочинМВ;7;
УшинАА;;6
ФалилеевВД;;
ФаллизАГ;;
ФалькРР;;
ФеглерИГ;;
ФеддерсЮИ;;
ФедороваМА;;
ФедоровЕВ;;
ФедоровИК;;
ФедоровИП;;
ФедоровичВН;;36
ФёдоровМС;;
ФедотовИ;;
ФельдманКА;;
ФельтенВФ;;
ФендикВК;;
ФеофилактовНП;;
Фетваджиан;;
Фибих;;
ФилиповКН;;
Филонов;;
ФильковичКИ;;
ФинкельштейнВЯ;;
ФлавицкийКД;;
ФовелинАИ;;
ФогельБА;;
Фоглер;;
ФокинНМ;;
ФоминИА;;
Фон БокАР;;
Фон ВистингаузенАА;;
Фон-Визен;;
Фонтано;;
Форен;;
ФорселлесА;;
ФранкГ;;
ФредерикЛ;;
Фрейвирт-ЛютцовОО;;
ФренцРР;15;
ФренцРФ;;
ФроловАА;;
ФроловАП;;
ФроловВА;;
ФроловДП;;
ФроловскийП;;
ХалявинНФ;;
ХаритоновНВ;;
ХарламовАА;;
ХарламовМЕ;;
ХарламовМЯ;;
ХарламповичАА;;
ХижинскийЛС;16;
ХимонаНП;;
ХлудовНГ;;
ХныгинЛА;;7
ХолодовскийМИ;;
ХолявинНО;;
ХохряковНН;;
ХрамцовНА;;
ХреновАС;;
ХрусловЕМ;;
ХрусталевАИ;;
ХрусталевВЯ;9;
ХрустачевНИ;;
ХудояровВП;;
Хутари;;
Царевская-НаумоваВК;11;3
ЦветковБИ;9;1
ЦейдлерВП;;
ЦейдлерКФ;;
ЦейдлерНА;;
ЦелинскийСО;;
ЦионглинскийИФ;;
ЦионглинскийЯФ;;
ЦириготтиНГ;;
Цурмюлен;;
ЦыхановскийММ;;
ЧагинФИ;;
ЧайковскаяОВ;;
ЧахровЯА;;
Чемберс-БилибинаМЯ;;
ЧепцовСМ;;
ЧереповАВ;;
ЧеркасовПА;;
ЧеркасскийАМ;;11
Черневская-ШульцЕД;;
ЧерновВ;;
ЧерновНН;19;5
Чернов-ПлесскийЛМ;;14
ЧернышевТП;17;12
ЧерчоповА;;
ЧесноковПВ;2;3
ЧехонинСВ;2;
ЧижеваМИ;;
ЧижовМА;;
ЧикалинаМН;;
ЧириковАИ;;
ЧиркаФА;;
ЧиркинАД;;
ЧистосердовВ;;
ЧистяковПП;;
ЧичелевНИ;;
ЧугуновАИ;;
ЧуевЗХ;;
ЧуйкоМС;;
ЧумаковФП;;
ЧупятовЛТ;1;2
ЧурлянисНК;;
ШабунинНА;;
ШагалИ;;
ШалагиноваЕГ;;
ШамраевВП;;
ШамшинПМ;;
ШанксЭЯ;;
ШаньковскийБГ;;
ШапошниковаЕМ;;
ШараповДФ;;7
ШариковНД;;
ШарлеманьАИ;;
ШарлеманьОА;;
ШатиловНИ;;
ШафранМЛ;;
ШаховскаяМА;;
ШаховскойНП;;
ШваревМС;;
ШебекоЕИ;;
ШевченкоАВ;;
ШелинговскийПА;;
ШелковыйСТ;;8
ШельлхаутЛ;;
ШемякинМФ;;
ШендеревАС;;4
ШербиновскийДА;;
ШервашидзеАК;;
ШервудЛВ;;
ШервудСЛ;;
ШереметевВВ;;
ШестеркинМИ;;
ШестопаловНИ;;
ШибановАГ;;
ШильдерАН;;
ШильцовПС;;
ШиповПД;;
ШитиковВД;;
ШишкинИИ;;
ШишковМА;;
ШкляревичКК;;
ШкольникИС;;
ШлейнНП;;
ШлейферНГ;;
ШлейфертЦЯ;;
ШлуглейтИМ;;
ШляковВД;;
ШмаковНН;;
ШмаровПД;;
ШмидтЕГ;;
ШолпоЕА;6;1
ШостаченкоАА;;
ШохинАН;;
ШохинДМ;;
ШперерЭФ;;
ШредерИН;;
ШрейберВП;;
ШрейберПП;;
ШренкГА;;
ШретерМВ;;
ШтейнманЛХ;;
ШтемберВК;;
ШтрасерВБ;;
ШтурманАИ;;
ШтюрцвагеЯ;;
ШульманСБ;;
Шульц-БертрамП;;
ШульцБН;;
ШульцВМ;;25
ШульцеАГ;;
ШурыгинАА;;
ШухаеваЕН;;
ШухаевВИ;;
ЩанкинВН;;
ЩербаковВС;;
ЩербатовС;;
ЩербиновскийДА;;
ЩербовПЕ;;
ЩеткинНП;;
ЩукинПЕ;;
ЩукоВА;;
ЩусевАВ;;
ЭберлингАР;;
Эборович-ЗалысскаяЕ;;
ЭгизБИ;;
ЭдвардсБВ;;
ЭдельфельдтАА;;
ЭдуардсБВ;;
ЭйгесВР;;
Эйзгаузен;;
ЭйсенгардтИС;;
ЭйсмондФИ;;
ЭйсснерАП;27;4
ЭкгорстВЕ;;
ЭкгорстьВЕ;;
ЭкстерАА;;
ЭлертНЛ;;
Эльпе;;
ЭмерикАГ;;
ЭммеВВ;;
ЭндауроваЛМ;;
ЭнкельМ;;
ЭрихсонЛР;;
Эрнефельд;;
Эрро-Раута;;
ЭскинСС;;2
ЭссенБН;6;3
ЭтлингерМВ;;
ЭшкишевичВ;;
ЭшлиманВК;;
ЮдинСП;;
Юнгблют;;
ЮнгеЕФ;;
Юнкер-КрамскаяСИ;;
ЮнонКФ;;
Юргенсон-СнигереваАП;;
ЯблочкинВА;;
ЯвленскийАА;;
ЯкобиВИ;;
ЯкобиСП;;
ЯковлевАЕ;;
Яковлева-ШапоринаЛВ;;
ЯковлевВИ;;
ЯковлевГГ;;
ЯковлевМН;;
ЯкуловГБ;;
ЯкунчиковаМ;;
ЯнковМД;;
ЯновАС;;
ЯновскийЛВ;;
ЯремичСП;;
ЯрошенкоНА;;
Яругский-ЭругаЯМ;5;
ЯрцевГФ;;
ЯсинскийАА;;
ЯсинскийИИ;;
ЯстребцовНП;;
ЯстржембскийАС;;
ЯцимирскаяО;;
ЯцуньскийБ;;
