name;1871;1872;1874;1876;1878;1881;1882;1883;1884;1885;1886;1887;1888;1889;1890;1891;1892;1893;1895;1896;1897;1898;1899;1900;1904;1906;1907;1908;1909;1911;1917
Allonge;;;;;;;;;;;;;;;;;;;;;;;;;;;;;;;
Ferrari;;;;;;;;;;;;;;;;;;;;;;;;;;;;;;;
LeFauconnier;;;;;;;;;;;;;;;;;;;;;;;;;;;;;;;
PelicierG;;;;;;;;;;;;;;;;;;;;;;;;;;;;;;;
Pomma;;;;;;;;;;;;;;;;;;;;;;;;;;;;;;;
Raymondi;;;;;;;;;;;;;;;;;;;;;;;;;;;;;;;
WoizyC;;;;;;;;;;;;;;;;;;;;;;;;;;;;;;;
АбрамовАИ;;;;;;;;;;;;;;;;;;;;;;;;;;;;;;;
АбриЛ;;;;;;;;;;;;;;;;;;;;;;;;;;;;;;;
АвеншепсГ;;;;;;;;;;;;;;;;;;;;;;;;;;;;;;;
АветисьянГА;;;;;;;;;;;;;;;;;;;;;;;;;;;;;;;
АвиловМИ;;;;;;;;;;;;;;;;;;;;;;;;;;;;;;;
АгафоновЕА;;;;;;;;;;;;;;;;;;;;;;;;;;;;;;;
АдамсонАИ;;;;;;;;;;;;;;;;;;;;;;;;;;;;;;;
АдтКФ;;;;;;;;;;;;;;;;;;;;;;;;;;;;;;;
АйвазовскийИК;;;;;;;;;;;;;;;;;;;;;;;;;;;;;;;
АкимоваЮВ;;;;;;;;;;;;;;;;;;;;;;;;;;;;;;;
АкишинПИ;;;;;;;;;;;;;;;;;;;;;;;;;;;;;;;
АккерЭ;;;;;;;;;;;;;;;;;;;;;;;;;;;;;;;
АксенюкПД;;;;;;;;;;;;;;;;;;;;;;;;;;;;;;;
АладжаловМХ;;;;;;;;;;;;;;;;;;;;;;;;;;;;;;;
АлександроваЕВ;;;;;;;;;;;;;;;;;;;;;;;;;;;;;;;
АлександровНН;;;;;;;;;;;;;;;;;;;;;;;;;;;;;;;
АлександровскийСФ;;;;;1;;;;;;;;;;;;;;;;;;;;;;;;;;
Александров-ТитовскойНА;;;;;;;;;;;;;;;;;;;;;;;;;;;;;;;
АлексеевАА;;;;;;;;;;;;;;;;;;;;;;;;;;;;;;;
АлексеевВВ;;;;;;;;;;;;;;;;;;;;;;;;;;;;;;;
АлексеевВМ;;;;;;;;;;;;;;;;;;;;;;;;;;;;;;;4
АлексеевГД;;;;;;;;;;;;;;;;;;;;;;;;;;;1;;;;
АлексеевНВ;;;;;;;;;;;;;;;;;;;;;;;;;;;;;;;
АлексоматиНХ;;;;;;;;;;;;;;;;;;;;;;;;;;;;;;;
АлферьеваСВ;;;;;;;;;;;;;;;;;;;;;;;;;;;;;;;
АльбрехтЛГ;;;;;;;;;;;;;;;;;;;;;;;;;;;;;;;
Альквист;;;;;;;;;;;;;;;;;;;;;;;;;;;;;;;
Альстедт;;;;;;;;;;;;;;;;;;;;;;;;;;;;;;;
АльтаманН;;;;;;;;;;;;;;;;;;;;;;;;;;;;;;;
АльтенбергИГ;;;;;;;;;;;;;;;;;;;;;;;;;;;;;;;
АльхимовичК;;;;;;;;;;;;;;;;;;;;;;;;;;;;;;;
Аман-Жан;;;;;;;;;;;;;;;;;;;;;;;;;;;;;;;
АммонВ;2;2;3;;;;;;;;;;;;;;;;;;;;;;;;;;;;
АммосовСН;1;1;5;2;1;;2;3;;5;;10;;;;;;;;;;;;;;;;;;;
АмосоваОФ;;;;;;;;;;;;;;;;;;;;;;;;;;;;;;;
АндерсонЕК;;;;;;;;;;;;;;;;;;;;;;;;;;;;;;;
АндреевВИ;;;;;;;;;;;;;;;;;;;;;;;;;;;;;;;
АнзимироваНВ;;;;;;;;;;;;;;;;;;;;;;;;;;;;;;;
АнисимовВК;;;;;;;;;;;;;;;;;;;;;;;;;;;;;;;
АнисимовЮП;;;;;;;;;;;;;;;;;;;;;;;;;;;;;;;
АнисфельдБИ;;;;;;;;;;;;;;;;;;;;;;;;;;;;;;;
АничковАИ;;;;;;;;;;;;;;;;;;;;;;;;;;;;;;;
Анкетэн;;;;;;;;;;;;;;;;;;;;;;;;;;;;;;;
АнтокольскийММ;;;;;;;;;;;;;;;;;;;;;;;;;;;;;;;
АнтоновАИ;;;;;;;;;;;;;;;;;;;;;;;;;;;;;;;
Антропова;;;;;;;;;;;;;;;;;;;;;;;;;;;;;;;
АнтроповИГ;;;;;;;;;;;;;;;;;;;;;;;;;;;;;;;
АпостолиВА;;;;;;;;;;;;;;;;;;;;;;;;;;;;;;;
АракелянС;;;;;;;;;;;;;;;;;;;;;;;;;;;;;;;
АраповАА;;;;;;;;;;;;;;;;;;;;;;;;;;;;;;;
АронсонНН;;;;;;;;;;;;;;;;;;;;;;;;;;;;;;;
АрхиповАЕ;;;;;;;;;;;;;;2;;;;2;1;2;1;2;1;1;;;;;;;
АрхиповСН;;;;;;;;;;;;;;;;;;;;;;;;;;;;;;;
АрчиониГ;;;;;;;;;;;;;;;;;;;;;;;;;;;;;;;
АскназийИЛ;;;;;;;;;;;;;;;;;;;;;;;;;;;;;;;
АстафьеваВЛ;;;;;;;;;;;;;;;;;;;;;;;;;;;;;;;
АтрыганьевН;;;;;;;;;;;;;;;;;;;;;;;;;;;;;;;
АтрыганьевНА;;;;;;;;;;;;;;;;;;;;;;;;;;;;;;;
АуэрГД;;;;;;;;;;;;;;;;;;;;;;;;;;;;;;;
АфанасьевАФ;;;;;;;;;;;;;;1;;;;;;;;;;;;1;;;2;4;2
АфанасьевВЯ;;;;;;;;;;;;;;;;;;;;;;;;;;;;;;;4
Афанасьев-Кокель;;;;;;;;;;;;;;;;;;;;;;;;;;;;;;;
АхенбахГ;;;;;;;;;;;;;;;;;;;;;;;;;;;;;;;
АхочинскаяЗП;;;;;;;;;;;;;;;;;;;;;;;;;;;;;;;
БабутММ;;;;;;;;;;;;;;;;;;;;;;;;;;;;;;;
Багратион-МухранскаяВН;;;;;;;;;;;;;;;;;;;;;;;;;;;;;;;
БадовскийАФ;;;;;;;;;;;;;;;;;;;;;;;;;;;;;;;
БаженовНВ;;;;;;;;;;;;;;;;;;;;;;;;;;;;;;;
БажинНН;;;;;;;;;;;;1;;1;;;;;;;;;;;;;;;;;36
БакаловичСВ;;;;;;;;;;;;;;;;;;;;;;;;;;;;;;;
БаклундЭО;;;;;;;;;;;;;;;;;;;;;;;;;;;;;;;
БакмансонГК;;;;;;;;;;;;;;;;;;;;;;;;;;;;;;;
БакстЛС;;;;;;;;;;;;;;;;;;;;;;;;;;;;;;;
БакшеевВН;;;;;;;;;;;;;;;;;;2;;1;;1;5;2;9;1;;3;1;2;4
БалашевПИ;;;;;;;;;;;;;;;;;;;;;;;;;;;;;;;
БалкСМ;;;;;;;;;;;;;;;;;;;;;;;;;;;;;;;
БаллодПП;;;;;;;;;;;;;;;;;;;;;;;;;;;;;;;
БалльерАИ;;;;;;;;;;;;;;;;;;;;;;;;;;;;;;;
БалунинМА;;;;;;;;;;;;;;;;;;;;;;;;;;;;;;;
Бальц;;;;;;;;;;;;;;;;;;;;;;;;;;;;;;;
БарамзинЕВ;;;;;;;;;;;;;;;;;;;;;;;;;;;;;;;
БарстельсГ;;;;;;;;;;;;;;;;;;;;;;;;;;;;;;;
БартВС;;;;;;;;;;;;;;;;;;;;;;;;;;;;;;;
БаруздинаВМ;;;;;;;;;;;;;;;;;;;;;;;;;;;;;;;
БарынинАА;;;;;;;;;;;;;;;;;;;;;;;;;;;;;;;
БасинПВ;;;;;;;;;;;;;;;;;;;;;;;;;;;;;;;
Бастер;;;;;;;;;;;;;;;;;;;;;;;;;;;;;;;
БатуринВП;;;;;;;;;;;;;;;;1;;;;;;;;;;;;;;;
БауманАГ;;;;;;;;;;;;;;;;;;;;;;;;;;;;;;;
БауманАЕ;;;;;;;;;;;;;;;;;;;;;;;;;;;;;;;
БауманАН;;;;;;;;;;;;;;;;;;;;;;;;;;;;;;;
БахНИ;;;;;;;;;;;;;;;;;;;;;;;;;;;;;;;
БахРР;;;;;;;;;;;;;;;;;;;;;;;;;;;;;;;
БахтеевВ;;;;;;;;;;;;;;;;;;;;;;;;;;;;;;;
БахтинКН;;;;;;;;;;;;;;;;;;;;;;;;;;;1;;2;1;
БашинджагианГЗ;;;;;;;;;;;;;;;;;;;;;;;;;;;;;;;
Беггрова-ГартманОФ;;;;;;;;;;;;;;;;;;;;;;;;;;;;;;;
БеггровАК;;;3;1;10;2;4;1;5;8;4;4;4;;4;;;;3;2;;1;4;1;1;1;;;;4;
БегерЛМ;;;;;;;;;;;;;;;;;;;;;;;;;;;;;;;
БегичевАР;;;;;;;;;;;;;;;;;;;;;;;;;;;;;;;
БедросовКП;;;;;;;;;;;;;;;;;;;;;;;;;;;1;;;;
БезверховНП;;;;;;;;;;;;;;;;;;;;;;;;;;;;;;;
БезродныйМЕ;;;;;;;;;;;;;;;;;;;;;;;;;;;;;;;
БезродныйМС;;;;;;;;;;;;;;;;;;;;;;;;;;;;;;;
БезродныйПВ;;;;;;;;;;;;;;;;;;;;;;;;;;;;;;;
БейгульАН;;;;;;;;;;;;;;;;;;;;;;;;;;;;;;;
БеккерА;;;;;;;;;;;;;;;;;;;;;;;;;;;;;;;
БеклемишевВА;;;;;;;;;;;;;;;;;;;;;;;;;;;;;;;1
БёклинА;;;;;;;;;;;;;;;;;;;;;;;;;;;;;;;
БекряшевНГ;;;;;;;;;;;;;;;;;;;;;;;;;;;;;;;
БелкинВ;;;;;;;;;;;;;;;;;;;;;;;;;;;;;;;
Белоусов;;;;;;;;;;;;;;;;;;;;;;;;;;;;;;;
БелыйАФ;;;;;;;;;;;;;;;;;;;;;;;;;;;;;;;
БельзенЯЯ;;;;;;;;;;;;;;;;;;;;;;;;;;;;;;;
БелявскийМК;;;;;;;;;;;;;;;;;;;;;;;;;;;;;;;
БеляевА;;;;;;;;;;;;;;;;;;;;;;;;;;;;;;;
БеляковЕЕ;;;;;;;;;;;;;;;;;;;;;;;;;;;;;;;
БемЕМ;;;;;;;;;;;;;;;;;;;;;;;;;;;;;;;
БенарА;;;;;;;;;;;;;;;;;;;;;;;;;;;;;;;
БенигКБ;;;;;;;;;;;;;;;;;;;;;;;;;;;;;;;
БенкендорфДА;;;;;;;;;;;;;;;;;;;;;;;;;;;;;;;
БенуаАА;;;;;;;;;;;;;;;;;;;;;;;;;;;;;;;
БенуаАлекс Н;;;;;;;;;;;;;;;;;;;;;;;;;;;;;;;
БенуаАльб Н;;;;;;;;;;;;;;;;;;;;;;;;;;;;;;;
БергВВ;;;;;;;;;;;;;;;;;;;;;;;;;;;;;;;
БерггольцРА;;;;;;;;;;;;;;;;;;;;;;;;;;;;;;;
БеридтсонГФ;;;;;;;;;;;;;;;;;;;;;;;;;;;;;;;
БерингерВВ;;;;;;;;;;;;;;;;;;;;;;;;;;;;;;;
БеркосМА;;;;;;;;;;;;;;;;;;;;;;;;;;;;;;;
БерндтсонГФ;;;;;;;;;;;;;;;;;;;;;;;;;;;;;;;
БернштамЛА;;;;;;;;;;;;;;;;;;;;;;;;;;;;;;;
БероянАК;;;;;;;;;;;;;;;;;;;;;;;;;;;;;;;
БерсонА;;;;;;;;;;;;;;;;;;;;;;;;;;;;;;;
БершадскийЮР;;;;;;;;;;;;;;;;;;;;;;;;;;1;;;;;
Биленкий;;;;;;;;;;;;;;;;;;;;;;;;;;;;;;;
БилибинИИ;;;;;;;;;;;;;;;;;;;;;;;;;;;;;;;
БильдерлингАА;;;;;;;;;;;;;;;;;;;;;;;;;;;;;;;
БиркингерФ;;;;;;;;;;;;;;;;;;;;;;;;;;;;;;;
БирнбаумСР;;;;;;;;;;;;;;;;;;;;;;;;;;;;;;;
БлаговещенскийНД;;;;;;;;;;;;;;;;;;;;;;;;;;;;;;;
БландоваМН;;;;;;;;;;;;;;;;;;;;;;;;;;;;;;;
БланшЖ;;;;;;;;;;;;;;;;;;;;;;;;;;;;;;;
БлахеХр;;;;;;;;;;;;;;;;;;;;;;;;;;;;;;;
БлентА;;;;;;;;;;;;;;;;;;;;;;;;;;;;;;;
БлиновЛД;;;;;;;;;;;;;;;;;;;;;;;;;;;;;;;
БломстедтВ;;;;;;;;;;;;;;;;;;;;;;;;;;;;;;;
БлощинскаяОП;;;;;;;;;;;;;;;;;;;;;;;;;;;;;;;
БлуменфельдАФ;;;;;;;;;;;;;;;;;;;;;;;;;;;;;;;
БлюмВИ;;;;;;;;;;;;;;;;;;;;;;;;;;;;;;;
БлюментальЮЮ;;;;;;;;;;;;;;;;;;;;;;;;;;;;;;;
БлюменфельдГМ;;;;;;;;;;;;;;;;;;;;;;;;;;;;;;;
Бобрищева-Пушкина;;;;;;;;;;;;;;;;;;;;;;;;;;;;;;;
БобровАА;;;;;;;;;;;;;;;;;;;;;;;;;;;;;;;
БобровАВ;;;;;;;;;;;;;;;;;;;;;;;;;;;;;;;
БобровВА;;;;;;;;3;1;;;;;;;;;;;;;;;;;;;;;;
БобровВН;;;;;;;;;;;;;;;;;;;;;;;;;;;;;;;
БобровскийГМ;;;;;;;;;;;;;;;;;;;;;;;;;;;;;;;
БобровСП;;;;;;;;;;;;;;;;;;;;;;;;;;;;;;;
БогаевскийКФ;;;;;;;;;;;;;;;;;;;;;;;;;;;;;;;
БогатовНА;;;;;;;;;;;;;;;;;;;;;;;;;;;;;;;
БогатыревВС;;;;;;;;;;;;;;;;;;;;;;;;;;;;;;;
БогатыревИС;;;;;;;;;;;;;;;;;;;;;;;;;;;;;;;
Богданов-БельскийНП;;;;;;;;;;;;;;;;2;;;;1;;1;2;1;5;1;11;3;5;8;
БогдановичФО;;;;;;;;;;;;;;;;;;;;;;;;;;;;;;;
БогдановНП;;;;;;2;;;4;;3;3;2;2;1;1;1;;1;2;;1;3;2;1;2;;7;;2;
БогданПГ;;;;;;;;;;;;;;;;;;;;;;;;;;;;;;;
БоголюбовАП;5;7;11;3;4;7;8;3;4;5;4;3;3;10;2;1;;2;2;1;;;;;;;;;;;
БоголюбовБМ;;;;;;;;;;;;;;;;;;;;;;;;;;;;;;;
БогомазовТН;;;;;;;;;;;;;;;;;;;;;;;;;;;;;;;
БодаревскийНК;;;;;;1;1;2;3;2;3;5;1;3;1;6;;5;7;1;1;5;1;3;3;5;5;2;;8;5
БодемюллерФ;;;;;;;;;;;;;;;;;;;;;;;;;;;;;;;
Бодуэн-де-Куртенэ;;;;;;;;;;;;;;;;;;;;;;;;;;;;;;;
Боженко;;;;;;;;;;;;;;;;;;;;;;;;;;;;;;;
БожеряновА;;;;;;;;;;;;;;;;;;;;;;;;;;;;;;;
БолдыревИЕ;;;;;;;;;;;;;;;;;;;;;;;;;;;;;;;
БолотновВД;;;;;;;;;;;;;;;;;;;;;;;;;;;;;;;
БольдиниД;;;;;;;;;;;;;;;;;;;;;;;;;;;;;;;
Бонч-ОсмоловскаяОГ;;;;;;;;;;;;;;;;;;;;;;;;;;;;;;;
Бонч-ТомашевскийЮО;;;;;;;;;;;;;;;;;;;;;;;;;;;;;;;
БоревскийН;;;;;;;;;;;;;;;;;;;;;;;;;;;;;;;
БоринВМ;;;;;;;;;;;;;;;;;;;;;;;;;;;;;;;
БорисовАА;;;;;;;;;;;;;;;;;;;;;;;;;;;;;;;
БорисовИФ;;;;;;;;;;;;;;;;;;;;;;;;;;;;;;;
Борисов-МусатовВЭ;;;;;;;;;;;;;;;;;;;;;;;;;;;;;;;
БормоткинВМ;;;;;;;;;;;;;;;;;;;;;;;;;;;;;;;
БородаевскийСО;;;;;;;;1;1;;;;;;;;;;;;;;;;;;;;;;
БортникерДМ;;;;;;;;;;;;;;;;;;;;;;;;;;;;;;;
БоруздинаВМ;;;;;;;;;;;;;;;;;;;;;;;;;;;;;;;
БоскинМВ;;;;;;;;;;;;;;;;;;;;;;;;;;;;;;1;
БоссиЭ;;;;;;;;;;;;;;;;;;;;;;;;;;;;;;;
БоткинаМС;;;;;;;;;;;;;;;;;;;;;;;;;;;;;;;
БоткинМП;;;4;;3;;;;;;;;;;;;;;;;;;;;;;;;;;
БоткинНИ;;;;;;;;;;;;;;;;;1;;;;;;;;;;;;;;
БочаровМИ;;;;;;;;;;;;;;;;;;;;;;;;;;;;;;;
БрагаГ;;;;;;;;;;;;;;;;;;;;;;;;;;;;;;;
БрагаЭ;;;;;;;;;;;;;;;;;;;;;;;;;;;;;;;
БразельЮН;;;;;;;;;;;;;;;;;;;;;;;;;;;;;;;
БразОЭ;;;;;;;;;;;;;;;;;;;;;;;;;;;;;;;
БраиловскаяРН;;;;;;;;;;;;;;;;;;;;;;;;;;;;;;;
БраиловскийЛМ;;;;;;;;;;;;;;;;;;;;;;;;;;;;;;;
БракГ;;;;;;;;;;;;;;;;;;;;;;;;;;;;;;;
БрандтИ;;;;;;;;;;;;;;;;;;;;;;;;;;;;;;;
БраунЭГ;;;;;;;;;;;;;;;;;;;;;;;;;;;;;;1;
Бредт;;;;;;;;;;;;;;;;;;;;;;;;;;;;;;;
Брендель;;;;;;;;;;;;;;;;;;;;;;;;;;;;;;;
БржозовскийФФ;;;;;;;;;;;;;;;;;;;;;;;;;;;;;;;
БроварьЯИ;;;;;;;;;;;;;;;;;;;;;;;;;;;;;;;
БродскийИИ;;;;;;;;;;;;;;;;;;;;;;;;;;;;;;;
БромбергФГ;;;;;;;;;;;;;;;;;;;;;;;;;;;;;;;
БронниковНК;;;;;;;;;;;;;5;;;;;;;;;;;;;;;;;;
БронниковФА;;;1;1;6;;2;4;;3;3;3;;;3;2;;1;;1;;1;2;1;;;;;;;
БроновицкийГФ;;;;;;;;;;;;;;;;;;;;;;;;;;;;;;;
БруниНА;;;;;;;;;;;;;;;;;;;;;;;;;;;;;;;
БруниФА;;;;;;;;;;;;;;;;;;;;;;;;;;;;;;;
БрускетиАЯ;;;;;;;;;;;;;;;;;;;;;;;;;;;1;;;;
БрухардтФК;;;;;;;;;;;;;;;;;;;;;;;;;;;;;;;
БрэнгвинЖ;;;;;;;;;;;;;;;;;;;;;;;;;;;;;;;
БрюлловПА;;1;5;4;5;5;3;;5;2;3;2;1;1;2;1;;1;2;;;;1;;;3;;;;3;
БрянскийМВ;;;;;;;;;;;;;;;;;;;;;;;;;;;;;;;
БубликовНЕ;;;;;;;;;;;;;;;;;;;;;;;;;;;;;;;
Будкевич;;;;;;;;;;;;;;;;;;;;;;;;;;;;;;;
Будковская-КибальчичНТ;;;;;;;;;;;;;;;;;;;;;;;;;;;;;;;
БудковскийГЯ;;;;;;;;;;;;;;;;;;;;;;;;;;;;;;;
БузалевскийБМ;;;;;;;;;;;;;;;;;;;;;;;;;;;;;;;
БуйндМА;;;;;;;;;;;;;;;;;;;;;;;;;;;;;;;
БуйницкийРИ;;;;;;;;;;;;;;;;;;;;;;;;;;;;;;;
БуковецкийЕИ;;;;;;;;;;;;;;;;;1;;;;;;;;;1;1;;;;
БукФП;;;;;;;;;;;;;;;;;;;;;;;;;;;;;;;
БулацельРС;;;;;;;;;;;;;;;;;;;;;;;;;;;;;;;
Бульмеринг-КороленкоЕП;;;;;;;;;;;;;;;;;;;;;;;;;;;;;;;
БунинНН;;;;;;;;;;;;;;;;;;;;;;;;;;;;;;;
БургардтЛО;;;;;;;;;;;;;;;;;;;;;;;;;;;;;;;
Бургарт;;;;;;;;;;;;;;;;;;;;;;;;;;;;;;;
БуринскаяНФ;;;;;;;;;;;;;;;;;;;;;;;;;;;;;;;
БурлюкВД;;;;;;;;;;;;;;;;;;;;;;;;;;;1;;;;
БурлюкДД;;;;;;;;;;;;;;;;;;;;;;;;;;;1;;;;
БуровФЕ;;;;;;;;;;;;;;;;;;;;;;;;;;;;;;;
БурхардтФК;;;;;;;;;;;;;;;;;;;;;;;;;;;;;;;
БутлярСА;;;;;;;;;;;;;;;;;;;;;;;;;;;;;;;
Бутэ-де-Монвель;;;;;;;;;;;;;;;;;;;;;;;;;;;;;;;
БухгольцФФ;;;;;;;;;;;;;;;;;;;;;;;;;;;;;;;
БухерАИ;;;;;;;;;;;;;;;;;;;;;;;;;;;;;;;
БухПН;;;;;;;;;;;;;;;;;;;;;;;;;;;;;;;
БыкадоровНЯ;;;;;;;;;1;;1;1;;;;;;;;;;;;;;;;;;;
БыковскийНМ;;1;;;;;;;;;;;;;;;;;;;;;;;;;;;;;
БылевскийФС;;;;;;;;;;;;;;;;;;;;;;;;;;;;;;;
БыляшкинВВ;;;;;;;;;;;;;;;;;;;;;;;;;;;;;;;
БыстренинВИ;;;;;;;;;;;;;;;;;;;;;;;;;;;;;;;
БычковВП;;;;;;;;;;;;;;;;;;;;;;;;;;;;;;;
Бюлов;;;;;;;;;;;;;;;;;;;;;;;;;;;;;;;
Бяльницкий-БируляВК;;;;;;;;;;;;;;;;;;;;;;;;;8;11;11;;;11;
ВаальАЭ;;;;;;;;;;;;;;;;;;;;;;;;;;;;;;;
ВагнерПН;;;;;;;;;;;;;;;;;;;;;;;;;;;;;;;
ВаленковаСН;;;;;;;;;;;;;;;;;;;;;;;;;;;;;;;
ВалькевичМИ;;;;;;;;;;;;;;;;;;;;;;;;;;;;;;;
ВальтерИФ;;;;;;;;;;;;;;;;;;;;;;;;;;;;;;;
ВанДонген;;;;;;;;;;;;;;;;;;;;;;;;;;;;;;;
ВарыпаеваНА;;;;;;;;;;;;;;;;;;;;;;;;;;;;;;;
ВасильевАА;;;;;;;;;;;;;;;;;;;;;;;;;;;;;;;
ВасильевВН;;;;;;;;;;;;;;;;;;;;;;;;;;;;;;;
ВасильевЛО;;;;;;;;;;;;;;;;;;;;;;;;;;;;;;;
ВасильевМА;;;;;;;;;;;;;;;;;;;;;;;;;;;;;;;
ВасильевФА;;;;;;;;;;;;;;;;;;;;;;;;;;;;;;;
ВасильковскийСИ;;;;;;;;;;;;;;;;;;;;;;;;;;;;;;;
ВаскиевскаяЕ;;;;;;;;;;;;;;;;;;;;;;;;;;;;;;;
ВаснецовАМ;;;;;;;;2;1;1;2;3;1;1;;2;2;3;5;8;1;3;8;3;;;;;;;
ВаснецовВМ;;;1;2;6;1;1;1;3;;;;;1;2;;;;;;;;;;;;;;;;
ВасютинскийАА;;;;;;;;;;;;;;;;;;;;;;;;;;;;;;;
Ваулин;;;;;;;;;;;;;;;;;;;;;;;;;;;;;;;
ВахрамеевАИ;;;;;;;;;;;;;;;;;;;;;;;;;;;;;;;
ВахрушовФМ;;;;;;;;;;;;;;;;;;;;;;;;;;;;;;;
ВахтерЕА;;;;;;;;;;;;;;;;;;;;;;;;;;;;;;;
ВащенкоЕП;;;;;;;;;;;;;;;;;;;;;;;;;;;;;;;
ВеберЯЯ;;;;;;;;;;;;;;;;;;;;;;;;;;;;;;;
Вейсенгоф;;;;;;;;;;;;;;;;;;;;;;;;;;;;;;;
ВейценбергАИ;;;;;;;;;;;;;;;;;;;;;;;;;;;;;;;
ВекшинскийАН;;;;;;;;;;;;;;;;;;;;;;;;;;;;;;;
ВелигоноваЗВ;;;;;;;;;;;;;;;;;;;;;;;;;;;;;;;
ВеликановВИ;;;;;;;;;;;;;;;;;;;;;;;;;;;;;;;
ВельонскийПА;;;;;;;;;;;;;;;;;;;;;;;;;;;;;;;
ВельцИА;;;;;;;;;;;;;;;;;;;;;;;;;;;;;;;
ВенигКБ;;;;;;;;;;;;;;;;;;;;;;;;;;;;;;;
ВенигПК;;;;;;;;;;;;;;;;;;;;;;;;;;;;;;;
ВеревкинаМ;;;;;;;;;;;;;;;;;;;;;;;;;;;;;;;
ВеревкинФИ;;;;;;;;;;;;;;;;;;;;;;;;;;;;;;;
ВерейскийГС;;;;;;;;;;;;;;;;;;;;;;;;;;;;;;;
ВерещагинВВ;;;8;;;;;;;;;;;;;;;;;;;;;;;;;;;;
ВерещагинВП;;;;;;;;;;;;;;;;;;;;;;;;;;;;;;;
ВерещагинПИ;;;;;;;;;;;;;;;;;;;;;;;;;;;;;;;
ВерещагинПП;;;;;;;;;;;;;;;;;;;;;;;;;;;;;;;
ВернерАВ;;;;;;;;;;;;;;;;;;;;;;;;;;;;;;;
Версилова-НерчинскаяМН;;;;;;;;;;;;;;;;;;;;;;;;;;;;;;;
Вертс;;;;;;;;;;;;;;;;;;;;;;;;;;;;;;;
ВерховскаяЛН;;;;;;;;;;;;;;;;;;;;;;;;;;;;;;;
ВерховскийГЕ;;;;;;;;;;;;;;;;;;;;;;;;;;;;;;;
ВершининИЕ;;;;;;;;;;;;;;;;;;;;;;;;;;;;;;;
ВеселовПЛ;;;;;;;;;;;;;;;;;;;;;;;;;;;;;;;
ВеселовскийЛР;;;;;;;;;;;;;;;;;;;;;;;;;;;;;;;
ВестфаленАХ;;;;;;;;;;;;;;;;;;;;;;;;;;;;;;;
ВещиловКА;;;;;;;;;;;;;;;;;;;;;;;;;;;;;;;3
ВжещьЕК;;;;;;;;;;1;1;2;1;;;;;;;;;;;;;;;;;;
ВизельЭО;;;;;;;;;;;;;;;;;;;;;;;;;;;;;;;
ВиллевальдеАБ;;;;;;;;;;;;;;;;;;;;;;;;;;;;;;;
ВиллевальдеБП;;;;;;;;;;;;;;;;;;;;;;;;;;;;;;;
Виллегас;;;;;;;;;;;;;;;;;;;;;;;;;;;;;;;
ВиллиамЕН;;;;;;;;;;;;;;;;;;;;;;;;;;;;;;;
ВиллиеМЯ;;;;;;;;;;;;;;;;;;;;;;;;;;;;;;;
ВильдеРФ;;;;;;;;;;;;;;;;;;;;;;;;;;;;;;;
Вилье;;;;;;4;;;;;;;;;1;;;;;;;;;;;;;;;;
ВинклерКА;;;;;;;;;;;;;;;;;;;;;;;;;;;;;;;
ВиноградоваОА;;;;;;;;;;;;;;;;;;;;;;;;;;;;;;;
ВиноградовСА;;;;;;;;;;;;;;;;;;;;;;1;1;3;;;;;;;
ВинцманИК;;;;;;;;;;;;;;;;;;;;;;;;;;;;;;;
ВинцманОИ;;;;;;;;;;;;;;;;;;;;;;;;;;;;;;;
ВисковатоваЕИ;;;;;;;;;;;;;;;;;;;;;;;;;;;;;;;
ВисниовскаяЕИ;;;;;;;;;;;;;;;;;;;;;;;;;;;;;;;
ВистингаузенАА;;;;;;;;;;;;;;;;;;;;;;;;;;;;;;;
ВитвицкийИГ;;;;;;;;;;;;;;;;;;;;;;;;;;;;;;;
ВладимировИА;;;;;;;;;;;;;;;;;;;;;;;;;;;;;;;3
ВладимирскийБ;;;;;;;;;;;;;;;;;;;;;;;;;;;;;;;
Владимирский-Киевский;;;;;;;;;;;;;;;;;;;;;;;;;;;;;;;
ВласовСА;;;;;;;;;;;;;;;;;;;;;;;;;;;;;;;
ВознесенскаяАВ;;;;;;;;;;;;;;;;;;;;;;;;;;;;;;;
ВоиновРВ;;;;;;;;;;;;;;;;;;;;;;;;;;;;;;;
ВолковВВ;;;;;;;;;;;;;;;;;;;;;;;;;;;;;;;
ВолковГ;;;;;1;;;;;;;;;;;;;;;;;;;;;;;;;;
ВолковЕЕ;;;;;2;4;5;8;10;10;7;10;5;24;2;2;4;1;7;2;3;2;7;6;11;13;14;;10;15;13
ВолочинковАМ;;;;;;;;;;;;;;;;;;;;;;;;;;;;;;;
ВонгльСЭ;;;;;;;;;;;;;;;;;;;;;;;;;;;;;;;
ВороненковВЕ;;;;;;;;;;;;;;;;;;;;;;;;;;;;;;;
ВоронковВЕ;;;;;;;;;;;;;;;;;;;;;;;;;;;;;;;
ВороновПФ;;;;;;;;;;;;;;;;;;;;;;;;;;;;;;;
ВоронцовВВ;;;;;;;;;;;;;;;;;;;;;;;;;;;;;;;
ВоротынскийДА;;;;;;;;;;;;;;;;;;;;;;;;;;;;;;;
ВостингаузенА;;;;;;;;;;;;;;;;;;;;;;;;;;;;;;;
ВрангельЕК;;;;;;;;;;;;;;;;;;;;;;;;;;;;;;;
ВрачевИА;;;;;;;;;;;;;;;;;;;;;;;;;;;;;;;
ВроблевскийКК;;;;;;;;;;;;;;;;;;;;;;;;;;;;;;;
ВронскийСЕ;;;;;;;;;;;;;;;;;;;;;;;;;;;;;;;
ВрубельМА;;;;;;;;;;;;;;;;;;;;;;;;;;;;;;;
ВульфВВ;;;;;;;;;;;;;;;;;;;;;;;;;;;;;;;
ВучичевичВД;;;;;;;;;;;;;;;;;;;;;;;;;;;;;;;
ВывиорскийМИ;;;;;;;;;;;;;;;;;;;;;;;;;;;;;;;
ВыезжевАН;;;;;;;;;;;;;;1;;;;;;1;;;;;;;;;;;
ВысотскийКС;;;;;;;;;;;;;;;;;;;;;;;;;;;1;;1;;
ГаберцеттельВ;;;;;;;;;;;;;;;;;;;;;;;;;;;;;;;
ГабовичМГ;;;;;;;;;;;;;;;;;;;;;;;;;;;;;;;
ГаврильцевДМ;;;;;;;;;;;;;;;;;;;;;;;;;;;;;;;
ГагаринНВ;;;;;;;;;;;;;;;;;;;;;;;;;;;;;;;
Гаген-ТорнМЭ;;;;;;;;;;;;;;;;;;;;;;;;;;;;;;;
Гаген-ШварцЮ;;;;;;;;;;;;;;;;;;;;;;;;;;;;;;;
ГадонСС;;;;;;;;;;;;;;;;;;;;;;;;;;;;;;;
ГаевскийВМ;;;;;;;;;;;;;;;;;;;;;;;;;;;;;;;
Галеота;;;;;;;;;;;;;;;;;;;;;;;;;;;;;;;
ГалимскийВМ;;;;;;;;;;;;;;;;;;;;;;;;;;;;;;;
ГалкинИС;;;;;;;;;;;;;;;;;;;;;;;;;;;;;;;
ГалленА;;;;;;;;;;;;;;;;;;;;;;;;;;;;;;;
Галофрэ;;;;;;;;;;;;;;;;;;;;;;;;;;;;;;;
ГамбургерЛА;;;;;;;;;;;;;;;;;;;;;;;;;;;;;;;
ГаммК;;;;;;;;;;;;;;;;;;;;;;;;;;;;;;;
ГанзенАВ;;;;;;;;;;;;;;;;;;;;;;;;;;;;;;;
ГариевичБВ;;;;;;;;;;;;;;;;;;;;;;;;;;;;;;;
ГартманК;;;;;;;;;;;;;;;;;;;;;;;;;;;;;;;
ГаушАФ;;;;;;;;;;;;;;;;;;;;;;;;;;;;;;;
ГаушЛ;;;;;;;;;;;;;;;;;;;;;;;;;;;;;;;
ГвидоН;;;;;;;;;;;;;;;;;;;;;;;;;;;;;;;
Гейерманс;;;;;;;;;;;;;;;;;;;;;;;;;;;;;;;
ГейманС;;;;;;;;;;;;;;;;;;;;;;;;;;;;;;;
ГеллерПИ;;;;;;;;;;;;;;;;;;;;;;;;;;;;;;;
Гельдвейн-Ваулин;;;;;;;;;;;;;;;;;;;;;;;;;;;;;;;
ГеНН;4;2;4;3;;2;;;1;;;;;1;1;3;1;3;;;;;;;;;;;;;
ГерардовНИ;;;;;;;;;;;;;;;;;;;;;;;;;;;;;;;
ГерасимовАМ;;;;;;;;;;;;;;;;;;;;;;;;;;;;;;;
ГерманГ;;;;;;;;;;;;;;;;;;;;;;;;;;;;;;;
ГермашевММ;;;;;;;;;;;;;;;;;;;;;;;;;;;;;;;
ГерсонВВ;;;;;;;;;;;;;;;;;;;;;;;;;;;;;;;
ГершевскийСИ;;;;;;;;;;;;;;;;;;;;;;;;;;;;;;;
ГефтлерКЭ;;;;;;;;;;;;;;;;;;;;;;;;;;;;;;;
ГигогабаевГИ;;;;;;;;;;;;;;;;;;;;;;;;;;;;;;;
ГинцбургИЯ;;;;;;;;;;;;;;;;;;;;;;;;;;;;;;;
ГинцбургМГ;;;;;;;;;;;;;;;;;;;;;;;;;;;;;;;
ГиньковскийПВ;;;;;;;;;;;;;;;;;;;;;;;;;;;;;;1;
ГиппусНН;;;;;;;;;;;;;;;;;;;;;;;;;;;;;;;
ГирвАП;;;;;;;;;;;;;;;;;;;;;;;;;;;;;;;
ГиршльА;;;;;;;;;;;;;;;;;;;;;;;;;;;;;;;
ГлаголеваАС;;;;;;;;;;;;;;;;;;;;;;;;;;;;;;;
ГлобаНВ;;;;;;;;;;;;;;;;;;;;;;;;;;;;;;;
ГлущенкоДИ;;;;;;;;;;;;;;;;;;;;;;;;;;;;;;;
ГляйзесА;;;;;;;;;;;;;;;;;;;;;;;;;;;;;;;
ГодунЕ;;;;;;;;;;;;;;;;;;;;;;;;;;;;;;;
ГолеевскаяПК;;;;;;;;;;;;;;;;;;;;;;;;;;;;;;;
ГолембиовскийКИ;;;;;;;;;;;;;;;;;;;;;;;;;;;;;;;
ГолицынаЕВ;;;;;;;;;;;;;;;;;;;;;;;;;;;;;;;
ГоловинАЯ;;;;;;;;;;;;;;;;;;;;;;;;;;;;;;;
ГоловкинГС;;;;;;;;;;;;;;;;;;;;;;;;;2;;;;;;
ГоловковГС;;;;;;;;;;;;;;;;;;;;;;;;;;;;;;;
ГолубкинаАС;;;;;;;;;;;;;;;;;;;;;;;;;;;;;;;
ГолынскийВА;;;;;;;;;;;;;;;;;;;;;;;;;;;;;;;
ГольдблатЯС;;;;;;;;;;;;;;;;;;;;;;;;;;;;;;;
ГольддингерЕВ;;;;;;;;;;;;;;;;;;;;;;;;;;;;;;;
ГольдеЭН;;;;;;;;;;;;;;;;;;;;;;;;;;;;;;;
ГольдингерЕВ;;;;;;;;;;;;;;;;;;;;;;;;;;;;;;;
ГольдманИБ;;;;;;;;;;;;;;;;;;;;;;;;;;;;;;;
Гом-БаргЮЯ;;;;;;;;;;;;;;;;;;;;;;;;;;;;;;;
ГончароваНС;;;;;;;;;;;;;;;;;;;;;;;;;;;;;;;
ГонякИК;;;;;;;;;;;;;;;;;;;;;;;;;;;;;;;
ГоравскийАГ;;;;;;;;;;;;;;;;;;;;;;;;;;;;;;;
ГорбатовКИ;;;;;;;;;;;;;;;;;;;;;;;;;;;;;;;15
ГорбуновАК;;;;;;;;;;;;;;;;;;;;;;;;;;;;;;;
ГорбуновКА;;;;;;;;;;;;;;;;;;;;;;;;;;;;;;;
ГороновичВЯ;;;;;;;;;;;;;;;;;;;;;;;;;;;;;;;
ГороховИЛ;;;;;;;;;;;;;;;;;;;;;;;;;;;;;;;
ГорскийКН;;;;;;;;;;;;;;;;;;;;;;;;;;;;;;;
Горюшкин-СкоропудовИС;;;;;;;;;;;;;;;;;;;;;;;;;;;;;;;
ГосЭИ;;;;;;;;;;;;;;;;;;;;;;;;;;;;;;;
ГофманнК;;;;;;;;;;;;;;;;;;;;;;;;;;;;;;;
ГофманОА;;;;;;;;;;;;;;;;;;;;;;;;;;;;;;;
ГоффертАЕ;;;;;;;;;;;;;;;;;;;;;;;;;;;;;;;
ГрабарьИЭ;;;;;;;;;;;;;;;;;;;;;;;;;;;;;;;
ГрабовскийВ;;;;;;;;;;;;;;;;;;;;;;;;;;;;;;;
ГравеВФ;;;;;;;;;;;;;;;;;;;;;;;;;;;;;;;
ГрандковскийНК;;;;;;;;;;;;;;;;;1;;;;;1;;;1;1;;;;;
ГригорьевВМ;;;;;;;;;;;;;;;;;;;;;;;;;;;;;;;
ГригорьевПА;;;;;;;;;;;;;;;;;;;;;;;;;;;;;;;
ГриллихесАА;;;;;;;;;;;;;;;;;;;;;;;;;;;;;;;
ГриневАП;;;;;;;;;;;;;;;;;;;;;;;;;;;;;;;
ГриценкоНН;;;;;;;;;;;;;;;;;;;;;;;;;;;;;;;
ГрищенкоАВ;;;;;;;;;;;;;;;;;;;;;;;;;;;;;;;
ГромовАА;;;;;;;;;;;;;;;;;;;;;;;;;;;;;;;
ГросманАГ;;;;;;;;;;;;;;;;;;;;;;;;;;;;;;;
ГрузенбергСН;;;;;;;;;;;;;;;;;;;;;;;;;;;;;;;
ГрузинскийПН;;;;;;;;;;;;;;;;;;;;;;;;;;;;;;;
ГрюнфельдМИ;;;;;;;;;;;;;;;;;;;;;;;;;;;;;;;
ГугунаеваИГ;;;;;;;;;;;;1;;;;;;;;;;;;;;;;;;;
ГужавинММ;;;;;;;;;;;;;;;;;;;;;;;;;;;;;;;
ГузарскийВ;;;;;;;;;;;;;;;;;;;;;;;;;;;;;;;
ГузиковСМ;;;;;;;;;;;;;;;;;;;;;;;;;;;;;;;
ГулевичЕА;;;;;;;;;;;;;;;;;;;;;;;;;;;;;;;
ГумаликНИ;;;;;;;;;;;;;;;;;;;;;;;;;;;;;;;
ГунКФ;5;3;;2;35;;;;;;;;;;;;;;;;;;;;;;;;;;
ГусеваАА;;;;;;;;;;;;;;;;;;;;;;;;;;;;;;;
ГусеваГ;;;;;;;;;;;;;;;;;;;;;;;;;;;;;;;
ГусиковХК;;;;;;;;;;;;;;;;;;;;;;;;;;;;;;;
Гюбнер-СимонисЭВ;;;;;;;;;;;;;;;;;;;;;;;;;;;;;;;
ГюбнерЭВ;;;;;;;;;;;;;;;;;;;;;;;;;;;;;;;
ГюрджанАМ;;;;;;;;;;;;;;;;;;;;;;;;;;;;;;;
ДабижаАВ;;;;;;;;;;;;;;;;;;;;;;;;;;;;;;;
ДаксергофФП;;;;;;;;;;;;;;;;;;;;;;;;;;;;;;;
ДальГ;;;;;;;;;;;;;;;;;;;;;;;;;;;;;;;
Д'АльгеймММ;;;;;;;;;;;;;;;;;;;;;;;;;;;;;;;
Даньян-Бувере;;;;;;;;;;;;;;;;;;;;;;;;;;;;;;;
ДаугельА;;;;;;;;;;;;;;;;;;;;;;;;;;;;;;;
Дашенко;;;;;;;;;;;;;;;;;;;;;;;;;;;;;;;
ДворниковТЯ;;;;;;;;;;;;;;;;;;;;;;;;1;;1;;;;3;
Де-Вит-МанизерСС;;;;;;;;;;;;;;;;;;;;;;;;;;;;;;;
ДевяткинСЕ;;;;;;;;;;;;;;;;;;;;;;;;;;;;;;;
ДевятовЯМ;;;;;;;;;;;;;;;;;;;;;;;;;;;;;;;
ДегазШ;;;;;;;;;;;;;;;;;;;;;;;;;;;;;;;
ДеевСС;;;;;;;;;;;;;;;;;;;;;;;;;;;;;;;
Делла-ВосОЛ;;;;;;;;;;;;;;;;;;;;;;;;;;;;;;;
ДенисовАК;;;;;;;;;;;;;;;;;;;;;;;;;;;;;;;
Денисов-УральскийАК;;;;;;;;;;;;;;;;;;;;;;;;;;;;;;;
ДеранА;;;;;;;;;;;;;;;;;;;;;;;;;;;;;;;
ДержавинНМ;;;;;;;;;;;;;;;;;;;;;;;;;;;;;;;
ДерюжинскийГВ;;;;;;;;;;;;;;;;;;;;;;;;;;;;;;;
ДетерсЭВ;;;;;;;;;;;;;;;;;;;;;;;;;;;;;;;
ДешинД;;;;;;;;;;;;;;;;;;;;;;;;;;;;;;;
ДженеевИА;;;;;;;;;;;;;;;;;;;;;;;;;;;;;;;
ДжилардиП;;;;;;;;;;;;;;;;;;;;;;;;;;;;;;;
ДжогинПП;;;;;;;;;;;;;;;;;;;;;;;;;;;;;;;
ДжонстонГ;;;;;;;;;;;;;;;;;;;;;;;;;;;;;;;
ДиллонМЛ;;;;;;;;;;;;;;;;;;;;;;;;;;;;;;;
ДилльЛ;;;;;;;;;;;;;;;;;;;;;;;;;;;;;;;
ДитрихЛА;;;;;;;;;;;;;;;;;;;;;;;;;;;;;;;
ДмитриевВА;;;;;;;;;;;;;;;;;;;;;;;;;;;;;;;
ДмитриевИЯ;;;;;;;;;;;;;;;;;;;;;;;;;;;;;;;
Дмитриев-КавказскийЛЕ;;;;;;;;;;;;;;;;;;;;;;;;;;;;;;;
Дмитриев-КавказскийН;;;;;;;;;;;;;;;;;;;;;;;;;;;;;;;
ДмитриевЛЕ;;;;;;;;;;;;;;;;;;;;;;;;;;;;;;;
Дмитриев-ОренбургскийНД;;;;;;;;;;;;;;;;;;;;;;;;;;;;;;;
ДмитриевС;;;;;;;;;;;;;;;;;;;;;;;;;;;;;;;
Дмитриев-ЧелябинскийИЯ;;;;;;;;;;;;;;;;;;;;;;;;;;;;;;;
ДобрижинскийВА;;;;;;;;;;;;;;;;;;;;;;;;;;;;;;;
ДобровольскийВГ;;;;;;;;;;;;;;;;;;;;;;;;;;;;;;;
ДобровольскийНФ;;;;;;;;;;;;;;;;;;;;;;;;;;;;;;;
ДобужинскийМВ;;;;;;;;;;;;;;;;;;;;;;;;;;;;;;;
ДолговАА;;;;;;;;;;;;;;;;;;;;;;;;;;;;;;;
ДолговИВ;;;;;;;;;;;;;;;;;;;;;;;;;;;;;;;
ДолинВК;;;;;;;;;;;;;;;;;;;;;;;;;;;;;;;
ДомарадзкийСЭ;;;;;;;;;;;;;;;;;;;;;;;;;;;;;;;
ДоскинНВ;;;;;;;;;;;;;;1;;2;;;;;;;1;5;;;;;;;
ДржевецкаяЛ;;;;;;;;;;;;;;;;;;;;;;;;;;;;;;;
ДриттенпрейсВП;;;;;;;;;;;;;;;;;;;;;;;;;;;;;;;
ДроздовИГ;;;;;;;;;;;;;;;;;;;;;;;;;;;;;;;
ДрюльВ;;;;;;;;;;;;;;;;;;;;;;;;;;;;;;;
ДубовскийНН;;;;;;;;;1;2;5;5;2;;;3;1;2;8;34;2;10;9;13;12;12;11;15;6;15;17
ДубровскийАС;;;;;;;;;;;;;;;;;;;;;;;;;;;;;;;
ДудинИО;;;;;;;;;;;;;;;;;;;;;;;;;;;;;;;
ДуковичСА;;;;;;;;;;;;;;;;;;;;;;;;;;;;;;;
ДукшинскаяЭГ;;;;;;;;;;;;;;;;;;;;;;;;;;;;;;;
ДурдинБН;;;;;;;;;;;;;;;;;;;;;;;;;;;;;;;
ДурновМА;;;;;;;;;;;;;;;;;;;;;;;;;;;;;;;
ДыдышкоКВ;;;;;;;;;;;;;;;;;;;;;;;;;;;;;;;
Дьякова-АлексееваМН;;;;;;;;;;;;;;;;;;;;;;;;;;;;;;;
ДьяковаМН;;;;;;;;;;;;;;;;;;;;;;;;;;;;;;;
Дьяконов-МичанскийДВ;;;;;;;;;;;;;;;;;;;;;;;;;;1;;;;;
ДюккерЕЭ;;1;;;;;;;;;;;;;;;;;;;;;;;;;;;;;
ЕвреиновВВ;;;;;;;;;;;;;;;;;;;;;;;;;;;;;;;
ЕвсеевКИ;;;;;;;;;;;;;;;;;;;;;;;;;;;;;;;
ЕгорновАС;;;;;;;;;;;;;;;;;;;;;;;;;;;;;;;
ЕгорновСС;;;;;;;;;;;;;;;;;;;;;;;;;;;;;;;
ЕгоровАА;;;;;;;;;;;;;;;;;;;;;;;;;;;;;;;2
ЕгоровЕВ;;;;;;;;;;;;;;;;;;;;;;;;;;;;;;;
ЕгоровЛЕ;;;;;;;;;;;;;;;;;;;;;;;;;;;;;;;
ЕгоровСЗ;;;;;;;;;;;;;;;;;;;;;;;;;;;;;;;
ЕдельфельдА;;;;;;;;;;;;;;;;;;;;;;;;;;;;;;;
ЕндогуровНИ;;;;;;;;;;;2;4;3;4;;;2;1;4;;;;3;;;;;;;;
ЕрмиловИ;;;;;;;;;;;;;;;;;;;;;;;;;;;;;;;
ЕрмолаевБН;;;;;;;;;;;;;;;;;;;;;;;;;;;;;;;
ЕрнефельтЕ;;;;;;;;;;;;;;;;;;;;;;;;;;;;;;;
ЕсиповДА;;;;;;;;;;;;;;;;;;;;;;;;;;;;;;;
ЕфимовИЕ;;;;;;;;;;;;;;;;;;;;;;;;;;;;;;;
ЕфимовМЯ;;;;;;;;;;;;;;;;;;;;;;;;;;;;;;;
ЕфимовНН;;;;;;;;;;;;;;;;;;;;;;;;;;;;;;;
ЖабаАК;;;;;;;;;;;;;;;;;;;;;;;;;;;;;;;
ЖабаНК;;;;;;;;;;;;;;;;;;;;;;;;;;;;;;;
ЖаравоваАА;;;;;;;;;;;;;;;;;;;;;;;;;;;;;;;
Жевакина-НикольскаяМС;;;;;;;;;;;;;;;;;;;;;;;;;;;;;;;
Жеврежеев;;;;;;;;;;;;;;;;;;;;;;;;;;;;;;;
ЖелтовскийИВ;;;;;;;;;;;;;;;;;;;;;;;;;;;;;;;
ЖижиленкоАИ;;;;;;;;;;;;;;;;;;;;;;;;;;;;;;;
ЖижиленкоГА;;;;;;;;;;;;;;;;;;;;;;;;;;;;;;;
ЖилардиРС;;;;;;;;;;;;;;;;;;;;;;;;;;;;;;;
ЖилинПФ;;;;;;;;;;;;;;;;;;;;;;;;;;;;;;;
ЖильцовИО;;;;;;;;;;;;;;;;;;;;;;;;;;;;;;;
ЖолтовскийИВ;;;;;;;;;;;;;;;;;;;;;;;;;;;;;;;
ЖувенауИ;;;;;;;;;;;;;;;;;;;;;;;;;;;;;;;
ЖудинаОД;;;;;;;;;;;;;;;;;;;;;;;;;;;;;;;
ЖудинДА;;;;;;;;;;;;;;;;;;;;;;;;;;;;;;;
ЖуковаЛА;;;;;;;;;;;;;;;;;;;;;;;;;;;;;;;
ЖуковИС;;;;;;;;;;;;;;;;;;;;;;;;;;;;;;;
ЖуковскаяМБ;;;;;;;;;;;;;;;;;;;;;;;;;;;;;;;
ЖуковскийСЮ;;;;;;;;;;;;;;;;;;;;;;2;1;;11;9;12;5;2;7;2
ЖупахинСГ;;;;;;;;;;;;;;;;;;;;;;;;;;;;;;;
ЖуравлевФС;;;;;;;;;;;;;;;;;;;;;;;;;;;;;;;
ЗабеллоПП;;;;;1;;;;;;;;;;;;;;;;;;;;;;;;;;
ЗабоклицкийВЛ;;;;;;;;;;;;;;;;;;;;;;;;;;;;;;;
ЗаболотскийПП;;;;;;;;;;;;;;;;;;;;;;;;;;;;;;;
ЗаборовскийСА;;;;;;;;;;;;;;;;;;;;;;;;;;;;;;;
ЗавойкоСВ;;;;;;;;;;;;;;;;;;;;;;;;;;;;;;;
ЗагорскийНП;;;;;;;;;;;;;;;1;1;1;2;;;;;;;;;;;;;
ЗайднерЕ;;;;;;;;;;;;;;;;;;;;;;;;;;;;;;;
Зайднер-СаддЕ;;;;;;;;;;;;;;;;;;;;;;;;;;;;;;;
ЗайцевК;;;;;;;;;;;;;;;;;;;;;;;;;;;;;;;
ЗайцевММ;;;;;;;;;;;;;;;;;;;;;;;;;;;5;;1;4;1
ЗайцевНС;;;;;;;;;;;;;;;;;;;;;;;;;;;;;;;
ЗалеманГР;;;;;;;;;;;;;;;;;;;;;;;;;;;;;;;
ЗалесскийСИ;;;;;;;;;;;;;;;;;;;;;;;;;;;;;;;
ЗальВК;;;;;;;;;;;;;;;;;;;;;;;;;;;;;;;
ЗальцманГ;;;;;;;;;;;;;;;;;;;;;;;;;;;;;;;
ЗамирайлоВД;;;;;;;;;;;;;;;;;;;;;;;;;;;;;;;
Зандер-РандаловаЭЯ;;;;;;;;;;;;;;;;;;;;;;;;;;;;;;;
ЗандинМП;;;;;;;;;;;;;;;;;;;;;;;;;;;;;;;
ЗанковскийИН;;;;;;;;;;;;;;;;;;;;;;;;;;;;;;;
Запольский-ДовнарРВ;;;;;;;;;;;;;;;;;;;;;;;;;;;;;;;
ЗапорожцевВ;;;;;;;;;;;;;;;;;;;;;;;;;;;;;;;
ЗарецкийАА;;;;;;;;;;;;;;;;2;;;;;;;;;;;;;;;
ЗарецкийНВ;;;;;;;;;;;;;;;;;;;;;;;;;;;;;;;
ЗарубинВИ;;;;;;;;;;;;;;;;;;;;;;;;;;;;;;;12
ЗарыцкийНВ;;;;;;;;;;;;;;;;;;;;;;;;;;;;;;;
ЗарянкоСК;;;;;;;;;;;;;;;;;;;;;;;;;;;;;;;
ЗахаровА;;;;;;;;;;;;;;;;;;;;;;;;;;;;;;;
ЗахаровИИ;;;;;;;;;;;;;;;;;;;;;;;;;;;;;;;
ЗахаровФИ;;;;;;;;;;;;;;;;;;;;;;;;;;;;;;;
ЗахгеймМО;;;;;;;;;;;;;;;;;;;;;;;;;;;;;;;
ЗверевВА;;;;;;;;;;;;;;;;;;;;;;;;;;;;;;;4
ЗданевичКМ;;;;;;;;;;;;;;;;;;;;;;;;;;;;;;;
ЗедделерНН;;;;;;;;;;;;;;;;;;;;;;;;;;;;;;;
ЗейденбергСМ;;;;;;;;;;;;;;;;;;;;;;;;;;;;;;;
ЗеленскийММ;;;;;;;;;;;;;;;;;;;;;;;;;;;;;;;
ЗельмановаАМ;;;;;;;;;;;;;;;;;;;;;;;;;;;;;;;
ЗенковСН;;;;;;;;;;;;;;;;;;;;;;;;;;;;;;;
ЗенченкоВМ;;;;;;;;;;;;;;;;;;;;;;;;;;;;;;;
ЗеньковичНВ;;;;;;;;;;;;;;;;;;;;;;;;;;;;;;;
ЗиминГД;;;;;;;;;;;;;;;;;;;;;;;;;;;;;;;
ЗиминКН;;;;;;;;;;;;;;;;;;;;;;;;;;;;;;;
ЗиновьевА;;;;;;;;;;;;;;;;;;;;;;;;;;;;;;;
ЗиновьевПГ;;;;;;;;;;;;;;;;;;;;;;;;;;;;;;;
Зихель;;;;;;;;;;;;;;;;;;;;;;;;;;;;;;;
ЗлатовратскийАН;;;;;;;;;;;;;;;;;;;;;;;;;;;;;;;
ЗоммерКА;;;;;;;;;;;;;;;;;;;;;;;;;;;;;;;
ЗоммерРК;;;;;;;;;;;;;;;;;;;;;;;;;;;;;;;
ЗоринФТ;;;;;;;;;;;;;;;;;;;;;;;;;;;;;;;
ЗубчаниновНА;;;;;;;;;;;;;;;;;;;;;;;;;;;;;;;
ЗулмарЛН;;;;;;;;;;;;;;;;;;;;;;;;;;;;;;;
ИваницкаяЕЕ;;;;;;;;;;;;;;;;;;;;;;;;;;;;;;;
ИванкинГВ;;;;;;;;;;;;;;;;;;;;;;;;;;;;;;;
ИвановАА;;;;;;;;;;;;;;;;;;;;;;;;;;;;;;;
ИвановАЕ;;;;;;;;;;;;;;;;;;;;;;;;;;;;;;;
ИвановаКВ;;;;;;;;;;;;;;;;;;;;;;1;;;;;;;;;
ИвановБМ;;;;;;;;;;;;;;;;;;;;;;;;;;;;;;;
ИвановДГ;;;;;;;;;;;;;;;;;;;;;;;;;;;;;;;
Иванов-ЛозовскийГМ;;;;;;;;;;;;;;;;;;;;;;;;;;;;;;;
ИвановМФ;;;;;;;;;;;;;;;;;;;;;;;;;;;;;;;17
ИвановНЛ;;;;;;;;;;;;;;;;;;;;;;;;;;;;;;;
ИвановПП;;;;;;;;;;;;;;;;;;;;;;;;;;;;;;;
ИвановСВ;;;;;;;;;;;;1;;1;;;;;;;;;1;2;;;;;;;
ИвановСП;;;;;;;;;;;;;;;;;;;;;;;;;;;;;;;
ИвашинцеваМИ;;;;;;;;;;;;;;;;;;;;;;;;;;;;;;;
ИвковскийСК;;;;;;;;;;;;;;;;;;;;;;;;;;;;;;;
ИгнатьевМИ;;;;;;;;;;;;;;;;;;;;;;;;;;;1;;;;
Иелита-ВольскийФА;;;;;;;;;;;;;;;;;;;;;;;;;;;;;;;
ИжакевичАА;;;;;;;;;;;;;;;;;;;;;;;;;;;;;;;
ИжакевичИС;;;;;;;;;;;;;;;;;;;;;;;;;;;;;;;
ИжевскаяМП;;;;;;;;;;;;;;;;;;;;;;;;;;;;;;;
ИзмайловичВМ;;;;;;;;;;;;;;;;;;;;;;;;;;;;;;;
ИзоевПФ;;;;;;;;;;;;;;;;;;;;;;;;;;;;;;;
Икар;;;;;;;;;;;;;;;;;;;;;;;;;;;;;;;
ИконниковАД;;;;;;;;;;;;;;;;;;;;;;;;;;;;;;;
ИльинЛН;;;;;;;;;;;;;;;;;;;;;;;;;;;;;;;
ИльинскийВК;;;;;;;;;;;;;;;;;;;;;;;;;;;;;;;
ИмеретинскаяОФ;;;;;;;;;;;;;;;;;;;;;;;;;;;;;;;
ИонинНА;;;;;;;;;;;;;;;;;;;;;;;;;;;;;;;
ИоффеМС;;;;;;;;;;;;;;;;;;;;;;;;;;;;;;;
ИсуповАВ;;;;;;;;;;;;;;;;;;;;;;;;;;;;;;;
ЙенсенДИ;;;;;;;;;;;;;;;;;;;;;;;;;;;;;;;
Кавос-ЗаруднаяЕС;;;;;;;;;;;;;;;;;;;;;;;;;;;;;;;
КавтарадзеАК;;;;;;;;;;;;;;;;;;;;;;;;;;;;;;;
КавтарадзеКЗ;;;;;;;;;;;;;;;;;;;;;;;;;;;;;;;
КагородовАД;;;;;;;;;;;;;;;;;;;;;;;;;;;;;;;2
КазаковИС;;;;;;;;;;;;;;;;;;;;;;;;;;;;;;;
КазановскаяМА;;;;;;;;;;;;;;;;;;;;;;;;;;;;;;;
КазановскийВЛ;;;;;;;;;;;;;;;;;;;;;;;;;;;;;;;
КазанцеваЕВ;;;;;;;;;;;;;;;;;;;;;;;;;;;;;;;
КазанцевВП;;;;;;;;;;;;;;;;;;;;;;;;;;;;;;;
КазенЖ;;;;;;;;;;;;;;;;;;;;;;;;;;;;;;;
КайгородовАД;;;;;;;;;;;;;;;;;;;;;;;;;;;;;;;
КакабадзеДН;;;;;;;;;;;;;;;;;;;;;;;;;;;;;;;
КалачевЕА;;;;;;;;;;;;;;;;;;;;;;;;;;;;;;;1
КалашниковЕА;;;;;;;;;;;;;;;;;;;;;;;;;;;;;;;
КалмаковНК;;;;;;;;;;;;;;;;;;;;;;;;;;;;;;;
КалмыковГО;;;;;;;;;;;;;;;;;;;;;;;;;;;;;;;
КалмыковИЛ;;;;;;;;;;;;;;;;;;;;;;;;;;2;;;;;
Калупов;;;;;;;;;;;;;;;;;;;;;;;;;;;;;;;
КамаровВИ;;;;;;;;;;;;;;;;;;;;;;;;;;;;;;;
КамбаровИА;;;;;;;;;;;;;;;;;;;;;;;;;;;;;;;
КаменевЛЛ;2;1;1;;1;;;;3;;;;;;1;;;;;;;;;;;;;;;;
КаменскийБМ;;;;;;;;;;;;;;;;;;;;;;;;;;;;;;;
КаменскийГП;;;;;;;;;;;;;;;;;;;;;;;;;;;;;;;
КаменскийПП;;;;;;;;;;;;;;;;;;;;;;;;;;;;;;;
КаменскийФМ;;;;;;;;;;;;;;;;;;;;;;;;;;;;;;;
КаменскийФФ;1;;1;;;;;;;;;;;;;;;;;;;;;;;;;;;;
КаменцеваЕИ;;;;;;;;;;;;;;;;;;;;;;;;;;;;;;;
КандауровАИ;;;;;;;;;;;;;;;;1;;;;;;;;;;;;;;;
КандинскийВВ;;;;;;;;;;;;;;;;;;;;;;;;;;;;;;;
КанольдтА;;;;;;;;;;;;;;;;;;;;;;;;;;;;;;;
КанцеровАГ;;;;;;;;;;;;;;;;;;;;;;;;;;;;;;;
КаплунАВ;;;;;;;;;;;;;;;;;;;;;;;;;;;;;;;
КаразинНН;;;;;;;;;;;;;;;;;;;;;;;;;;;;;;;
Каргус-СмоленскийВР;;;;;;;;;;;;;;;;;;;;;;;;;;;;;;;
КардовскийДН;;;;;;;;;;;;;;;;;;;;;;;;;;;;;;;
КаревАЕ;;;;;;;;;;;;;;;;;;;;;;;;;;;;;;;
КарелинАА;;;;;;;;;;;;;;;;;;;;;;;;;;;;;;;
Карем-ВайнштейнЕС;;;;;;;;;;;;;;;;;;;;;;;;;;;;;;;
КаринскаяА;;;;;;;;;;;;;;;;;;;;;;;;;;;1;;;;
КарнеевАЕ;;;;;;;;;;;;;;;;;;;;;;;;;;;;;;;
КародоссиВ;;;;;;;;;;;;;;;;;;;;;;;;;;;;;;;
Карпинская-ГерунгЕГ;;;;;;;;;;;;;;;;;;;;;;;;;;;;;;;
Карпова-КоншевскаяЕГ;;;;;;;;;;;;;;;;;;;;;;;;;;;;;;;
КарриерГ;;;;;;;;;;;;;;;;;;;;;;;;;;;;;;;
КарцевПС;;;;;;;;;;;;;;;;;;;;;;;;;;;;;;;
КасаткинНА;;;;;;;;;;;;;;;;;3;;2;2;2;4;4;2;1;3;4;5;1;9;
КасаткинНН;;;;;;;;;;;;;;;;2;;;;;;;;;;;;;;;
Кастан;;;;;;;;;;;;;;;;;;;;;;;;;;;;;;;
КасцовКГ;;;;;;;;;;;;;;;;;;;;;;;;;;;;;;;
КатуркинТИ;;;;;;;;;;;;;;;;;;;;;;;;;;;;;;;2
КафкаВА;;;;;;;;;;;;;;2;;;;;;;;;;;;;;;;;
КашкадамоваЕН;;;;;;;;;;;;;;;;;;;;;;;;;;;;;;;
КелерКИ;;;;;;;;;;;;;;;;;;;;;;;;;;;;;;;
КелинПИ;;;;;;;;;;;;;;;;;;;;;;;;;;;;;2;12;6
КеллерАВ;;;;;;;;;;;;;;;;;;;;;;;;;;;;;;;
КеллерИП;;;;;;;;;;;;;;;;;;;;;;;;;;;;;;;
КельхВФ;;;;;;;;;;;;;;;;;;;;;;;;;;;;;;;
КельхПИ;;;;;;;;;;;;;;;;;;;;;;;;;;;1;;;;
КеммингГА;;;;;;;;;;;;;;;;;;;;;;;;;;;;;;;
КерзинМА;;;;;;;;;;;;;;;;;;;;;;;;;;;;;;1;
КерковаСЛ;;;;;;;;;;;;;;;;;;;;;;;;;;;;;;;
КибальчичТВ;;;;;;;;;;;;;;;;;;;;;;;;;;;;;;;
КившенкоАД;;;;;;;;;;;;;;;;;;;;;;;;;;;;;;;
КикертК;;;;;;;;;;;;;;;;;;;;;;;;;;;;;;;
КирилловаАМ;;;;;;;;;;;;;;;;;;;;;;;;;;;;;;;
КиринарскийМА;;;;;;;;;;;;;;;;;;;;;;;;;;;;;;;
КирсановКВ;;;;;;;;;;;;;;;;;;;;;;;;;;;;;;;
КирьяцкойЕО;;;;;;;;;;;;;;;;;;;;;;;;;;;;;;;
КиселевАА;;;;6;2;3;10;7;5;7;8;11;3;9;3;2;2;;;6;4;2;7;6;7;4;6;9;7;8;
Киселев-КамскийАА;;;;;;;;;;;;;;;;;;;;;;;;;;;;;;;
КиселевС;;;;;;;;;;;;;;;;;;;;;;;;;;;;;;;
КисельБА;;;;;;;;;;;;;;;;;;;;;;;;;;;;;;;
Китаева-ЦыхановскаяАВ;;;;;;;;;;;;;;;;;;;;;;;;;;;;;;;
КитаевВН;;;;;;;;;;;;;;;;;;;;;;;;;;;;;;;
КишневскийСЯ;;;;;;;;;;;;;;;;;;1;;;;1;;;;;;;;;
КлагесФА;;;;;;;;;;;;;;;;;;;;;;;;;;;;;;;
КлакачеваСЛ;;;;;;;;;;;;;;;;;;;;;;;;;;;;;;;
КлевезальА;;;;;;;;;;;;;;;;;;;;;;;;;;;;;;;
КлеверМ;;;;;;;;;;;;;;;;;;;;;;;;;;;;;;;
КлеверО;;;;;;;;;;;;;;;;;;;;;;;;;;;;;;;
КлеверЮЮ;;;;;;;;;;;;;;;;;;;;;;;;;;;;;;;
Клейнек;;;;;;;;;;;;;;;;;;;;;;;;;;;;;;;
КлементьевАН;;;;;;;;;;;;;;;;;;;;;;;;;;;;;;;
КлеттенбергАП;;;;;;;;;;;;;;;;;;;;;;;;;;;;;;;
КлименкоД;;;;;;;;;;;;;;;;;;;;;;;;;;;;;;;
КлименкоДВ;;;;;;;;;;;;;;;;;;;;;;;;;;;;;;;
КлодтМК;1;1;4;1;;;;;;;;;;;;;;;;;;;;;;;;;;;
КлодтМП;;1;3;;13;2;4;6;1;1;1;5;1;4;1;2;1;;1;1;;3;3;;3;4;;;;1;
КлодтНА;;;;;;;;;;;;;;;;;;;;;;;;;;;;;;;
КлодтПК;;;;;;;;;;;;;;;;;;;;;;;;;;;;;;;
КлокачеваЕН;;;;;;;;;;;;;;;;;;;;;;;;;;;;;;;
КлоповВА;;;;;;;;;;;;;;;;;;;;;;;;;;;;;;;
КлюкКФ;;;;;;;;;;;;;;;;;;;;;;;;;;;;;;;
КлюшниковСА;;;;;;;;;;;;;;;;;;;;;;;;;;;;;;;
Кнюпфер;;;;;;;;;;;;;;;;;;;;;;;;;;;;;;;
КнязьковаВВ;;;;;;;;;;;;;;;;;;;;;;;;;;;;;;;
КовалевскийПО;;;;;;;;;;;;;;;;;;;;;;;;;;;;;;;
Ковальская-ИльинаПВ;;;;;;;;;;;;;;;;;;;;;;;;;;;;;;;
КозловВВ;;;;;;;;;;;;;;;;;;;;;;;;;;;;;;;
КозловПС;;;;;;;;;;;;;;;;;;;;;;;;;;;;;;;
Козловская;;;;;;;;;;;;;;;;;;;;;;;;;;;;;;;
КозловскаяМА;;;;;;;;;;;;;;;;;;;;;;;;;;;;;;;
КокелинФ;;;;;;;;;;;;;;;;;;;;;;;;;;;;;;;
КолесниковИО;;;;;;;;;;;;;;;;;;;;;;;;;;;;;;;11
Колесова-РощинаАИ;;;;;;;;;;;;;;;;;;;;;;;;;;;;;;;
КолпаковскаяВН;;;;;;;;;;;;;;;;;;;;;;;;;;;;;;;
КолупаевДА;;;;;;;;;;;;;;;;;;;;;;;;;;;;;;;
КомароваАТ;;;;;;;;;;;;;;;;;;;;;;;;;;;;;;;
КомаровВП;;;;;;;;;;;;;;;;;;;;;;;;;;;;;;;
КомаровДВ;;;;;;;;;;;;;;;;;;;;;;;;;;;;;;;
КомашкоАМ;;;;;;;;;;;;;;;;;;;;;;;;;;;;;;;13
КонашевичВМ;;;;;;;;;;;;;;;;;;;;;;;;;;;;;;;
КондерШ;;;;;;;;;;;;;;;;;;;;;;;;;;;;;;;
КондратенкоГП;;;;;;;;;;;;;;;;;;;;;;;;;;;;;;;
КондратенкоКП;;;;;;;;;;;;;;;;;;;;;;;;;;;;;;;
КондратьевВВ;;;;;;;;;;;;;;;;;;;;;;;;;;;;;;;
КоненковСТ;;;;;;;;;;;;;;;;;;;;;;;;;;;;;;;
КонновАИ;;;;;;;;;;;;;;;;;;;;;;;;;;;;;;;
КоноваловаАС;;;;;;;;;;;;;;;;;;;;;;;;;;;;;;;
КоноваловВВ;;;;;;;;;;;;;;;;;;;;;;;;;;;;;;;
КонстантиноваАО;;;;;;;;;;;;;;;;;;;;;;;;;;;;;;;
КонстантиновНК;;;;;;;;;;;;;;;;;;;;;;;;;;;;;;;
КонстантинопольНК;;;;;;;;;;;;;;;;;;;;;;;;;;;;;;;
КончаловскийПП;;;;;;;;;;;;;;;;;;;;;;;;;;;;;;;
КоптевГН;;;;;;;;;;;;;;;;;;;;;;;;;;;;;;;
КореневВФ;;;;;;;;;;;;;;;;;;;;;;;;;;;;;;;
Коренев-НовороссийскийВФ;;;;;;;;;;;;;;;;;;;;;;;;;;;;;;;
КорженевскийС;;;;;;;;;;;;;;;;;;;;;;;;;;;;;;;
КорзухинАИ;;;;;;;;;;;;;;;;;;;;;;;;;;;;;;;
КоринАМ;;;;;;;;;;;;;;;;2;;1;1;2;;2;3;2;16;2;6;;5;9;
КоринсскаяА;;;;;;;;;;;;;;;;;;;;;;;;;;;;;;;
КорневВФ;;;;;;;;;;;;;;;;;;;;;;;;;;;;;;;
КорнеевФМ;;;;;;;;;;;;;;;;;;;;;;;;;;;;;;;
КорниловНВ;;;;;;;;;;;;;;;;;;;;;;;;;;;;;;1;
КоробковСТ;;;;;;;;;;;;;;;;;;;;;;;;;;;;;;;
КоровинКА;;;;;;;;;;;;;;2;;1;;;;;;;;;;;;;;;
КоровинПИ;;;;;;;;;;;;;;;;1;;;;;;;;;;;;;;;
КоровинСА;;;;;;;;;;1;;;;;;2;;1;;;;;;;;;;;;;
КорогодовСМ;;;;;;;;;;;;;;;;;;;;;;;;;;;;;;;
КоролевАП;;;;;;;;;;;;;;;;;;;;;;;;;;;;;;;
КорсаковЮП;;;;;;;;;;;;;;;;;;;;;;;;;;;;;;;
КорсунМП;;;;;;;;;;;;;;;;;;;;;;;;;;;;;;;
КорфВН;;;;;;;;;;;;;;;;;;;;;;;;;;;;;;;
КосмаковИА;;;;;;;;;;;;;;;;1;;;;;;;;;;;;;;;
КоссакВ;;;;;;;;;;;;;;;;;;;;;;;;;;;;;;;
КостандиКК;;;;;;;;;1;2;;;;2;;;;1;;;;;2;1;1;2;3;;1;1;
КостенкоКЕ;;;;;;;;;;;;;;;;;;;;;;;;;;;;;;;
КостенкоСП;;;;;;;;;;;;;;;;1;;;;;;;;;;;;;;;
КострицЛМ;;;;;;;;;;;;;;;;;;;;;;;;;;;;;;;
КотарбинскийВА;;;;;;;;;;;;;;;;;;;;;;;;;;;;;;;
КотляревскийАМ;;;;;;;;;;;;;;;;;;;;;;;;;;;;;;;
КотовГИ;;;;;;;;;;;;;;;;;;;;;;;;;;;;;;;
КохПП;;;;;;;;;;;;;;;;;;;;;;;;;;;;;;;
КоцебуАЕ;;;;;;;;;;;;;;;;;;;;;;;;;;;;;;;
КочетоваОА;;;;;;2;;;;;;;;;;;;;;;;;;;;;;;;;
КошелевНА;;;;;;;;;;;;;;;;;;;;;;;;;;;;;;;
КравченкоАИ;;;;;;;;;;;;;;;;;;;;;;;;;;;;;;;
КравченкоНИ;;;;;;;;;;;;;;;;;;;;;;;;;;;;;;;
КрамскаяСИ;;;;;;;;;;;;;;;;;;;;;;;;;;;;;;;
КрамскойИН;8;4;11;5;12;6;8;10;9;7;7;4;;;4;;;;;;;;;;;;;;;;
КрандиевскаяНВ;;;;;;;;;;;;;;;;;;;;;;;;;;;;;;;
КрапоткинаМН;;;;;;;;;;;;;;;;;;;;;;;;;;;;;;;
КрарупТФ;;;;;;;;;;;;;;;;;;;;;;;;;;;;;;;
КрасиковВА;;;;;;;;;;;;;;;;;;;;;;;;;;;;;;;
КрасковскийИЕ;;;;;;;;;;;;;;;;;;;;;;;;;;;;;;;
КраснухаСП;;;;;;;;;;;;;;;;;;;;;;;;;;;;;;;
КраснушкинаЕЗ;;;;;;;;;;;;;;;;;;;;;;;;;;;;;;;
КрасовскийНП;;;;;;;;;;;;;;;;;;;;;;;;;;;;;;;
КрачковскийИЕ;;;;;;;;;;;;;;;;;1;;;;;;;;;;;;;;
КрейтанВП;;;;;;;;;;;;;;;;;;;;;;;;;;;;;;;
КремерБД;;;;;;;;;;;;;;;;;;;;;;;;;;;;;;;
КремерБС;;;;;;;;;;;;;;;;;;;;;;;;;;;;;;;
Крепер;;;;;;;;;;;;;;;;;;;;;;;;;;;;;;;
КрествоскийИВ;;;;;;;;;;;;;;;;;;;;;;;;;;;;;;;
КрестианполПИ;;;;;;;;;;;;;;;;;;;;;;;;;;;;;;;
КречининСИ;;;;;;;;;;;;;;;;;;;;;;;;;;;;;;;
КржешИИ;;;;;;;;;;;;;;;;;;;;;;;;;;;;;;;
КржыжановскийКМ;;;;;;;;;;;;;;;;;;;;;;;;;;;;;;;
КривошеинСВ;;;;;;;;;;;;;;;;;;;;;;;;;;;;;;;
Крошечкин-КрошицкийМП;;;;;;;;;;;;;;;;;;;;;;;;;;;;;;;
КругликоваЕС;;;;;;;;;;;;;;;;;;;;;;;;;;;;;;;
КрчинскийСС;;;;;;;;;;;;;;;;;;;;;;;;;;;;;;;
КрыжицкийКЯ;;;;;;;;;;;;;;;;1;1;;;;;;;;;;;;;;
Крылов;;;;;;;;;;;;;;;;;;;;;;;;;;;;;;;
КрыловИИ;;;;;;;;;;;;;;;;;;;;;;;;;;;;;;;
КрымовНП;;;;;;;;;;;;;;;;;;;;;;;;;;;;;;;
КрюковВС;;;;;;;;;;;;;;;;;;;;;;;;;;;;;;;
КсеньеваЛ;;;;;;;;;;;;;;;;;;;;;;;;;;;;;;;
КсидиасПС;;;;;;;;;;;;;;;;;;;;;;;;;;;;;;;
КубинО;;;;;;;;;;;;;;;;;;;;;;;;;;;;;;;
КубицкийВН;;;;;;;;;;;;;;;;;;;;;;;;;;;;;;;
КувакинК;;;;;;;;;;;;;;;;;;;;;;;;;;;1;;;;
КувшинниковаСП;;;;;;;;;;;;;;;;;;;;;;;;;;;;;;;
КудрявцеваВА;;;;;;;;;;;;;;;;;;;;;;;;;;;;;;;
КудрявцевАИ;;;;;;;;;;;;;;;;;;;;;;;;;;;;;;;
КудрявцевСИ;;;;;;;;;;;;;;;;;;;;;;;;;;;;;;;
КузнецовВВ;;;;;;;;;;;;;;;;;;;;;;;;;;;;;;;
КузнецовКП;;;;;;;;;;;;;;;;;;;;;;;;;;;;;;;
КузнецовНД;;;;;;3;2;1;6;3;6;3;3;8;;2;4;;5;4;;2;5;2;4;4;5;;7;4;
КузнецовП;;;;;;;;;;;;;;;;;;;;;;;;;;;;;;;
КузьминаНА;;;;;;;;;;;;;;;;;;;;;;;;;;;;;;;
КуинджиАИ;;;2;1;4;;;;;;;;;;;;;;;;;;;;;;;;;;
КулагинаСО;;;;;;;;;;;;;;;;;;;;;;;;;;;;;;;
КулешаМК;;;;;;;;;;;;;;;;;;;;;;;;;;;;;;;
КуликовИС;;;;;;;;;;;;;;;;;;;;;;;;;;;1;;;;
КуммингАА;;;;;;;;;;;;;;;;;;;;;;;;;;;;;;;
КуммингГА;;;;;;;;;;;;;;;;;;;;;;;;;;;;;;;
КупринАВ;;;;;;;;;;;;;;;;;;;;;;;;;;;;;;;
КурбатовМА;;;;;;;;;;;;;;;;;;;;;;;;;;;;;;;
КуреннойАА;;;;;;;;;;;;;;;;;;;;;;;;;;;;;;;
КуриарПП;;;;;;;;;;;;;;;;;;;;;;;;;;;;;;;
КуриарьПП;;;;;;;;;;;;;;;;;;;;;;;;;;;;;;;
КуринАВ;;;;;;;;;;;;;;;;;;;;;;;;;;;;;;;
КурпатовАВ;;;;;;;;;;;;;;;;;;;;;;;;;;;;;;;
КусковАА;;;;;;;;;;;;;;;;;;;;;;;;;;;;;;;
КустодиевБМ;;;;;;;;;;;;;;;;;;;;;;;;;;;;;;;
КустодиевКБ;;;;;;;;;;;;;;;;;;;;;;;;;;;;;;;
КучинскийСИ;;;;;;;;;;;;;;;;;;;;;;;;;;;;;;;
КучумовВН;;;;;;;;;;;;;;;;;;;;;;;;;;;;;;;5
Кюгельген;;;;;;;;;;;;;;;;;;;;;;;;;;;;;;;
КюгельхенСК;;;;;;;;;;;;;;;;;;;;;;;;;;;;;;;
КюнАМ;;;;;;;;;;;;;;;;;;;;;;;;;;;;;;;
КюфферлеПО;;;;;;;;;;;;;;;;;;;;;;;;;;;;;;;
ЛаверецкийНА;;;;;;;;;;;;;;;;;;;;;;;;;;;;;;;
ЛагардП;;;;;;;;;;;;;;;;;;;;;;;;;;;;;;;
Лагода-ШишкинаОА;;;;;;1;1;;1;;;;;;;;;;;;;;;;;;;;;;
ЛагориоЛФ;;;;;;;;;;;;;;;;;;;;;;;;;;;;;;;
ЛадыженскийГА;;;;;;;;;;;;;;;;;;;;;;;;;;;;;;;
ЛажечниковАИ;;;;;;;;;;;;;;;;;;;;;;;;;;;;;;;
Лазарев-СтанищевСН;;;;;;;;;;;;;;;;;;;;;;;;;;;;;;;
ЛаманскаяАК;;;;;;;;;;;;;;;;;;;;;;;;;;;;;;;
ЛансгофЛЭ;;;;;;;;;;;;;;;;;;;;;;;;;;;;;;;
ЛансереЕА;;;;;;;;;;;;;;;;;;;;;;;;;;;;;;;
ЛансереЕЕ;;;;;;;;;;;;;;;;;;;;;;;;;;;;;;;
ЛансереНЕ;;;;;;;;;;;;;;;;;;;;;;;;;;;;;;;
ЛанскойИИ;;;;;;;;;;;;;;;;;;;;;;;;;;;;;;;
ЛапускинИВ;;;;;;;;;;;;;;;;;;;;;;;;;;;;;;;
Лапчинский;;;;;;;;;;;;;;;;;;;;;;;;;;;;;;;
Лапшина-СоколоваВН;;;;;;;;;;;;;;;;;;;;;;;;;;;;;;;
ЛапшинГА;;;;;;;;;;;;;;;;;;;;;;;;;;;;;;;
ЛарионовМФ;;;;;;;;;;;;;;;;;;;;;;;;;;;;;;;
Лассон-СпироваЭА;;;;;;;;;;;;;;;;;;;;;;;;;;;;;;;
ЛатриМП;;;;;;;;;;;;;;;;;;;;;;;;;;;;;;;
ЛатушГ;;;;;;;;;;;;;;;;;;;;;;;;;;;;;;;
ЛатышеваА;;;;;;;;;;;;;;;;;;;;;;;;;;;;;;;
ЛаудонЕО;;;;;;;;;;;;;;;;;;;;;;;;;;;;;;;
ЛаховскийАБ;;;;;;;;;;;;;;;;;;;;;;;;;;;;;;1;16
ЛебедевАИ;;;;;;;;;;;;;;;;;;;;;;;;;;;;;;;
ЛебедевВВ;;;;;;;;;;;;;;;;;;;;;;;;;1;;1;;;;
ЛебедевКВ;;;;;;;;;1;;;;;;;1;2;;4;;1;1;;2;1;3;5;4;1;5;
ЛебедевНМ;;;;;;;;;;;;;;;;;;;;;;;;;;;;;;;
ЛебланМВ;;;;;;;;;;;;;;;;;;;;;;;;;;;;;;3;
ЛевандовскийВН;;;;;;;;;;;;;;;;;;;;;;;;;;;;;;;
ЛевиМБ;;;;;;;;;;;;;;;;;;;;;;;;;;;;;;;
ЛевинКП;;;;;;;;;;;;;;;;;;;;;;;;;;;;;;;
ЛевитанИИ;;;;;;;;;1;;;;1;3;;3;4;;4;9;3;10;8;4;;;;;;;
ЛевитскийВН;;;;;;;;;;;;;;;;;;;;;;;;;;;;;;;
ЛевицкийРС;;;;;;1;;;;;;;;1;2;;;;;;;;;;;;;;;;
ЛевкиевскийВВ;;;;;;;;;;;;;;;;;;;;;;;;;;;;;;;
ЛевотГА;;;;;;;;;;;;;;;;;;;;;;;;;;;;;;;
ЛевченкоИИ;;;;;;;;;;;1;;;;;;;;;;;;;;;;;;;;
ЛевченкоПА;;;;;;;;;;;1;1;;5;;3;;;;;;;;;3;;;;;;
Ле-ДантюМВ;;;;;;;;;;;;;;;;;;;;;;;;;;;;;;;
Леднев-ЩукинСЕ;;;;;;;;;;;;;;;;;;;;;;;;;;;;;;;
ЛеманЮЯ;;;;;1;5;;2;;;;3;;;1;;;;;;;;2;4;;;;;;;
ЛемохКВ;;;;;4;4;1;9;6;2;4;1;2;2;;3;1;;1;2;;;7;3;3;;;1;1;;
ЛенбахФ;;;;;;;;;;;;;;;;;;;;;;;;;;;;;;;
ЛенскийЗА;;;;;;;;;;;;;;;;;;;;;;;;;;;;;;;
ЛентуловАВ;;;;;;;;;;;;;;;;;;;;;;;;;;;;;;;
ЛеонгардтФ;;;;;;;;;;;;;;;;;;;;;;;;;;;;;;;
ЛеонсМН;;;;;;;;;;;;;;;;;;;;;;;;;;;;;;;
ЛепетичНН;;;;;;;;;;;;;;;;;;;;;;;;;;;;;;;
ЛермиттЛ;;;;;;;;;;;;;;;;;;;;;;;;;;;;;;;
ЛермонтоваНВ;;;;;;;;;;;;;;;;;;;;;;;;;;;;;;;
ЛесючевскийВИ;;;;;;;;;;;;;;;;;;;;;;;;;;;;;;;
ЛехтФ;;;;;;;;;;;;;;;;;;;;;;;;;;;;;;;
ЛиберихНИ;;;;;;;;;;;;;;;;;;;;;;;;;;;;;;;
ЛиберманнМ;;;;;;;;;;;;;;;;;;;;;;;;;;;;;;;
ЛибшерК;;;;;;;;;;;;;;;;;;;;;;;;;;;;;;;
ЛизакИЛ;;;;;;;;;;;;;;;;;;;;;;;;;;;;;;;
ЛиндеманАЭ;;;;;;;;;;;;;;;;;;;;;;;;;;;;;;;
Липа;;;;;;;;;;;;;;;;;;;;;;;;;;;;;;;
ЛипгартЭК;;;;;;;;;;;;;;;;;;;;;;;;;;;;;;;
ЛисенерЕА;;;;;;;;;;;;;;;;;;;;;;;;;;;;;;;
ЛисицинБМ;;;;;;;;;;;;;;;;;;;;;;;;;;;;;;;
ЛисснерЭЭ;;;;;;;;;;;;;;;;;;;;;;;;;;;;;;;
ЛитвиненкоАМ;;;;;;;;;;;;;;;;;;;;;;;;;;;;;;;
ЛитвиновИИ;;;;;;;;;;;;;;;;;;;;;;;;;;;;;;;
ЛитовченкоНД;;;;;2;1;;;;1;1;;;1;3;;;;;;;;;;;;;;;;
Лихачева;;;;;;;;;;;;;;;;;;;;;;;;;;;;;;;
ЛихачевКА;;;;;;;;;;;;;;;;;;;;;;;;;;;;;;;
ЛищевВВ;;;;;;;;;;;;;;;;;;;;;;;;;;;;;;;1
Лобанов;;;;;;;;;;;;;;;;;;;;;;;;;;;;;;;
ЛобужинскийМВ;;;;;;;;;;;;;;;;;;;;;;;;;;;;;;;
ЛоккенбергВА;;;;;;;;;;;;;;;;;;;;;;;;;;;;;;;
ЛоренцНЕ;;;;;;;;;;;;;;;;;;;;;;;;;;;;;;;
ЛоренцНФ;;;;;;;;;;;;;;;;;;;;;;;;;;;;;;;
ЛосеваВИ;;;;;;;;;;;;;;;;;;;;;;;;;;;;;;;
ЛосевНД;;;;;;;;;;;;;;;;;;;;;;;;;;;;;;;
Луговская-ДягилеваТА;;;;;;;;;;;;;;;;;;;;;;;;;;;;;;;
ЛузановСЭ;;;;;;;;;;;;;;;;;;;;;;;;;;;;;;;
ЛукичЖА;;;;;;;;;;;;;;;;;;;;;;;;;;;;;;;
ЛукомскийГК;;;;;;;;;;;;;;;;;;;;;;;;;;;;;;;
Лукш-МаковскаяЕ;;;;;;;;;;;;;;;;;;;;;;;;;;;;;;;
ЛупановАР;;;;;;;;;;;;;;;;;;;;;;;;;;;;;;;
ЛучшевСЯ;;;;;;;;;;;;;;;;;;;;;;;;;;;;;;;
ЛыпиловКМ;;;;;;;;;;;;;;;;;;;;;;;;;;;;;;;
ЛысенкоАВ;;;;;;;;;;;;;;;;;;;;;;;;;;;;;;;
ЛысенкоКА;;;;;;;;;;;;;;;;;;;;;;;;;;;;;;;
ЛысовЯИ;;;;;;;;;;;;;;;;;;;;;;;;;;;;;;;
ЛьвовИА;;;;;;;;;;;;;;;;;;;;;;;;;;;;;;;
ЛьвовПИ;;;;;;;;;;;;;;;;;;;;;;;;;;;;;;;
ЛюбавинаН;;;;;;;;;;;;;;;;;;;;;;;;;;;;;;;
ЛякинТП;;;;;;;;;;;;;;;;;;;;;;;;;;;;;;;
ЛяликоваЕИ;;;;;;;;;;;;;;;;;;;;;;;;;;;;;;;
ЛясковскаяОА;;;;;;;;;;;;;;;;;;;;;;;;;;;;;;;
МагдесианЭЯ;;;;;;;;;;;;;;;;;;;;;;;;;;;;;;;
МадейскийАБ;;;;;;;;;;;;;;;;;;;;;;;;;;;;;;;
МазуровскийВВ;;;;;;;;;;;;;;;;;;;;;;;;;;;;;;;
МайейргаймП;;;;;;;;;;;;;;;;;;;;;;;;;;;;;;;
МайковНА;;;;;;;;;;;;;;;;;;;;;;;;;;;;;;;
МаймонМЛ;;;;;;;;;;;;;;;;;;;;;;;;;;;;;;;
МакаревскийАД;;;;;;;;;;;;;;;;;;;;;;;;;;;;;;;
МакароваНД;;;;;;;;;;;;;;;;;;;;;;;;;;;;;;;
МакаровИК;;;;;;;;;;;;;;;;;;;;;;;;;;;;;;;
Мак-НейлУД;;;;;;;;;;;;;;;;;;;;;;;;;;;;;;;
МакоАЭ;;;;;;;;;;;;;;;;;;;;;;;;;;;;;;;
МаковскаяАЕ;;;;;3;4;2;2;2;;;;2;2;1;;;;;;;;;;;;;;;;
МаковскийАВ;;;;;;;;;;;;;;;;;;;;;;;1;;11;12;14;6;12;21;11
МаковскийВЕ;;3;7;2;9;5;9;6;1;46;9;9;7;19;3;8;7;;5;;5;10;11;6;11;9;;4;2;10;14
МаковскийКГ;;;;;;;;;;;;;;;;;;;;;;;;;;;;;;;
МаковскийКЕ;;;1;;5;7;10;7;;;;;;;2;;;;;;;;;;;;;;;;
МаковскийНЕ;;;11;;4;7;6;7;5;10;9;;;;6;;;;;;;;;;;;;;;;
Маковский-ПогорельскийЯК;;;;;;;;;;;;;;;;;;;;;;;;2;;;;;;;
МаксГ;;;;;;;;;;;;;;;;;;;;;;;;;;;;;;;
МаксимовАО;;;;;;;;;;;;;;;;;;;;;;;;;;;;;;;2
МаксимовВМ;3;;3;1;3;1;4;3;4;;1;1;;1;;4;;;;1;;;1;2;4;;;;2;26;
МаксимовМВ;;;;;;;;;;;;;;;;;;;;;;1;;;;;;;;;
МалаховскаяМА;;;;;;;;;;;;;;;;;;;;;;;;;;;;;;;
Малеваная-ЗарыцкаяИА;;;;;;;;;;;;;;;;;;;;;;;;;;;;;;;
МалевичКС;;;;;;;;;;;;;;;;;;;;;;;;;;;;;;;
МалешевскаяЕМ;;;;;;;;;;;;;;;;;;;;;;;;;;;;;;;
МалининИС;;;;;;;;;;;;;;;;;;;;;;1;;1;;1;;;;1;
МалышевВК;;;;;;;;;;;;;;1;;;;;;;;;;;;;;;;;
МалышевЕИ;;;;;;;;;;;;;;;;;;;;;;;;;;;;;;;
МалышевМГ;;;;;;;;;;;;;;;;;;;;;;;;;;;;;;;
МалышевМЕ;;;;;;;1;;;;;;1;;;;;;;;;;;;;;;;;;
МалышевНТ;;;;;;;;;;;;;;;;;;;;;;;;;;;;;;;
МалютинСВ;;;;;;;;;;;;;;;;1;;;;;;;;;;;;;;;
МалявинФА;;;;;;;;;;;;;;;;;;;;;;;;;;;;;;;
МамонтовМА;;;;;;;;;;;;;;;;;;;;;;;;;;;;;;;
МамонтовСС;;;;;;;;;;;;;;;;;;;;;;;;;;;;;;;
МанасеинаТВ;;;;;;;;;;;;;;;;;;;;;;;;;;;;;;;
МанганариАВ;;;;;;;;;;;;;;;;;;;;;;;;;;;;;;;
МанизерГМ;;;;;;;;;;;;;;;;;;;;;;;;;;;;;;;
МаныламММ;;;;;;;;;;;;;;;;;;;;;;;;;;;;;;;
МардеросовЛИ;;;;;;;;;;;;;;;;;;;;;;;;;;;;;;;
МаринаЗВ;;;;;;;;;;;;;;;;;;;;;;;;;;;;;;;
МаркеловСП;;;;;;;;;;;;;;;;;;;;;;;;;;;;;;;
МаркичевМА;;;;;;;;;;;;;;;;;;;;;;;;;;;;;;;1
МарковАА;;;;;;;;;;;;;;;;;;;;;;;;;;;;;;;
МарковБН;;;;;;;;;;;;;;;;;;;;;;;;;;;;;;;
МартынА;;;;;;;;;;;;;;;;;;;;;;;;;;;;;;;
МартыновА;;;;;;;;;;;;;;;;;;;;;;;;;;;;;;;
МартыноваЕН;;;;;;;;;;;;;;;;;;;;;;;;;;;;;;;
МартыновДН;;;;;;;;;;;;;;;;;;;;;;;;;;;;;;;
МартыновичАС;;;;;;;;;;;;;;;1;;;;;;;;;;;;;;;;
МаслениковНЕ;;;;;;;;;;;;;;;;;;;;;;;;;;;;;;;
МасютинВН;;;;;;;;;;;;;;;;;;;;;;;;;;;;;;;
МатвеевАТ;;;;;;;;;;;;;;;;;;;;;;;;;;;;;;;
МатвеевМА;;;;;;;;;;;;;;;;;;;;;;;;;;;;;;;
МатвеевНС;;;;;;;;;;;;1;;;;2;1;;;;;;;;;;;;;;
МатвеевСА;;;;;;;;;;;;;;;;;;;;;;;;;;;;;;;
МатвейВИ;;;;;;;;;;;;;;;;;;;;;;;;;;;;;;;
МатэВВ;;;;;;;;;;;;;;;;;;;;;;;;;;;;;;;
МатюшинМВ;;;;;;;;;;;;;;;;;;;;;;;;;;;;;;;
МаурицдеВламик;;;;;;;;;;;;;;;;;;;;;;;;;;;;;;;
МацкевичИИ;;;;;;;;;;;;;;;;;;;;;;;;;;;;;;;
МашарГ;;;;;;;;;;;;;;;;;;;;;;;;;;;;;;;
Машинский;;;;;;;;;;;;;;;;;;;;;;;;;;;;;;;
МашковВН;;;;;;;;;;;;;;;;1;2;;;;;;;;;1;;;;;
МашковИ;;;;;;;;;;;;;;;;;;;;;;;;;;;;;;;
МаяковскийВВ;;;;;;;;;;;;;;;;;;;;;;;;;;;;;;;
МедемПР;;;;;;;;;;;;;;;;;;;;;;;;;;;;;;;
Мейердал;;;;;;;;;;;;;;;;;;;;;;;;;;;;;;;
МейзейМО;;;;;;;;;;;;;;;;;;;;;;;;;;;;;;;
МейзеМО;;;;;;;;;;;;;;;;;;;;;;;;;;;;;;;
МейстерЛ;;;;;;;;;;;;;;;;;;;;;;;;;;;;;;;
МенарР;;;;;;;;;;;;;;;;;;;;;;;;;;;;;;;
МенделевичИА;;;;;;;;;;;;;;;;;;;;;;;;;;;;;;;
МензгаузенЕФ;;;;;;;;;;;;;;;;;;;;;;;;;;;;;;;
МенкВК;;;;;;;2;;3;1;2;2;;2;;;1;;;;;;;;;;;;2;;
МенсгаузенЕФ;;;;;;;;;;;;;;;;;;;;;;;;;;;;;;;
Мери;;;;;;;;;;;;;;;;;;;;;;;;;;;;;;;
МертенЕП;;;;;;;;;;;;;;;;;;;;;;;;;;;;;;;
МесниковКИ;;;;;;;;;;;;;;;;;;;;;;;;;;;;;;;
МетловаАА;;;;;;;;;;;;;;;;;;;;;;;;;;;;;;;
МещеринНВ;;;;;;;;;;;;;;;;;;;;;;;;;;;;;;;
МещерскийАИ;;;;;;;;;2;2;;;;;;;;;;;;;;;;;;;;;
МизернюкМЯ;;;;;;;;;;;;;;;;;;;;;;;;;;;;;;;
МикешинаТЛ;;;;;;;;;;;;;;;;;;;;;;;;;;;;;;;
МикешинСМ;;;;;;;;;;;;;;;;;;;;;;;;;;;;;;;
МикулиА;;;;;;;;;;;;;;;;;;;;;;;;;;;;;;;
МилевскийИР;;;;;;;;;;;;;;;;;;;;;;;;;;;;;;;
МилиотиНД;;;;;;;;;;;;;;;;;;;;;;;;;;;;;;;
МиллерЕВ;;;;;;;;;;;;;;;;;;;;;;;;;;;;;;;
МиллерЭА;;;;;;;;;;;;;;;;;;;;;;;;;;;;;;;
МилорадовичСД;;;;;;;;;;1;;;;1;;1;;;;1;1;;2;2;;2;2;6;3;4;10
МилославинФА;;;;;;;;;;;;;;;;;;;;;;;;;;;;;;;
МильманА;;;;;;;;;;;;;;;;;;;;;;;;;;;;;;;
МилютиНД;;;;;;;;;;;;;;;;;;;;;;;;;;;;;;;
Минасианц;;;;;;;;;;;;;;;;;;;;;;;;;;;;;;;
МинченковЯД;;;;;;;;;;;;;;;;;;;;;;;;;;;;;;;5
МироновичПН;;;;;;;;;;;;;;;;;;;;;;;;;;;;;;;
МиссАВ;;;;;;;;;;;;;;;;;;;;;;;;;;;;;;;
МитрохинДИ;;;;;;;;;;;;;;;;;;;;;;;;;;;;;;;
МитяевПН;;;;;;;;;;;;;;;;;;;;;;;;;;;;;;;
МихайловаКИ;;;;;;;;;;;;;;;;;;;;;;;;;;;;;2;1;
МихайловаОП;;;;;;;;;;;;;;;;;;;;;;;;;;;;;;;
МихайловИИ;;;;;;;;;;;;;;;;;;;;;;;;;;;;;2;1;
МихайловИТ;;;;;;;;;;;;;;;;;;;;;;;;;;;;;;;
МихайловММ;;;;;;;;;;;;;;;;;;;;;;;;;;;;;;;
МихайловПН;;;;;;;;;;;;;;;;;;;;;;;;;;;;;;;
МихайловскаяНВ;;;;;;;;;;;;;;;;;;;;;;;;;;;;;;;
МихайловскийАН;;;;;;;;;;;;;;;;;;;;;;;;;;;;;;1;
МихальцеваЕП;;;;;;;;;1;1;1;1;;;;;;;;;;;;;;;;;;;
МихеевМИ;;;;;;;;;;;;;;;;;;;;;;;;;;;;;;;
МишеваЕИ;;;;;;;;;;;;;;;;;;;;;;;;;;;;;;;
МогилевскийАП;;;;;;;;;;;;;;;;;;;;;;;;;;;;;;;
МодоровФА;;;;;;;;;;;;;;;;;;;;;;;;;;;;;;;
МокиевскаяМИ;;;;;;;;;;;;;;;;;;;;;;;;;;;;;;;
МоласНП;;;;;;;;;;;;;;;;;;;;;;;;;;;;;;;
МоллерФА;;;;;;;;;;;;;;;;;;;;;;;;;;;;;;;
МоллотТА;;;;;;;;;;;;;;;;;;;;;;;;;;;;;;;
МоловМВ;;;;;;;;;;;;;;;;;;;;;;;;;;;;;;;
МоловМЦ;;;;;;;;;;;;;;;;;;;;;;;;;;;;;;;
МолявкинИВ;;;;;;;;;;;;;;;;;;;;;;;;;;;;;;;
МоравовАВ;;;;;;;;;;;;;;;;;;;;;;;;;;;;1;;;
МоргуновАА;;;;;;;;;;;;;;;;;;;;;;;;;;;;;;;
МордасевичКЛ;;;;;;;;;;;;;;;;;;;;;;;;;;;;;;;
МордовинВИ;;;;;;;;;;;;;;;;;;;;;;;;;;;;;;;
МоревНН;;;;;;;;;;;;;;;;;;;;;;;;;;;;;;;
МорицФЭ;;;;;;;;;;;;;;;;;;;;;;;;;;;;;;;
МоровавовАВ;;;;;;;;;;;;;;;;;;;;;;;;;;5;7;;;4;
МороГ;;;;;;;;;;;;;;;;;;;;;;;;;;;;;;;
МорозовАИ;;;;;;;;;;;1;;2;;;;;;;;;;;;;;;;;;
МороЛА;;;;;;;;;;;;;;;;;;;;;;;;;;;;;;;
МоскаленкоАН;;;;;;;;;;;;;;;;;;;;;;;;;;;;;;;
МоскаленкоПД;;;;;;;;;;;;;;;;;;;;;;;;;;;;;;;
МостоваЗЯ;;;;;;;;;;;;;;;;;;;;;;;;;;;;;;;
Мошков;;;;;;;;;;;;;;;;;;;;;;;;;;;;;;;
МудролюбовПВ;;;;;;;;;;;;;;;;;;;;;;;;;;;;;;;
МузалевскийБМ;;;;;;;;;;;;;;;;;;;;;;;;;;;;;;;
Мультановский;;;;;;;;;;;;;;;;;;;;;;;;;;;;;;;
МультановскийЮТ;;;;;;;;;;;;;;;;;;;;;;;;;;;;;;;
МунтергельмМ;;;;;;;;;;;;;;;;;;;;;;;;;;;;;;;
МуравьевВЛ;;;;;;;;;;;;;;;;;;;;;;;;;;;;;;;
МуратовАД;;;;;;;;;;;;;;;;;;;;;;;;;;;;;;;
МуратовБерндтеон;;;;;;;;;;;;;;;;;;;;;;;;;;;;;;;
МуратовМД;;;;;;;;;;;;;;;;;;;;;;;;;;;;;;;
МурашкоАА;;;;;;;;;;;;;;;;;;;;;;;;;;;;;;;
МуромцевФА;;;;;;;;;;;;;;;;;;;;;;;;;;;;;;;
Мусин-ПушкинНС;;;;;;;;;;;;;;;;;;;;;;;;;;;;;;;
МусселиусМВ;;;;;;;;;;;;;;;;;;;;;;;;;;;;;;;
МууккаЭ;;;;;;;;;;;;;;;;;;;;;;;;;;;;;;;
МышковВН;;;;;;;;;;;;;;;;;;;;;;;;;;;;;;1;
Мюнтер;;;;;;;;;;;;;;;;;;;;;;;;;;;;;;;
МясоедовГГ;1;2;5;1;2;2;3;3;7;13;4;1;1;3;1;5;2;;3;2;1;4;5;4;21;1;2;5;2;2;
НавозовВП;;;;;;;;;;;;;;;;;;;;;;;;;;;;;;;
НагубниковСА;;;;;;;;;;;;;;;;;;;;;;;;;;;;;;;
НаикольскийНН;;;;;;;;;;;;;;;;;;;;;;;;;;;;;;;
НайдеровИВ;;;;;;;;;;;;;;;;;;;;;;;;;;;;;;;
НаленчВИ;;;;;;;;;;;;;;;;;;;;;;;;;;;;;;;
Налепинская;;;;;;;;;;;;;;;;;;;;;;;;;;;;;;;
НапиерскаяБВ;;;;;;;;;;;;;;;;;;;;;;;;;;;;;;;
НарбутГИ;;;;;;;;;;;;;;;;;;;;;;;;;;;;;;;
НаседкинСН;;;;;;;;;;;;;;;;;;;;;;;;;;;;;;;
НатальинаОН;;;;;;;;;;;;;;;;;;;;;;;;;;;1;;;;
НаумовАА;;;;;;;;;;;;;;;;;;;;;;;;;;;;;;;
НаумовПС;;;;;;;;;;;;;;;;;;;;;;;;;;;;;;;
НащекинД;;;;;;;;;;;;;;;;;;;;;;;;;;;;;;;
НеведовичЕЮ;;;;;;;;;;;;;;;;;;;;;;;;;;;;;;;
НеведомыйИ;;;;;;;;;;;;;;;;;;;;;;;;;;;;;;;
НевинскийАИ;;;;;;;;;;;;;;;;;;;;;;;;;;;;;;;
НевревНВ;;;;;;2;2;;1;1;2;2;1;3;;1;3;;;;;;7;;3;;;;;;
НевядомскийА;;;;;;;;;;;;;;;;;;;;;;;;;;;;;;;
НедлерСГ;;;;;;;;;;;;;;;;;;;;;;;;;;;;;;;
НедовичЕЮ;;;;;;;;;;;;;;;;;;;;;;;;;;;;;;;
НедокучаеваОН;;;;;;;;;;;;;;;;;;;;;;;;;;;;;;;
НекулинАО;;;;;;;;;;;;;;;;;;;;;;;;;;;;;;;
НеленчВИ;;;;;;;;;;;;;;;;;;;;;;;;;;;;;;;
НерадовскийПИ;;;;;;;;;;;;;;;;;;;;;;;;;;;;;;;
НестеровГД;;;;;;;;;;;;;;;;;;;;;;;;;;;;;;;
НестеровМВ;;;;;;;;;;;;;;1;;;;1;;1;2;2;1;2;;;;;;;
НестеровФП;;;;;;;;;;;;;;;;;;;;;;;;;;;;;;;
НефТА;;;;;;;;;;;;;;;;;;;;;;;;;;;;;;;
НечаевАМ;;;;;;;;;;;;;;;;;;;;;;;;;;;;;;;
НечаевМА;;;;;;;;;;;;;;;;;;;;;;;;;;;;;;;
НечитайловВН;;;;;;;;;;;;;;;;;;;;;;;;;;;;;;;
НиканоровСГ;;;;;;;;;;;;;;;;;;;;;;;;;1;;;;;;
НикитинВА;;;;;;;;;;;;;;;;;;;;;;;;;;;;;;;
НикитинВП;;;;;;;;;;;;;;;;;;;;;;;;;;;;;;;
НикитинНН;;;;;;;;;;;;;;;;;;;;;;;;;;;;;;;
НикитинСА;;;;;;;;;;;;;;;;;;;;;;;;;;;;;;;
НикифоровСГ;;;;;;;;;;;;;;;;;;;;;;;;;;10;12;1;3;;
НиколаевНН;;;;;;;;;;;;;;;;;;;;;;;;;;;;;;;
НикольскийНС;;;;;;;;;;;;;;;;;;;;;;;;;;;;;;;
НиконовИФ;;;;;;;;;;;;;;;;;;;;;;;;;;;;;;;
НикулинАО;;;;;;;;;;;;;;;;;;;;;;;;;;;;;;;
НилендерКГ;;;;;;;;;;;;;;;;;;;;;;;;;;;;;;;
НилусПА;;;;;;;;;;;;;;;;;1;;;1;;;;4;9;2;;1;4;3;
НифтрикГЯ;;;;;;;;;;;;;;;;;;;;;;;;;;;;;;;
НоаковскийСВ;;;;;;;;;;;;;;;;;;;;;;;;;;;;;;;
НовиковАГ;;;;;;;;;;;;;;;;;;;;;;;;;;;;;;;
НовиковаЕН;;;;;;;;;;;;;;;;;;;;;;;;;;;;;;;
НовиковМН;;;;;;;;;;;;;;;;;;;;;;;;;;;;;;;
Новинский;;;;;;;;;;;;;;;;;;;;;;;;;;;;;;;
НоводворскаяВД;;;;;;;;;;;;;;;;;;;;;;;;;;;;;;;
НовоселовВТ;;;;;;;;;;;;;;;;;;;;;;;;;;;;;;;
НовоскольцевАН;;;;;;;;;;;;;;;;;;;;;;;;;;;;;;;
НозиковаЕН;;;;;;;;;;;;;;;;;;;;;;;;;;;;;;;
Ностиц-ЯцковскаяМФ;;;;;;;;;;;;;;;;;;;;;;;;;;;;;;;
Нысцушко-БуйницкийРИ;;;;;;;;;;;;;;;;;;;;;;;;;;;;;;;
НюнинИЕ;;;;;;;;;;;;;;;;;;;;;;;;;;;;;;;
ОберАЛ;;;;;;;;1;;;;;;;;;;;;;;;;;;;;;;;
ОвсянниковВП;;;;;;;;;;;;;;;;;;;;;;;;;;;;;;;
ОвсянниковЛФ;;;;;;;;;;;;;;;;;;;;;;;;;;;;;;;
ОвсянниковСО;;;;;;;;;;;;;;;;;;;;;;;;;;;;;;;
ОвчинниковНХ;;;;;;;;;;;;;;;;;;;;;;;;;;;;;;;
ОколовичНА;;;;;;;;;;;;;;;;;;;;;;;;;;;;;;;
О'КоннелРР;;;;;;;;;;;;;;;;;;;;;;;;;;;;;;;
ОкроянцДГ;;;;;;;;;;;;;;;;;;;;;;;;;;;;;;;
ОленинаВА;;;;;;;;;;;;;;;;;;;;;;;;;;;;;;;
ОлсуфьеваСВ;;;;;;;;;;;;;;;;;;;;;;;;;;;;;;;
ОльгинаО;;;;;;;;;;;;;;;;;;;;;;;;;;;;;;;
ОлькойнЭА;;;;;;;;;;;;;;;;;;;;;;;;;;;;;;;
ОнуфриеваНВ;;;;;;;;;;;;;;;;;;;;;;;;;;;;;;;
ОреховВП;;;;;;;;;;;;;;;;;;;;;;;;;;;;;;;
ОрловАГ;;;;;;;;;;;;;;;;;;;;;;;;;;;;;;;
ОрловНВ;;;;;;;;;;;;;;;;;;;1;1;;;;1;;;;;;;
ОрловскийВД;;;;;;;;;;;;;;;;;;;;;;;;;;;;;;;
ОсоргинаАК;;;;;;;;;;;;;;;;;;;;;;;;;;;;;;;
ОстроменцкийАА;;;;;;;;;;;;;;;;;;;;;;;;;;;;;;;
Остроумова-ЛебедеваАП;;;;;;;;;;;;;;;;;;;;;;;;;;;;;;;
ОстроуховИС;;;;;;;;;;;1;2;1;2;;1;3;;1;2;;;;;;;;;;;
ОтмарВО;;;;;;;;;;;;;;;;;;;;;;;;;;;;;;;
ПавлиновАС;;;;;;;;;;;;;;;;;;;;;;;;;;;;;;;
ПавлиновПЯ;;;;;;;;;;;;;;;;;;;;;;;;;;;;;;;
ПавловАИ;;;;;;;;;;;;;;;;;;;;;;;;;;;;;;;
ПавловВП;;;;;;;;;;;;;;;;;;;;;;;;;;;;;;;
ПавловИН;;;;;;;;;;;;;;;;;;;;;;;;;;;;;;;
ПавловПН;;;;;;;;;;;;;;;;;;;;;;;;;;;;;;;
ПавловСА;;;;;;;;;;;;;;;;;;;;;;;;;;;;;;;
ПавлюченкоГЕ;;;;;;;;;;;;;;;;;;;;;;;;;;;;;;;
ПадуровАА;;;;;;;;;;;;;;;;;;;;;;;;;;;;;;;
Пазетти;;;;;;;;;;;;;;;;;;;;;;;;;;;;;;;
ПалаткоДМ;;;;;;;;;;;;;;;;;;;;;;;;;;;;;;;
ПаленМИ;;;;;;;;;;1;;;;;;;;;;;;;;;;;;;;;
ПаленНК;;;;;;;;;;;;;;;;;;;;;;;;;;;;;;;
ПалинМИ;;;;;;;;;;;;;;;;;;;;;;;;;;;;;;;
Палшков;;;;;;;;;;;;;;;;;;;;;;;;;;;;;;;
ПальгуновА;;;;;;;;;;;;;;;;;;;;;;;;;;;;;;;
ПанеНН;;;;;;;;;;;;;;;;;;;;;;;;;;;;;;;
ПанеНП;;;;;;;;;;;;;;;;;;;;;;;;;;;;;;;
ПанинМН;;;;;;;;;;;;;;;;;;;;;;;;;;;;;;;
ПанкульИП;;;;;;;;;;;;;;;;;;;;;;;;;;;;;;;
ПановНЗ;;;;;;;;;;;;;;;;;;;;;;;;;;;;;;;
Паприц;;;;;;;;;;;;;;;;;;;;;;;;;;;;;;;
ПарландАА;;;;;;;;;;;;;;;;;;;;;;;;;;;;;;;
ПассИА;;;;;;;;;;;;;;;;;;;;;;;;;;;;;;;
ПастернакЛО;;;;;;;;;;;;;;1;;1;1;;;2;1;;;;;;;;;;
ПаульсонАВ;;;;;;;;;;;;;;;;;;;;;;;;;;;;;;;
ПашкевичЖА;;;;;;;;;;;;;;;;;;;;;;;;;;;;;;;
ПашковГФ;;;;;;;;;;;;;;;;;;;;;;;;;;;;;;;
ПащенкоВМ;;;;;;;;;;;;;;;;;;;;;;;;;;;;;;;
ПедашенкоМИ;;;;;;;;;;;;;;;;;;;;;;;;;;;;;;;
ПелевинИА;;1;;;;;;;;;;;;;;;;;;;;;;;;;;;;;
ПемеллерАА;;;;;;;;;;;;;;;;;;;;;;;;;;;;;;;
ПеньковскийИЛ;;;;;;;;;;;;;;;;;;;;;;;;;;;;;;;
ПервухинКК;;;;;;;;;;;;1;;1;;;;;;;;1;4;12;;;;;;;
ПереплетчиковВВ;;;;;;;;;;;;;;;;;;;;;;;;;;;;;;;
ПерминовВТ;;;;;;;;;;;;;;;;;;;;;;;;;;;;;;;
ПеровВГ;4;6;4;;;;;;;;;;;;;;;;;;;;;;;;;;;;
ПершинАС;;;;;;;;;;;;;;;;;;;;;;;;;;;;;;;
ПестинскийБ;;;;;;;;;;;;;;;;;;;;;;;;;;;;;;;
ПетерсАФ;;;;;;;;;;;;;;;;;;;;;;;;;;;;;;;
ПетренкоАГ;;;;;;;;;;;;;;;;;;;;;;;;;;;;;;;
ПетрижицкаяМК;;;;;;;;;;;;;;;;;;;;;;;;;;;;;;;
Петров-ВодкинКС;;;;;;;;;;;;;;;;;;;;;;;;;;;;;;;
ПетровичевПИ;;;;;;;;;;;;;;;;;;;;;;;;;1;14;10;5;31;;
ПетровНФ;;;;;;;;;;;;;;;;;;;;;;;;;;;;;;;
ПетровСИ;;;;;;;;;;;;;;;;;;;;;;;;;;;;;;;
ПетровскийИВ;;;;;;;;;;;;;;;;;;;;;;;;;;;;;;;
ПечатинВА;;;;;;;;;;;;;;;;;;;;;;;;;;;;;;;
ПименовНС;;;;;;;;;;;;;;;;;;;;;;;;;;;;;;;
ПимоненкоНК;;;;;;;;;;;;;;;;;;1;1;1;;1;2;2;5;4;6;3;5;7;
ПиотровичСК;;;;;;;;;;;;;;;;;;;;;;;;;;;;;;;
ПироговНВ;;;;;;;;;;;;;;;;;;;;;;;;;;;;;;;
ПиросманашвилиН;;;;;;;;;;;;;;;;;;;;;;;;;;;;;;;
ПисаховСГ;;;;;;;;;;;;;;;;;;;;;;;;;;;;;;;
ПисемскийАА;;;;;;;;;;;;;;;;;;;;;;;;;;;;;;;
ПищалкинАА;;;;;;;;;;;;;;;;;;;;;;;;;;;;;;;
ПищалкинЛФ;;;;;;;;;;;;;;;;;;;;;;;;;1;;;;;;
ПлатоновХП;;;;;;;;;;;;;;;;;;;;;;;;;1;;;;;;
ПлатуновМ;;;;;;;;;;;;;;;;;;;;;;;;;;;;;;;
ПлачекМН;;;;;;;;;;;;;;;;;;;;;;;;;;;;;;;
ПлевакоНА;;;;;;;;;;;;;;;;;;;;;;;;;;;;;;;1
ПлетневЛА;;;;;;;;;;;;;;;;;;;;;;;;;;;;;;;
ПлешаковВС;;;;;;;;;;;;;;;;;;;;;;;;;;;;;;;
ПлешановПФ;;;;;;;;;;;;;;;;;;;;;;;;;;;;;;;
ПлещинскийИН;;;;;;;;;;;;;;;;;;;;;;;;;;;;;;;
ПлигинАП;;;;;;;;;;;;;;;;;;;;;;;;;;;;;;;
ПлискоАЯ;;;;;;;;;;;;;;;;;;;;;;;;;;;;;;;
ПлотниковВА;;;;;;;;;;;;;;;;;;;;;;;;;;;;;;;
ПогосскаяСА;;;;;;;;;;;;;;;;;;;;;;;;;;;;;;;
ПодвысоцкийМВ;;;;;;;;;;;;;;1;;;;;;;;;;;;;;;;;
ПодозеровИИ;;;;;;;;;;;;;;;;;;;;;;;;;;;;;;;
ПодосеновПВ;;;;;;;;;;;;;;;;;;;;;;;;;;;;;;;
ПодтыканыйА;;;;;;;;;;;;;;;;;;;;;;;;;;;;;;;
ПодушкоЭГ;;;;;;;;;;;;;;;;;;;;;;;;;;;;;;;3
ПожалостинИП;;;;;;;;;;;;;;;;;;;;;;;;;;;;;;;
ПожарскийВИ;;;;;;;;;;;;;;;;;;;;;;;;;;;;;;;
ПожарскийСМ;;;;;;;;;;;;;;;;;;;;;;;;;;;;;;;
ПозенМВ;;;;;;;1;3;1;;1;;2;3;;;;;;;;;;;;;;;;1;6
ПокаржевскийПД;;;;;;;;;;;;;;;;;;;;;;;;;;;;;;;
ПоленоваЕД;;;;;;;;;;;;;;1;;1;;;;;;;;;;;;;;;
ПоленовВД;;;;;3;2;4;;5;80;1;1;;;3;3;1;;;1;3;6;;3;12;10;;63;;43;
ПоловинкинВП;;;;;;;;;;;;;;;;;;;;;;;;;;;;;;;
ПолонскаяЖА;;;;;;;;;;;;;;;;;;;;;;;;;;;;;;;
ПолунинВЯ;;;;;;;;;;;;;;;;;;;;;;;;;;;;;;;
ПольРобер;;;;;;;;;;;;;;;;;;;;;;;;;;;;;;;
ПоляковЕИ;;;;;;;;;;;;;;;;;;;;;;;;;;;;;;;
ПоляковИИ;;;;;;;;;;;;;;;;;;;;;;;;;;;;;;;
ПоляковНП;;;;;;;;;;;;;;;;;;;;;;;;;;;;;;;
ПоляковПИ;;;;;;;;;;;;;;;;;;;;;;;;;;;;;;;
ПомеранцевММ;;;;;;;;;;;;;;;;;;;;;;;;;;;;;;;
ПоперечныйНМ;;;;;;;;;;;;;;;;;;;;;;;;;;;;;;;
ПопковИГ;;;;;;;;;;;;;;;;;;;;;;;;;;;;;;;
ПоповАА;;;;;;;;;;;;;;;;;;;;;;;;;;;;;;;
ПоповаЛС;;;;;;;;;;;;;;;;;;;;;;;;;;;;;;;
ПоповАН;;;;;;;;;;;;;;;;;;;;;;;;;;;;;;;4
Попова-ТимореваЮА;;;;;;;;;;;;;;;;;;;;;;;;;;;;;;;
ПоповВН;;;;;;;;;;;;;;;;;;;;;;;;;;;;;;;
ПоповЛВ;;;;;;;;;;;;;;;;;;;;;;;;;6;5;10;;9;13;
ПоповМП;;;;;;;;;;;;;;;;;;;;;;;;;;;;;;;
ПоповНЯ;;;;;;;;;;;;;;;;;;;;;;;;;;;;;;;
Порай-КошицБВ;;;;;;;;;;;;;;;;;;;;;;;;;;;;;;;
ПороховниковПИ;;;;;;;;;;;;;;;;;;;;;;;;;;;;;;;
ПорфировИФ;;;;;;;;;;;;;;;;;;;;;;;;;;;;;;;
ПосполитакиЕИ;;;;;;;;;;;;;;;;;;;;;;;;;;;;;;;
ПостниковСП;;;1;;;;;;;;;;;;;;;;;;;;;;;;;;;;
ПотаповМА;;;;;;;;;;;;;;;;;;;;;;;;;;;;;;;
ПотипакаП;;;;;;;;;;;;;;;;;;;;;;;;;;;;;;;
ПраведниковЕИ;;;;;;;;;;;;;;;;;;;;;;;;;;;;;;;
ПрадоА;;;;;;;;;;;;;;;;;;;;;;;;;;;;;;;
ПраховаАЯ;;;;;;;;;;;;;;;;;;;;;;;;;;;;;;;
ПремацциЛО;;;;;;;;;;;;;;;;;;;;;;;;;;;;;;;
ПриселковСВ;;;;;;;;;;;;;;;;;;;;;;;;;;;;;;;
ПрозоркевичВМ;;;;;;;;;;;;;;;;;;;;;;;;;;;;;;;
ПрокофьевАМ;;;;;;;;;;;;;;;;;;;;;;;;;;;;;;;
ПрокофьевДД;;;;;;;;;;;;;;;;;;;;;;;;;;;;;;;
ПроскурнинИМ;;;;;;;;;;;;;;;;;;;;;;;;;;;;;;;
Протейкинский;;;;;;;;;;;;;;;;;;;;;;;;;;;;;;;
ПротопоповНА;;;;;;;;;;;;;;;;;;;;;;;;;;;;;;;
ПрянишниковИМ;2;2;2;1;3;2;6;2;1;9;;3;1;;2;1;;;;;;;;;;;;;;;
ПрянишниковИП;;;;;;;;;;;;;;;;;;;;;;;;;;;;;;;
ПсковитиновЕК;;;;;;;;;;;;;;;;;;;;;;;;;;;;;;;
ПузыревскийПИ;;;;;;;;;;;;;;;;;;;;;;;;;;;;;;;
ПуниИ;;;;;;;;;;;;;;;;;;;;;;;;;;;;;;;
ПурвитВЕ;;;;;;;;;;;;;;;;;;;;;;;;;;;;;;;
ПуцБА;;;;;;;;;;;;;;;;;;;;;;;;;;;;;;;
ПчелинВН;;;;;;;;;;;;;;;;;;;;;;;;;;;;;;;
ПыневК;;;;;;;;;;;;;;;;;;;;;;;;;1;;;;;;
ПыринМС;;;;;;;;;;;;;;;;;;;;;;;;;;;;;;;
ПэнЮМ;;;;;;;;;;;;;;;;;;;;;;;;;;;;;;;
Пювис-де-Шаванн;;;;;;;;;;;;;;;;;;;;;;;;;;;;;;;
ПясковскийВН;;;;;;;;;;;;;;;;;;;;;;;;;;;;;;;
ПястушкевичКО;;;;;;;;;;;;;;;;;;;;;;;;;;;;;;;
РабиновичГИ;;;;;;;;;;;;;;;;;;;;;;;;;;;;;;;
РадимовПА;;;;;;;;;;;;;;;;;;;;;;;;;;;;;;4;12
РадинВН;;;;;;;;;;;;;;;;;;;;;;;;;;;;;;1;
Радлов;;;;;;;;;;;;;;;;;;;;;;;;;;;;;;;
РаевскийАД;;;;;;;;;;;;;;;;;;;;;;;;;;;;;;;
РаевЮА;;;;;;;;;;;;;;;;;;;;;;;;;;;;;;;
РазмарицинАП;;;;;;;;1;;;;;;;;;;;;;;;;;2;1;;;1;;
РазниченкоФП;;;;;;;;;;;;;;;;;;;;;;;;;;;;;;;
Разумный;;;;;;;;;;;;;;;;;;;;;;;;;;;;;;;
РазумовскаяАИ;;;;;;;;;;;;;;;;;;;;;;;;;;;;;;;
РазчубкинАН;;;;;;;;;;;;;;;;;;;;;;;;;;;;;;;
РайлянфР;;;;;;;;;;;;;;;;;;;;;;;;;;;;;;;
РайноваСК;;;;;;;;;;;;;;;;;;;;;;;;;;;;;;;
РассадинАА;;;;;;;;;;;;;;;;;;;;;;;;;;;;;;;
Ратынова-РожковаМФ;;;;;;;;;;;;;;;;;;;;;;;;;;;;;;;
РауловИ;;;;;;;;;;;;;;;;;;;;;;;;;;;;;;;
Раушь-фон-ТраубенбергКК;;;;;;;;;;;;;;;;;;;;;;;;;;;;;;;
РаффаэллиИ;;;;;;;;;;;;;;;;;;;;;;;;;;;;;;;
РацульАП;;;;;;;;;;;;;;;;;;;;;;;;;;;;;;2;
РашевскийИГ;;;;;;;;;;;;;;;;;;;;;;;;;;;;;;;
РевенскийЕН;;;;;;;;;;;;;;;;;;;;;;;;;;;;;;;
РедковскийАА;;;;;;;;;;;;;;;;;;;;;;;;;;;;;;;
РедлихГС;;;;;;;;;;;;;;;;;;;;;;;;;;;;;;;
РезановВМ;;;;;;;;;;;;;;;;;;;;;;;;;;;;;;;
РезниковМВ;;;;;;;;;;;;;;;;;;;;;;;;;;;;;;;
РеймерсИИ;;;;;;;;;;;;;;;;;;;;;;;;;;;;;;;
Рейнгольдтфон-Моллер;;;;;;;;;;;;;;;;;;;;;;;;;;;;;;;
РейтернЕП;;;;;;;;;;;;;;;;;;;;;;;;;;;;;;;
РейхардтЕИ;;;;;;;;;;;;;;;;;;;;;;;;;;;;;;;
Ремер;;;;;;;;;;;;;;;;;;;;;;;;;;;;;;;
РендичИ;;;;;;;;;;;;;;;;;;;;;;;;;;;;;;;
РепинаВИ;;;;;;;;;;;;;;;;;;;;;;;;;;;;;;;
РепинИЕ;;;;;5;3;12;7;8;3;1;8;1;;1;;;3;;;;1;4;;15;;11;1;3;5;5
РепинЮИ;;;;;;;;;;;;;;;;;;;;;;;;;;;;;;;4
РерихНК;;;;;;;;;;;;;;;;;;;;;;;;;;;;;;;
РжевскаяАЛ;;;;;;;;;;;;;;;;;;;;;;1;1;;3;;2;;;4;
РивьерГ;;;;;;;;;;;;;;;;;;;;;;;;;;;;;;;
РизниченкоФП;;;;;;;;;;;;;;;;;;;;;;;;;;;;;;;1
РицониАА;;;;;;;;;;;;;;;;;;;;;;;;;;;;;;;
РицониЕП;;;;;;;;;;;;;;;;;;;;;;;;;;;;;;;
Ришомм;;;;;;;;;;;;;;;;;;;;;;;;;;;;;;;
РоговАП;;;;;;;;;;;;;;;;;;;;;;;;;;;;;;;
РоговинНЕ;;;;;;;;;;;;;;;;;;;;;;;;;;;;;;;
РождественскийВВ;;;;;;;;;;;;;;;;;;;;;;;;;;;;;;;
РозановаОВ;;;;;;;;;;;;;;;;;;;;;;;;;;;;;;;
РозановНВ;;;;;;;;;;;;;;;;;;;;;;;;;;;;;;;
РозенГВ;;;;;;;;;;;;;;;;;;;;;;;;;;;;;;;
РозенИВ;;;;;;;;;;;;;;;;;;;;;;;;;;;;;;;
РозенИС;;;;;;;;;;;;;;;;;;;;;;;;;;;;;;;
РозентальЯМ;;;;;;;;;;;;;;;;;;;;;;;;;;;;;;;
РозенЯС;;;;;;;;;;;;;;;;;;;;;;;;;;;;;;;
РозинскийГН;;;;;;;;;;;;;;;;;;;;;;;;;;;;;;;
РокачевскийАЕ;;;;;;;;;;;;;;;;;;;;;;;;;;;;;;;
РомановичСМ;;;;;;;;;;;;;;;;;;;;;;;;;;;;;;;
Романовский-РоманьковичАС;;;;;;;;;;;;;;;;;;;;;;;;;;;;;;;
РоммАГ;;;;;;;;;;;;;;;;;;;;;;;;;;;;;;;
РоотНФ;;;;;;;;;;;;;;;;;;;;;;;;;;;;;;;
РостворовскийСР;;;;;;;;;;;;;;;;;;;;;;;;;;;;;;;
РостиславовАА;;;;;;;;;;;;;;;;;;;;;;;;;;;;;;;
РошА;;;;;;;;;;;;;;;;;;;;;;;;;;;;;;;
РощубкинА;;;;;;;;;;;;;;;;;;;;;;;;;;;;;;;
РубоФА;;;;;;;;;;;;;;;;;;;;;;;;;;;;;;;
РубцовАА;;;;;;;;;;;;;;;;;;;;;;;;;;;;;;;
РудаковКИ;;;;;;;;;;;;;;;;;;;;;;;;;;;;;;;
РудольфЭрбслох;;;;;;;;;;;;;;;;;;;;;;;;;;;;;;;
РужниковНП;;;;;;;;;;;;;;;;;;;;;;;;;;;;;;;
Рульс;;;;;;;;;;;;;;;;;;;;;;;;;;;;;;;
Рундальцев;;;;;;;;;;;;;;;;;;;;;;;;;;;;;;;
РундальцевЛВ;;;;;;;;;;;;;;;;;;;;;;;;;;;;;;;
РундальцовМВ;;;;;;;;;;;;;;;;;;;;;;;;;;;;;;;
РусаковАИ;;;;;;;;;;;;;;;;;;;;;;;;;;;;;;;
Рушевская;;;;;;;;;;;;;;;;;;;;;;;;;;;;;;;
РущицФЭ;;;;;;;;;;;;;;;;;;;;;;;;;;;;;;;
РыбаковИГ;;;;;;;;;;;;;;;;;;;;;;;;;;;;;;;
РыловАА;;;;;;;;;;;;;;;;;;;;;;;;;;;;;;;
РындзюнскаяМД;;;;;;;;;;;;;;;;;;;;;;;;;;;;;;;
РындинаН;;;;;;;;;;;;;;;;;;;;;;;;;;;;;;;
РыпинЮИ;;;;;;;;;;;;;;;;;;;;;;;;;;;;;;;
РюссР;;;;;;;;;;;;;;;;;;;;;;;;;;;;;;;
РябининНН;;;;;;;;;;;;;;;;;;;;;;;;;;;;;;;
РябушинскийСП;;;;;;;;;;;;;;;;;;;;;;;;;;;;;;3;
РябушкинАП;;;;;;;;;;;;;;;;1;;;;;;;;;;;;;;;
СабоНН;;;;;;;;;;;;;;;;;;;;;;;;;;;;;;;
СавеловПК;;;;;;;;;;;;;;;;;;;;;;;;;;;;;;;
СавинковВВ;;;;;;;;;;;;;;;;;;;;;;;;;;;;;;;
СавинскийВЕ;;;;;;;;;;;;;;;;;;;;;;;;;;;;;;;
СавицкийГК;;;;;;;;;;;;;;;;;;;;;;;;;;;;;;;4
СавицкийКА;;;2;;3;1;1;2;1;;1;3;1;1;1;1;2;;3;2;2;;;;1;;;;;;
СаврасовАК;2;1;3;;;;;;;;;;;;;;;;;;;;;;;;;;;;
СагайдачныйЕЯ;;;;;;;;;;;;;;;;;;;;;;;;;;;;;;;
СаддИИ;;;;;;;;;;;;;;;;;;;;;;;;;;;;;;;
СаксенКФ;;;;;;;;;;;;;;;;;;;;;;;;;;;;;;;
СаксНЭ;;;;;;;;;;;;;;;;;;;;;;;;;;;;;;;
СалаПО;;;;;;;;;;;;;;;;;;;;;;;;;;;;;;;
СалтыковМД;;;;;;;;;;;;;;;;;;;;;;;;;;;;;;;
СальмонЭФ;;;;;;;;;;;;;;;;;;;;;;;;;;;;;;;
СамойловаАМ;;;;;;;;;;;;;;;;;;;;;;;;;;;;;;;
СамойловаВА;;;;;;;;;;;;;;;;;;;;;;;;;;;;;;;
СамойловПВ;;;;;;;;;;;;;;;;;;;;;;;;;;;;;;;
СамокишНС;;;;;;;;;;;;;;;;;;;;;;;;;;;;;;;
СамуйльсонЕФ;;;;;;;;;;;;;;;;;;;;;;;;;;;;;;;
СапуновНН;;;;;;;;;;;;;;;;;;;;;;;;;;;;;;;
СарьянМС;;;;;;;;;;;;;;;;;;;;;;;;;;;;;;;
СаскоМА;;;;;;;;;;;;;;;;;;;;;;;;;;;;;;;
СафоновАП;;;;;;;;;;;;;;;;;;;;;;;;;;;;;;;
СахаровАА;;;;;;;;;;;;;;;;;;;;;;;;;;;;;;;
СванИ;;;;;;;;;;;;;;;;;;;;;;;;;;;;;;;
СварогВС;;;;;;;;;;;;;;;;;;;;;;;;;;;;;;;5
СведомскийПА;;;;;;;;;;;;;;;;;;;;;;;;;;;;;;;
СверчковНЕ;;;;;;;;;;;;;;;;;;;;;;;;;;;;;;;
СветлицкийГП;;;;;;;;;;;;;;;;;;;;;;;;;;;;;;;
СвецаС;;;;;;;;;;;;;;;;;;;;;;;;;;;;;;;
СвиридовБП;;;;;;;;;;;;;;;;;;;;;;;;;;;;;;;
СвятославскийСИ;;;;;;;;;3;2;;;1;;;3;4;;3;3;;3;2;2;;;;;;;
СевастьяновСА;;;;;;;;;;;;;;;;;;;;;;;;;;;;;;;
СеверинИ;;;;;;;;;;;;;;;;;;;;;;;;;;;;;;;
СеверовММ;;;;;;;;;;;;;;;;;;;;;;;;;;;;;;;
СедловАФ;;;;;;;;;;;;;;;;;;;;;;;;;;;;;;;
СедовГС;;;;;;;;;;;;;;;;;;;;;;;;;;;;;;;
СейтгофПС;;;;;;;;;;;;;;2;;;;;;;;;;;;;;;;;
СелезневИФ;;;;;;;;;;;;;;;;;;;;;;;;;;;;;;;
СеливачеваЕС;;;;;;;;;;;;;;;;;;;;;;1;;;;;;;;;
СеменоваАЕ;;;;;;;;;;;;;;;;;;;;;;;;;;;;;;;
СеменовАН;;;;;;;;;;;;;;;;;;;;;;;;;;;;;;;
Семенова-Тянь-ШанскаяВД;;;;;;;;;;;;;;;;;;;;;;;;;;;;;;;
СемизороваГФ;;;;;;;;;;;;;;;;;;;;;;;;;;;;;;;
СемирадскийГО;;;;;;;;;;;;;;;;;;;;;;;;;;;;;;;
СергеевНА;;;;;;;;;;;;;;;;;;;;;;;;;;;;;;;
СергеевНС;;;;;;;;;;;;;;;;;;;;;;;;;;;;;;;
СеребряковаВ;;;;;;;;;;;;;;;;;;;;;;;;;;;;;;;
СеребряковаЗЕ;;;;;;;;;;;;;;;;;;;;;;;;;;;;;;;
СерегинПИ;;;;;;;;;;;;;;;;;;;;;;;;;;;;;1;;
СеровВ;;;;;;;;;;;;;;;;;;1;1;2;;;;;;;;;;;
СестрженцевичСС;;;;;;;;;;;;;;;;;;;;;;;;;;;;;;;
СигнакП;;;;;;;;;;;;;;;;;;;;;;;;;;;;;;;
СиливановичНП;;;;;;;;;;;;;;;;;;;;;;;;;;;;;;;
СиливановичНЮ;;;;;;;;;;;;;;;;;;;;;;;;;;;;;;;
СимовВА;;;;;;;;1;;;;;;;;1;;1;;;;;;;;;;;;;
СимонЛ;;;;;;;;;;;;;;;;;;;;;;;;;;;;;;;
СиндинкО;;;;;;;;;;;;;;;;;;;;;;;;;;;;;;;
Синоди-ПоповДМ;;;;;;;;;;;;;;;;;;;;;;;;;;;;;;;
СиняверММ;;;;;;;;;;;;;;;;;;;;;;;;;;;;;;;
СиренкоКГ;;;;;;;;;;;;;;;;;;;;;;;;;;;;;;;
СиферсПЕ;;;;;;;;;;;;;;;;;;;;;;;;;;;;;;;
Скадовский;;;;;;;;;;;;;;;;;;;;;;;;;;;;;;;
СкалонАВ;;;;;;;;;;;;;;;;;;;;;;;;;;;2;;;;
СкворцевЯА;;;;;;;;;;;;;;;;;;;;;;;;;;;;;;;
СкворцоваЮИ;;;;;;;;;;;;;;;;;;;;;;;;;;;;;;;
СкворцовЯА;;;;;;;;;;;;;;;;;;;;;;;;;;;;;;;
СкиргеллоАБ;;;;;;;;;;;;;;;;;;;;;;;;;;;;;;;
СкиргеллоББ;;;;;;;;;;;;;;;;;;;;;;;;;;;;;;;
СкляровПА;;;;;;;;;;;;;;;;;;;;;;;;;;;;;;;
СкорняковХН;;;;;;;;;;;;;;;;;;;;;;;;;;;;;;;
СкосаревскаяНП;;;;;;;;;;;;;;;;;;;;;;;;;;;;;;;
СкуйеИА;;;;;;;;;;;;;;;;;;;;;;;;;;;;;;;
СластионовАГ;;;;;;;;;;;;;;;;;;;;;;;;;;;;;;;
СлепянМГ;;;;;;;;;;;;;;;;;;;;;;;;;;;;;;;2
Слободянюк-ПодолянСИ;;;;;;;;;;;;;;;;;;;;;;;;;;;;;;;
СловцовАМ;;;;;;;;;;;;;;;;;;;;;;;;;;;;;;;
СлыпянМГ;;;;;;;;;;;;;;;;;;;;;;;;;;;;;;;
СмеловПА;;;;;;;;;;;;;;;;;;;;;;;;;;;;;;;
Смирнова-ИвановаЕА;;;;;;;;;;;;;;;;;;;;;;;;;;;;;;;
СмирновВС;;;;;;;;;;;;;;;;;;;;;;;;;;;;;;;
СмирновНА;;;;;;;;;;;;;;;;;;;;;;;;;;;;;;;
СмотрицкийПФ;;;;;;;;;;;;;;;;;;;;;;;;;;;;;;;
СмукровичПИ;;;;;;;;;;;;;;;;;;;;;;;;;;;;;;;
СнигиревскийАВ;;;;;;;;;;;;;;;;;;;;;;;;;;;;;;;
СоколовАП;;;;;;4;;;;4;;3;;4;;;;;;;;;;;;;;;;;
СоколовВИ;;;;;;;;;;;;;;;;;;;;;;;;;;;;;;;
СоколовВП;;;;;;;;;;;;;;;;;;;;;;;;;;;;;;1;
СоколовК;;;;;;;;;;;;;;;;;;;;;;;;;;;;;;;
Соколов-ОльховскийИО;;;;;;;;;;;;;;;;;;;;;;;;;;;1;;;;
СоколовскийЭК;;;;;;;;;;;;;;;;;;;;;;;;;;;;;;;
СолнцеваГ;;;;;;;;;;;;;;;;;;;;;;;;;;;;;;;
СоловьеваНП;;;;;;;;;;;;;;;;;;;;;;;;;;;;;;;
СологубЛГ;;;;;;;;;;;;;;;;;;;;;;;;;;;;;;;
СоломахаВМ;;;;;;;;;;;;;;;;;;;;;;;;;;;;;;;
СоломкоСС;;;;;;;;;;;;;;;;;;;;;;;;;;;;;;;
СоломонА;;;;;;;;;;;;;;;;;;;;;;;;;;;;;;;
СоломоновМИ;;;;;;;;;;;;;;;;;;;;;;;;;;;;;;;
СолунКИ;;;;;;;;;;;;;;;;;;;;;;;;;;;;;;;
Сомова-ЗельдерАП;;;;;;;;;;;;;;;;;;;;;;;;;;;;;;;
Сомова-МихайловаА;;;;;;;;;;;;;;;;;;;;;;;;;;;;;;;
СомовК;;;;;;;;;;;;;;;;;;;;;;;;;;;;;;;
СомовКА;;;;;;;;;;;;;;;;;;;;;;;;;;;;;;;
Сорин;;;;;;;;;;;;;;;;;;;;;;;;;;;;;;;
СосионковАВ;;;;;;;;;;;;;;;;;;;;;;;;;;;;;;;
СотниковЕМ;;;;;;;;;;;;;;;;;;;;;;;;;;;;;;;
СофроноваАФ;;;;;;;;;;;;;;;;;;;;;;;;;;;;;;;
СпандиковЭК;;;;;;;;;;;;;;;;;;;;;;;;;;;;;;;
СпасскийВВ;;;;;;;;;;;;;;;;;;;;;;;;;;;1;;;;
СпесивцевПН;;;;;;;;;;;;;;;;;;;;;;;;;;;;;;;
СрединАВ;;;;;;;;;;;;;;;;;;;;;;;;;;;;;;;
СтабровскийКА;;;;;;;;;;;;;;;;;;;;;;;;;;;;;;;
СтадницкийПГ;;;;;;;;;;;;;;;;;;;;;;;;;;;;;;;
СтанкевичЮА;;;;;;;;;;;;;;;;;;;;;;;;;;;;;;;
СтаркАА;;;;;;;;;;;;;;;;;;;;;;;;;;;;;;;
СтароносовП;;;;;;;;;;;;;;;;;;;;;;;;;;;;;;;
Стахеева-КашкадамоваЕ;;;;;;;;;;;;;;;;;;;;;;;;;;;;;;;
СтеллецкийДС;;;;;;;;;;;;;;;;;;;;;;;;;;;;;;;
СтепановаВН;;;;;;;;;;;;;;;;;;;;;;;;;;;;;;;
СтепановАН;;;;;;;;;;;;;;;;;;;;;;;;;;;;;;;
СтепановАС;;;;;;;;;;;;;;2;;1;2;;2;2;;1;2;1;;4;2;;2;;
СтепановичКП;;;;;;;;;;;;;;;;;;;;;;;;;;;;;;;
СтепановКП;;;;;;;;;;;;;;;;;;;;;;;;;;;;;;;
СтеценкоАВ;;;;;;;;;;;;;;;;;;;;;;;;;;;;;;;
СтигельР;;;;;;;;;;;;;;;;;;;;;;;;;;;;;;;
СтилианудиАН;;;;;;;;;;;;;;;;;;;;;;;;;;;;;;;
СтолицаЕИ;;;;;;;;;;;;;;;;;;;;;;;;;;;;;;;
СтоляровКД;;;;;;;;;;;;;;;;;;;;;;;;;;;;;;;
СтоляровНД;;;;;;;;;;;;;;;;;;;;;;;;;;;;;;;
СторожевскийН;;;;;;;;;;;;;;;;;;;;;;;;;;;;;;;
СтраховскийВК;;;;;;;;;;;;;;;;;;;;;;;;;;;;;;;
СтрашинскийЛ;;;;;;;;;;;;;;;;;;;;;;;;;;;;;;;
СтребловИБ;;;;;;;;;;;;;;;;;;;;;;;;;;;;;;;
СтрелковскийАИ;;;;;;;;;;;;;;;;;;;;;;;;;;;;;;;
Стрельникова;;;;;;;;;;;;;;;;;;;;;;;;;;;;;;;
СтрубинскийВИ;;;;;;;;;;;;;;;;;;;;;;;;;;;;;;;
СтрукГН;;;;;;;;;;;;;;;;;;;;;;;;;;;;;;;
СтрунниковНИ;;;;;;;;;;;;;;;;;;;;;;;;;;;;;;1;
СубботинПИ;;;;;;;;;;;;;;;;;;;;;;;;;;;;;;;4
СудейкинСЮ;;;;;;;;;;;;;;;;;;;;;;;;;;;;;;;
Судковская-СамокишЕП;;;;;;;;;;;;;;;;;;;;;;;;;;;;;;;
СудковскийМС;;;;;;;;;;;;;;;;;;;;;;;;;;;;;;;
СудковскийРГ;;;;;;;;;;;;;;;;;;;;;;;;;;;;;;;
СудьбининСН;;;;;;;;;;;;;;;;;;;;;;;;;;;;;;;
СумароковПС;;;;;;;;;;;;;;;;;;;;;;;;;;;;;;;
СуреньянцВЯ;;;;;;;;;;;;;;;;;;;;;;;;;;;1;;1;3;
СуриковВИ;;;;;;1;;1;1;1;;1;;;;1;2;;;;2;;;;;1;;;;;
СусловВВ;;;;;;;;;;;;;;;;;;;;;;;;;;;;;;;
СусловИА;;;;;;;;;;;;;;;;;;;;;;;;;;;;;;;
СуходольскийПА;;;;;;;;;;;;;;;;;;;;;;;;;;;;;;;
СухоровскийМГ;;;;;;;;;;;;;;;;;;;;;;;;;;;;;;;
Сырнев;;;;;;;;;;;;;;;;;;;;;;;;;;;;;;;
СыровВА;;;;;;;;;;;;;;;;;;;;;;;;;;;;;;;
СычковФВ;;;;;;;;;;;;;;;;;;;;;;;;;;;;;;;
ТаккеБА;;;;;;;;;;;;;;;;;;;;;;;;;;;;;;;
ТалепоровскийВН;;;;;;;;;;;;;;;;;;;;;;;;;;;;;;;
ТамановАИ;;;;;;;;;;;;;;;;;;;;;;;;;;;;;;;
ТамбиВН;;;;;;;;;;;;;;;;;;;;;;;;;;;;;;;
ТарховКД;;;;;;;;;;;;;;;;;;;;;;;;;;;;;;;
ТарховНА;;;;;;;;;;;;;;;;;;;;;;;;;;;;;;;
ТатевосянцЕМ;;;;;;;;;;;;;;;;;;;;;;;;;;;;;;;
ТатлинЕВ;;;;;;;;;;;;;;;;;;;;;;;;;;;;;;;
Таубе;;;;;;;;;;;;;;;;;;;;;;;;;;;;;;;
ТаулоуФ;;;;;;;;;;;;;;;;;;;;;;;;;;;;;;;
ТвердаяЕМ;;;;;;;;;;;;;;;;;;;;;;;;;;;;;;;
ТворожниковИИ;;;;;;;;;;;;;;;;;;;;;;;;;;;;;;;11
ТерпиловскаяТН;;;;;;;;;;;;;;;;;;;;;;;;;;;;;;;
ТерпсихоровНБ;;;;;;;;;;;;;;;;;;;;;;;;;;;;;;;
ТеснерАА;;;;;;;;;;;;;;;;;;;;;;;;;;;;;;;
ТеснерГГ;;;;;;;;;;;;;;;;;;;;;;;;;;;;;;;
ТидекеАЭ;;;;;;;;;;;;;;;;;;;;;;;;;;;;;;;
ТиевскийК;;;;;;;;;;;;;;;;;;;;;;;;;;;;;;;
Тизенгаузен;;;;;;;;;;;;;;;;;;;;;;;;;;;;;;;
ТильбергРХ;;;;;;;;;;;;;;;;;;;;;;;;;;;;;;;
ТимашевАЕ;;;;;;;;;;;;;;;;;;;;;;;;;;;;;;;
Тиморев;;;;;;;;;;;;;;;;;;;;;;;;;;;;;;;
ТимофеевВС;;;;;;;;;;;;;;;;;;;;;;;;;;;;;;;
ТимофеевВТ;;;;;;;;;;;;;;;;;;;;;;;;;;;;;;;
ТимофеевГ;;;;;;;;;;;;;;;;;;;;;;;;;;;;;;;
ТимусАК;;;;;;;;;;;;;;;;;;;;;;;;;;;;;;;
ТихмироваЕН;;;;;;;;;;;;;;;;;;;;;;;;;;;;;;;
Тихова-ФинкельштейнМЛ;;;;;;;;;;;;;;;;;;;;;;;;;;;;;;;
ТиховВГ;;;;;;;;;;;;;;;;;;;;;;;;;;;;;;;3
ТихомировИВ;;;;;;;;;;;;;;;;;;;;;;;;;;;;;;;
ТишинВЯ;;;;;;;;;;;;;;;;;;;;;;1;;;1;;;;;;
ТищенкоН;;;;;;;;;;;;;;;;;;;;;;;;;;;;;;;
ТкаченкоВИ;;;;;;;;;;;;;;;;;;;;;;;;;;;;;;;1
ТкаченкоМС;;;;;;;;;;;;;;;;;;;;;;;;;;;;;;;
ТовастшернаКА;;;;;;;;;;;;;;;;;;;;;;;;;;;;;;;
ТолстаяСИ;;;;;;;;;;;;;;;;;;;;;;;;;;;;;;;
ТомашевичБТ;;;;;;;;;;;;;;;;;;;;;;;;;;;;;;;
ТомбаК;;;;;;;;;;;;;;;;;;;;;;;;;;;;;;;
ТомовФИ;;;;;;;;;;;;;;;;;;;;;;;;;;;;;;;
ТопаловаОС;;;;;;;;;;;;;;;;;;;;;;;;;;;;;;;
Топелиус-КиселеваЕК;;;;;;;;;;;;;;;;;;;;;;;;;;;;;;;
ТоппелиусВФ;;;;;;;;;;;;;;;;;;;;;;;;;;;;;;;
ТраилинСА;;;;;;;;;;;;;;;;;;;;;;;;;;;;;;;
ТрамбицкийАЕ;;;;;;;;;;;;;;;;;;;;;;;;;;;;;;;
ТраунбергВИ;;;;;;;;;;;;;;;;;;;;;;;;;;;;;;;
Трембач;;;;;;;;;;;;;;;;;;;;;;;;;;;;;;;
ТретьяковаОН;;;;;;;;;;;;;;;;;;;;;;;;;;;;;;;
ТрифоновИТ;;;;;;;;;;;;;;;;;;;;;;;;;;;;;;;
ТрифоновПВ;;;;;;;;;;;;;;;;;;;;;;;;;;;;;;;
ТроновВА;;;;;;;;;;;;;;;;;;;;;;;;;;;;;;;
ТроупянскийЯА;;;;;;;;;;;;;;;;;;;;;;;;;;;;;;;1
ТрофименкоНА;;;;;;;;;;;;;;;;;;;;;;;;;;;;;;;
ТрояновскийВ;;;;;;;;;;;;;;;;;;;;;;;;;;;;;;;
ТрояновскийОИ;;;;;;;;;;;;;;;;;;;;;;;;;;;;;;;
ТрубецкаяОН;;;;;;;;;;;;;;;;;;;;;;;;;;;;;;;
ТрубецкойП;;;;;;;;;;;;;;;;;;;;;;;;;;;;;;;
ТружанскийЛВ;;;;;;;;;;;;;;;;;;;;;;;;;;;;;;;
ТрутневИП;;;;;;;;;;;;;;;;;;;;;;;;;;;;;;;
ТрутовскийКА;;;;;;;;;;;;;;;;;;;;;;;;;;;;;;;
ТулуповСИ;;;;;;;;;;;;;;;;;;;;;;;;;;;;;;;
ТупицынБИ;;;;;;;;;;;;;;;;;;;;;;;;;;;;;;;
ТуржанскийЛВ;;;;;;;;;;;;;;;;;;;;;;;;;;3;8;;5;;
ТурлыгинЯП;;;;;;;;;;;1;;;;;;;;;;;;;;;;;;;;
ТурченкоЛГ;;;;;;;;;;;;;;;;;;;;;;;;;;;;;;;
ТхоржевскаяТИ;;;;;;;;;;;;;;;;;;;;;;;;;;;;;;;
ТычинкинММ;;;;;;;;;;;;;;;;;;;;;;;;;;;;;;;
ТюринИА;;;;;;;;;;;;;;;;;;;;;;;;;;;;;;;
УваровНМ;;;;;;;;;;;;;;;;;;;;;;;;;;;;;;;
УводскаяЕВ;;;;;;;;;;;;;;;;;;;;;;;;;;;;;;;
УдальцеваНА;;;;;;;;;;;;;;;;;;;;;;;;;;;;;;;
УконинНА;;;;;;;;;;;;;;;;;;;;;;;;;;;;;;;
УлинАА;;;;;;;;;;;;;;;;;;;;;;;;;;;;;;;
УльнинИЕ;;;;;;;;;;;;;;;;;;;;;;;;3;;;;;;;
УльяновНП;;;;;;;;;;;;;;;;;;;;;;;;;;;;;;;
УрлаубЕФ;;;;;;;;;;;;;;;;;;;;;;;;;;;;;;;
УрлаубЛЯ;;;;;;;;;;;;;;;;;;;;;;;;;;;;;;;
УткинП;;;;;;;;;;;;;;;;;;;;;;;;;;;;;;;
УхановаАВ;;;;;;;;;;;;;;;;;;;;;;;;;;;;;;;
УхтомскийСА;;;;;;;;;;;;;;;;;;;;;;;;;;;;;;;
Ушаков-ПоскочинМВ;;;;;;;;;;;;;;;;;;;;;;;;;;;;;;;
УшинАА;;;;;;;;;;;;;;;;;;;;;;;;;;;;;;;
ФалилеевВД;;;;;;;;;;;;;;;;;;;;;;;;;;;;;;;
ФаллизАГ;;;;;;;;;;;;;;;;;;;;;;;;;;;;;;;
ФалькРР;;;;;;;;;;;;;;;;;;;;;;;;;;;;;;;
ФеглерИГ;;;;;;;;;;;;;;;;;;;;;;;;;;;;;;;
ФеддерсЮИ;;;;;;;;;;;;;;;;;;;;;;;;;;;;;;;
ФедороваМА;;;;;;;;;;;;;;;;;;;;;;;;;;;;;;;
ФедоровЕВ;;;;;;;;;;;;;;;;;;;;;;;;;;;;;;;
ФедоровИК;;;;;;;;;;;;;;;;;;;;;;;;;;;;;;;
ФедоровИП;;;;;;;;;;;;;;;;;;;;;;;;;;;;;;;
ФедоровичВН;;;;;;;;;;;;;;;;;;;;;;;;;;;;;;;5
ФёдоровМС;;;;;;;;;;;;;;;;;;;;;;;;;;;;;;;
ФедотовИ;;;;;;;;;;;;;;;;;;;;;;;;;;;;;;;
ФельдманКА;;;;;;;;;;;;;;;;;;;;;;;;;;;;;;;
ФельтенВФ;;;;;;;;;;;;;;;;;;;;;;;;;;;;;;;
ФендикВК;;;;;;;;;;;;;;;;;;;;;;;;;;;;;;;
ФеофилактовНП;;;;;;;;;;;;;;;;;;;;;;;;;;;;;;;
Фетваджиан;;;;;;;;;;;;;;;;;;;;;;;;;;;;;;;
Фибих;;;;;;;;;;;;;;;;;;;;;;;;;;;;;;;
ФилиповКН;;;;;;;;;;;;;;;;;;;;;;;;;;;;;;;
Филонов;;;;;;;;;;;;;;;;;;;;;;;;;;;;;;;
ФильковичКИ;;;;;;;;;;;;;;;;;;;;;;;;;;;;;;;
ФинкельштейнВЯ;;;;;;;;;;;;;;;;;;;;;;;;;;;;;;;
ФлавицкийКД;;;;;;;;;;;;;;;;;;;;;;;;;;;;;;;
ФовелинАИ;;;;;;;;;;;;;;;;;;;;;;;;;;;;;;;
ФогельБА;;;;;;;;;;;;;;;;;;;;;;;;;;;;;;;
Фоглер;;;;;;;;;;;;;;;;;;;;;;;;;;;;;;;
ФокинНМ;;;;;;;;;;;;;;;;;;;;;;;;;;;;;;;
ФоминИА;;;;;;;;;;;;;;;;;;;;;;;;;;;;;;;
Фон БокАР;;;;;;;;;;;;;;;;;;;;;;;;;;;;;;;
Фон ВистингаузенАА;;;;;;;;;;;;;;;;;;;;;;;;;;;;;;;
Фон-Визен;;;;;;;;;;;;;;;;;;;;;;;;;;;;;;;
Фонтано;;;;;;;;;;;;;;;;;;;;;;;;;;;;;;;
Форен;;;;;;;;;;;;;;;;;;;;;;;;;;;;;;;
ФорселлесА;;;;;;;;;;;;;;;;;;;;;;;;;;;;;;;
ФранкГ;;;;;;;;;;;;;;;;;;;;;;;;;;;;;;;
ФредерикЛ;;;;;;;;;;;;;;;;;;;;;;;;;;;;;;;
Фрейвирт-ЛютцовОО;;;;;;;;;;;;;;;;;;;;;;;;;;;;;;;
ФренцРР;;;;;2;;;;;;;;;;;;;;;;;;;;;;;;;;
ФренцРФ;;;;;;;;;;;;;;;;;;;;;;;;;;;;;;;
ФроловАА;;;;;;;;;;;;;;;;;;;;;;;;;;;;;;;
ФроловАП;;;;;;;;;;;;;;;;;;;;;;;;;;;;;;;
ФроловВА;;;;;;;;;;;;;;;;;;;;;;;;;;;;;;;
ФроловДП;;;;;;;;;;;;;;;;;;;;;;;;;;;;;;;
ФроловскийП;;;;;;;;;;;;;;;;;;;;;;;;;;;;;;;
ХалявинНФ;;;;;;;;;;;;;;;;;;;;;;;;;;;;;;;8
ХаритоновНВ;;;;;;;;;;;;;;;;;;;;;;;;;;;;;;;
ХарламовАА;;;;;1;;2;2;3;3;2;;;3;2;4;;;;;;;;;6;3;;2;3;3;
ХарламовМЕ;;;;;;;;;;;;;;;;;;;;;;;;;;;;;;;
ХарламовМЯ;;;;;;;;;;;;;;;;;;;;;;;;;;;;;;;
ХарламповичАА;;;;;;;;;;;;;;;;;;;;;;;;;;;;;;;
ХижинскийЛС;;;;;;;;;;;;;;;;;;;;;;;;;;;;;;;
ХимонаНП;;;;;;;;;;;;;;;;;;;;;;;;;;;;;;;
ХлудовНГ;;;;;;;;;;;;;;;;;;;;;;;;;;;;;;;
ХныгинЛА;;;;;;;;;;;;;;;;;;;;;;;;;;;;;;;
ХолодовскийМИ;;;;;;;;;;;1;7;2;1;;;1;1;;;;;;;;;;;;;
ХолявинНО;;;;;;;;;;;;;;;;;;;;;;;;;;2;8;6;3;9;
ХохряковНН;;;;;;;;;1;;1;1;;;;;;;;;;;;;;;;;1;1;
ХрамцовНА;;;;;;;;;;;;;;;;;;;;;;;;;;;;;;;
ХреновАС;;;;;;;;;;;;;;;;;;;;;;;;;;;;;;;
ХрусловЕМ;;;;;;;;;;;;;;1;;;;;;;;;;;;;;;;;
ХрусталевАИ;;;;;;;;;;;;;;;;;;;;;;;;;;;;;;;
ХрусталевВЯ;;;;;;;;;;;;;;;;;;;;;;;;;;;;;;;
ХрустачевНИ;;;;;;;;;;;;;;;;;;;;;;;;;;;;;;;
ХудояровВП;;;;;;;;;;;;;;;;;;;;;;;;;;;;;;;
Хутари;;;;;;;;;;;;;;;;;;;;;;;;;;;;;;;
Царевская-НаумоваВК;;;;;;;;;;;;;;;;;;;;;;;;;;;;;;;
ЦветковБИ;;;;;;;;;;;;;;;;;;;;;;;;;;;;;;;
ЦейдлерВП;;;;;;;;;;;;;;;;;;;;;;;;;;;;;;;
ЦейдлерКФ;;;;;;;;;;;;;;;;;;;;;;;;;;;;;;;
ЦейдлерНА;;;;;;;;;;;;;;;;;;;;;;;;;;;;;;;
ЦелинскийСО;;;;;;;;;;;;;;;;;;;;;;;;;;;;;;;
ЦионглинскийИФ;;;;;;;;;;;;;;;;;;;;;;;;;;;;;;;
ЦионглинскийЯФ;;;;;;;;;;;;;;;;;;;;;;;;;;;;;;;
ЦириготтиНГ;;;;;;;;;;;;;;;;;;;;;;;;;;;;;;;
Цурмюлен;;;;;;;;;;;;;;;;;;;;;;;;;;;;;;;
ЦыхановскийММ;;;;;;;;;;;;;;;;;;;;;;;;;;;;;;;
ЧагинФИ;;;;;;;;;;;;;;;;;;;;;;;;;;;;;;;
ЧайковскаяОВ;;;;;;;;;;;;;;;;;;;;;;;;;;;;;;;
ЧахровЯА;;;;;;;;;;;;;;;;;;;;;;;;;;;;;;;
Чемберс-БилибинаМЯ;;;;;;;;;;;;;;;;;;;;;;;;;;;;;;;
ЧепцовСМ;;;;;;;;;;;;;;;;;;;;;;;;;;;;;;;
ЧереповАВ;;;;;;;;;;;;;;;;;;;;;;;;;;;;;;;
ЧеркасовПА;;;;;;;;;;;;;;;;;;;;;;;;;;;;;;;
ЧеркасскийАМ;;;;;;;;;;;;;;;;;;;;;;;;;;;;;;;
Черневская-ШульцЕД;;;;;;;;;;;;;;;;;;;;;;;;;;;;;;;
ЧерновВ;;;;;;;;;;;;;;;;;;;;;;;;;;;;;;;
ЧерновНН;;;;;;;;;;;;;;;;;;;;;;;;;;;;;;;
Чернов-ПлесскийЛМ;;;;;;;;;;;;;;;;;;;;;;;;;;;;;;;
ЧернышевТП;;;;;;;;;;;;;;;;;;;;;;;;;;;;;;;
ЧерчоповА;;;;;;;;;;;;;;;;;;;;;;;;;;;;;;;
ЧесноковПВ;;;;;;;;;;;;;;;;;;;;;;;;;;;;;;;
ЧехонинСВ;;;;;;;;;;;;;;;;;;;;;;;;;;;;;;;
ЧижеваМИ;;;;;;;;;;;;;;;;;;;;;;;;;;;;;;;
ЧижовМА;;1;;;;;;;;;;;;;;;;;;;;;;;;;;;;;
ЧикалинаМН;;;;;;;;;;;;;;;;;;;;;;;;;;;;;;;
ЧириковАИ;;;;;;;;;;;;;;;;;;;;;;;;;;1;;;;;
ЧиркаФА;;;;;;;;;;;;;;;;;;;;;;;;;;;;;;;
ЧиркинАД;;;;;;1;1;;;;;;;;;;;;;;;;;;;;;;;;
ЧистосердовВ;;;;;;;;;;;;;;;;;;;;;;;;;;;;;;;
ЧистяковПП;;;;;;;;;;;;;;;;;;;;;;;;;;;;;;;
ЧичелевНИ;;;;;;;;;;;;;;;;;;;;;;;;;;;;;;;
ЧугуновАИ;;;;;;;;;;;;;;;;;;;;;;;;;;;;;;;
ЧуевЗХ;;;;;;;;;;;;;;;;;;;;;;;;;;;;;;;
ЧуйкоМС;;;;;;;;;;;;;;;;;;;;;;;;;;;;;;;
ЧумаковФП;;;;;;;;;;;;;;;;;;;;;;;;;;;;;;;
ЧупятовЛТ;;;;;;;;;;;;;;;;;;;;;;;;;;;;;;;
ЧурлянисНК;;;;;;;;;;;;;;;;;;;;;;;;;;;;;;;
ШабунинНА;;;;;;;;;;;;;;;;;;;;;;;;;;;;;;;
ШагалИ;;;;;;;;;;;;;;;;;;;;;;;;;;;;;;;
ШалагиноваЕГ;;;;;;;;;;;;;;;;;;;;;;;;;;;;;;;
ШамраевВП;;;;;;;;;;;;;;;;;;;;;;;;;;;;;;;
ШамшинПМ;;;;;;;;;;;;;;;;;;;;;;;;;;;;;;;
ШанксЭЯ;;;;;;;;;;;;;;;;1;1;;;1;;1;2;2;2;7;1;3;1;2;
ШаньковскийБГ;;;;;;;;;;;;;;;;;;;;;;;;;;;;;;;
ШапошниковаЕМ;;;;;;;;;;;;;;;;;;;;;;;;;;;;;;;
ШараповДФ;;;;;;;;;;;;;;;;;;;;;;;;;;;;;;;
ШариковНД;;;;;;;;;;;;;;;;;;;;;;;;;;;;;;;
ШарлеманьАИ;;;;;;;;;;;;;;;;;;;;;;;;;;;;;;;
ШарлеманьОА;;;;;;;;;;;;;;;;;;;;;;;;;;;;;;;
ШатиловНИ;;;;;;;;;;;;;;;;;;;;;;;;;;;;;;;
ШафранМЛ;;;;;;;;;;;;;;;;;;;;;;;;;;;;;;;1
ШаховскаяМА;;;;;;;;;;;;;;;;;;;;;;;;;;;;;;;
ШаховскойНП;;;;;;;;;;;;;;;;;;;;;;;;;;;;;;;
ШваревМС;;;;;;;;;;;;;;;;;;;;;;;;;;;;;;;
ШебекоЕИ;;;;;;;;;;;;;;;;;;;;;;;;;;;;;;;
ШевченкоАВ;;;;;;;;;;;;;;;;;;;;;;;;;;;;;;;
ШелинговскийПА;;;;;;;;;;;;;;;;;;;;;;;;;;;;;;;
ШелковыйСТ;;;;;;;;;;;;;;;;;;;;;;;;;;;;;;;2
ШельлхаутЛ;;;;;;;;;;;;;;;;;;;;;;;;;;;;;;;
ШемякинМФ;;;;;;;;;;;;;;;;;;;;;;;;;;;1;;4;17;
ШендеревАС;;;;;;;;;;;;;;;;;;;;;;;;;;;;;;;
ШербиновскийДА;;;;;;;;;;;;;;;;;;;;;;;;;;;;;;;27
ШервашидзеАК;;;;;;;;;;;;;;;;;;;;;;;;;;;;;;;
ШервудЛВ;;;;;;;;;;;;;;;;;;;;;;;;;;;;;;;
ШервудСЛ;;;;;;;;;;;;;;;;;;;;;;;;;;;;;;;
ШереметевВВ;;;;;;;;;;;;;;;;;;;;;;;;;;;;;;;
ШестеркинМИ;;;;;;;;;;;;;;;;;;;;;;;;;;;;;;;
ШестопаловНИ;;;;;;;;;;;;;;;;;;;;;;;;;;;;;;;
ШибановАГ;;;;;;;;;;;;;;;;;;;;;;;;;;;;;;;
ШильдерАН;;;;;;;;;1;;;1;1;;;2;1;;2;;;;5;;1;1;3;;;4;7
ШильцовПС;;;;;;;;;;;;;;;;;;;;;;;;;;;;;;;
ШиповПД;;;;;;;;;;;;;;;;;;;;;;;;;;;;;;;
ШитиковВД;;;;;;;;;;;;;;;;;;;;;;;;;;;;;;;
ШишкинИИ;3;3;3;4;4;3;4;2;4;3;2;5;1;4;14;3;2;;2;3;3;4;6;;;;;;;;
ШишковМА;;;;;;;;;;;;;;;;;;;;;;;;;;;;;;;
ШкляревичКК;;;;;;;;;;;;;;;;;;;;;;;;;;;;;;;
ШкольникИС;;;;;;;;;;;;;;;;;;;;;;;;;;;;;;;
ШлейнНП;;;;;;;;;;;;;;;;;;;;;;;;;;;;;;;
ШлейферНГ;;;;;;;;;;;;;;;;;;;;;;;;;;;;;;;
ШлейфертЦЯ;;;;;;;;;;;;;;;;;;;;;;;;;;;;;;;
ШлуглейтИМ;;;;;;;;;;;;;;;;;;;;;;;;;;;;;;;
ШляковВД;;;;;;;;;;;;;;;;;;;;;;;;;;;;;;;
ШмаковНН;;;;;;;;;;;;;;;;;;;;;;;;;;;;;;;
ШмаровПД;;;;;;;;;;;;;;;;;;;;;;;;;;;;;;;
ШмидтЕГ;;;;;;;;;;;;;;;;;;;;;;;;;;;;;;;
ШолпоЕА;;;;;;;;;;;;;;;;;;;;;;;;;;;;;;;
ШостаченкоАА;;;;;;;;;;;;;;;;;;;;;;;;;;;;;;;
ШохинАН;;;;;;;;;;;;;;;;;;;;;;;;;;;;;;;
ШохинДМ;;;;;;;;;;;;;;;;;;;;;;;;;;;;;;;
ШперерЭФ;;;2;;;;;;;;;;;;;;;;;;;;;;;;;;;;
ШредерИН;;;;;;;;;;;;;;;;;;;;;;;;;;;;;;;
ШрейберВП;;;;;;;;;;;;;;;;;;;;;;;;;;;;;;;
ШрейберПП;;;;;;;;;;;;;;;;;;;;;;;;;;;;;;;
ШренкГА;;;;;;;;;;;;;;;;;;;;;;;;;;;;;;;
ШретерМВ;;;;;;;;;;;;;;;;;;;;;;;;;;;;;;;
ШтейнманЛХ;;;;;;;;;;;;;;;;;;;;;;;;;;;;;;;
ШтемберВК;;;;;;;;;;;;;;;;2;;;;;;;;;;;;;;;
ШтрасерВБ;;;;;;;;;;;;;;;;;;;;;;;;;;;;;;;
ШтурманАИ;;;;;;;;;;;;;;;;;;;;;;;;;;;;;;;
ШтюрцвагеЯ;;;;;;;;;;;;;;;;;;;;;;;;;;;;;;;
ШульманСБ;;;;;;;;;;;;;;;;;;;;;;;;;;;;;;;
Шульц-БертрамП;;;;;;;;;;;;;;;;;;;;;;;;;;;;;;;
ШульцБН;;;;;;;;;;;;;;;;;;;;;;;;;;;;;;;
ШульцВМ;;;;;;;;;;;;;;;;;;;;;;;;;;;;;;;
ШульцеАГ;;;;;;;;;;;;;;;;;;;;;;;;;;;;;;;
ШурыгинАА;;;;;;;;;;;;;;;;;;;;1;;;;;;;;;;;
ШухаеваЕН;;;;;;;;;;;;;;;;;;;;;;;;;;;;;;;
ШухаевВИ;;;;;;;;;;;;;;;;;;;;;;;;;;;;;;;
ЩанкинВН;;;;;;;;;;;;;;;;;;;;;;;;;;;;;;;
ЩербаковВС;;;;;;;;;;;;;;;;;;;;;;;;;;;;;;;
ЩербатовС;;;;;;;;;;;;;;;;;;;;;;;;;;;;;;;
ЩербиновскийДА;;;;;;;;;;;;;;;;;;;;;;;;;;;;;;;
ЩербовПЕ;;;;;;;;;;;;;;;;;;;;;;;;;;;;;;;
ЩеткинНП;;;;;;;;;;;;;;;;;;;;;;;;;;;;;;;
ЩукинПЕ;;;;;;;;;;;;;;;;;;;;;;;;;;;;;;;
ЩукоВА;;;;;;;;;;;;;;;;;;;;;;;;;;;;;;;
ЩусевАВ;;;;;;;;;;;;;;;;;;;;;;;;;;;;;;;
ЭберлингАР;;;;;;;;;;;;;;;;;;;;;;;;;;;;;;;
Эборович-ЗалысскаяЕ;;;;;;;;;;;;;;;;;;;;;;;;;;;;;;;
ЭгизБИ;;;;;;;;;;;;;;;;;;;;;;;;;;;;;;;
ЭдвардсБВ;;;;;;;;;;;;;;;;;;;;;;;;;;;;;;;
ЭдельфельдтАА;;;;;;;;;;;;;;;;;;;;;;;;;;;;;;;
ЭдуардсБВ;;;;;;;;;;;;;;;;;;;;;;;;;;;;;;;
ЭйгесВР;;;;;;;;;;;;;;;;;;;;;;;;;;;;;;;
Эйзгаузен;;;;;;;;;;;;;;;;;;;;;;;;;;;;;;;
ЭйсенгардтИС;;;;;;;;;;;;;;;;;;;;;;;;;;;;;;;
ЭйсмондФИ;;;;;;;;;;;;;;;;;;;;;;;;;;;;;;;
ЭйсснерАП;;;;;;;;;;;;;;;;;;;;;;;;;;;;;;;
ЭкгорстВЕ;;;;;;;;;;;;;;;;;;;;;;;;;;;;;;;
ЭкгорстьВЕ;;;;;;;;;;;;;;;;;;;;;;;;;;;;;;;
ЭкстерАА;;;;;;;;;;;;;;;;;;;;;;;;;;;;;;;
ЭлертНЛ;;;;;;;;;1;;;1;;;;1;;;;;;;;;;;;;;;
Эльпе;;;;;;;;;;;;;;;;;;;;;;;;;;;;;;;
ЭмерикАГ;;;;;;;;;;;;;;;;;;;;;;;;;;;;;;;
ЭммеВВ;;;;;;;;;;;;;;;;;;;;;;;;;;;;;;;
ЭндауроваЛМ;;;;;;;;;;;;;;;;;;;;;;;;;;;;;;;
ЭнкельМ;;;;;;;;;;;;;;;;;;;;;;;;;;;;;;;
ЭрихсонЛР;;;;;;;;;;;;;;;;;;;;;;;;;;;;;;;
Эрнефельд;;;;;;;;;;;;;;;;;;;;;;;;;;;;;;;
Эрро-Раута;;;;;;;;;;;;;;;;;;;;;;;;;;;;;;;
ЭскинСС;;;;;;;;;;;;;;;;;;;;;;;;;;;;;;;
ЭссенБН;;;;;;;;;;;;;;;;;;;;;;;;;;;;;;;
ЭтлингерМВ;;;;;;;;;;;;;;;;;;;;;;;;;;;;;;;
ЭшкишевичВ;;;;;;;;;;;;;;;;;;;;;;;;;;;;;;;
ЭшлиманВК;;;;;;;;;;;;;;;;;;;;;;;;;;;;;;;
ЮдинСП;;;;;;;;;;;;;;;;;;;;;;;;;;;;;;;
Юнгблют;;;;;;;;;;;;;;;;;;;;;;;;;;;;;;;
ЮнгеЕФ;;;;1;;;;;;;;;;;;;;;;;;;;;;;;;;;
Юнкер-КрамскаяСИ;;;;;;;;;;;;;;;;;;;;;;;;;;;;;;;
ЮнонКФ;;;;;;;;;;;;;;;;;;;;;;;;;;;;;;;
Юргенсон-СнигереваАП;;;;;;;;;;;;;;;;;;;;;;;;;;;;;;;
ЯблочкинВА;;;;;;;;;;;;;;;;;;;;;;;;;;;;;;;
ЯвленскийАА;;;;;;;;;;;;;;;;;;;;;;;;;;;;;;;
ЯкобиВИ;;;;;;;;;;;;;;;;;;;;;;;;;;;;;;;
ЯкобиСП;;;;;;;;;;;;;;;;;;;;;;;;;;;;;;;
ЯковлевАЕ;;;;;;;;;;;;;;;;;;;;;;;;;;;;;;;
Яковлева-ШапоринаЛВ;;;;;;;;;;;;;;;;;;;;;;;;;;;;;;;
ЯковлевВИ;;;;;;;;;;;;;;;;;;;;;;;;;;;;;;;
ЯковлевГГ;;;;;;;;;;;;;;;;;;;;;;;;;;;;;;;
ЯковлевМН;;;;;;;;;;;;;;;;;;;;;;;;;;;;;;;
ЯкуловГБ;;;;;;;;;;;;;;;;;;;;;;;;;;;;;;;
ЯкунчиковаМ;;;;;;;;;;;;;;;;;;;;;;;;;;;;;;;
ЯнковМД;;;;;;;;;;;;;;;;;;;;;;;;;;;;;;;
ЯновАС;;;;;;;;;;2;;;;;1;;;;;;;;;;;;;;;;
ЯновскийЛВ;;;;;;;;;;;;;;;;;;;;;;;;;;;;;;;
ЯремичСП;;;;;;;;;;;;;;;;;;;;;;;;;;;;;;;
ЯрошенкоНА;;;2;1;6;4;4;6;7;;8;2;2;23;3;3;3;;3;3;;14;9;;;;;;;;
Яругский-ЭругаЯМ;;;;;;;;;;;;;;;;;;;;;;;;;;;;;;;
ЯрцевГФ;;;;;;;;;;1;;;;2;;2;;;;;;;;2;;;;;;1;
ЯсинскийАА;;;;;;;;;;;;;;;;;;;;;;;;;;;;;;;
ЯсинскийИИ;;;;;;;;;;;;;;;;;;;;;;;;;;;;;;;
ЯстребцовНП;;;;;;;;;;;;;;;;;;;;;;;;;;;;;;;
ЯстржембскийАС;;;;;;;;;;;;;;;;;;;;;;;;;;;;;;;
ЯцимирскаяО;;;;;;;;;;;;;;;;;;;;;;;;;;;;;;;
ЯцуньскийБ;;;;;;;;;;;;;;;;;;;;;;;;;;;;;;;
