name;1911;1913;1914
Allonge;;;
Ferrari;;;
LeFauconnier;4;6;10
PelicierG;;;
Pomma;;;
Raymondi;;;
WoizyC;;;
АбрамовАИ;;;
АбриЛ;;;
АвеншепсГ;;;
АветисьянГА;;;
АвиловМИ;;;
АгафоновЕА;;2;
АдамсонАИ;;;
АдтКФ;;;
АйвазовскийИК;;;
АкимоваЮВ;;;
АкишинПИ;;;
АккерЭ;;;
АксенюкПД;;;
АладжаловМХ;;;
АлександроваЕВ;;;
АлександровНН;;;
АлександровскийСФ;;;
Александров-ТитовскойНА;;;
АлексеевАА;;;
АлексеевВВ;;;
АлексеевВМ;;;
АлексеевГД;;;
АлексеевНВ;;;
АлексоматиНХ;;;
АлферьеваСВ;;;
АльбрехтЛГ;;;
Альквист;;;
Альстедт;;;
АльтаманН;;;
АльтенбергИГ;;;
АльхимовичК;;;
Аман-Жан;;;
АммонВ;;;
АммосовСН;;;
АмосоваОФ;;;
АндерсонЕК;;;
АндреевВИ;;;
АнзимироваНВ;;;
АнисимовВК;;;
АнисимовЮП;;;
АнисфельдБИ;;;
АничковАИ;;;
Анкетэн;;;
АнтокольскийММ;;;
АнтоновАИ;;;
Антропова;;;
АнтроповИГ;;;
АпостолиВА;;;
АракелянС;;;
АраповАА;;;
АронсонНН;;;
АрхиповАЕ;;;
АрхиповСН;;;
АрчиониГ;;;
АскназийИЛ;;;
АстафьеваВЛ;;;
АтрыганьевН;;;
АтрыганьевНА;;;
АуэрГД;;;
АфанасьевАФ;;;
АфанасьевВЯ;;;
Афанасьев-Кокель;;;
АхенбахГ;;;
АхочинскаяЗП;;;
БабутММ;;;
Багратион-МухранскаяВН;;;
БадовскийАФ;;;
БаженовНВ;;;
БажинНН;;;
БакаловичСВ;;;
БаклундЭО;;;
БакмансонГК;;;
БакстЛС;;;
БакшеевВН;;;
БалашевПИ;;;
БалкСМ;;;
БаллодПП;;;
БалльерАИ;;;
БалунинМА;;;
Бальц;;;
БарамзинЕВ;;;
БарстельсГ;;;
БартВС;11;;
БаруздинаВМ;;;
БарынинАА;;;
БасинПВ;;;
Бастер;;;
БатуринВП;;;
БауманАГ;;;
БауманАЕ;;;
БауманАН;;;
БахНИ;;;
БахРР;;;
БахтеевВ;1;;
БахтинКН;;;
БашинджагианГЗ;;;
Беггрова-ГартманОФ;;;
БеггровАК;;;
БегерЛМ;;;
БегичевАР;;;
БедросовКП;;;
БезверховНП;;;
БезродныйМЕ;;;
БезродныйМС;;;
БезродныйПВ;;;
БейгульАН;;3;
БеккерА;;;
БеклемишевВА;;;
БёклинА;;;
БекряшевНГ;;;
БелкинВ;;;
Белоусов;;;
БелыйАФ;;;
БельзенЯЯ;;;
БелявскийМК;;;
БеляевА;;;
БеляковЕЕ;;;
БемЕМ;;;
БенарА;;;
БенигКБ;;;
БенкендорфДА;;;
БенуаАА;;;
БенуаАлекс Н;;;
БенуаАльб Н;;;
БергВВ;;;
БерггольцРА;;;
БеридтсонГФ;;;
БерингерВВ;;;
БеркосМА;;;
БерндтсонГФ;;;
БернштамЛА;;;
БероянАК;;;
БерсонА;;;
БершадскийЮР;;;
Биленкий;;;
БилибинИИ;;;
БильдерлингАА;;;
БиркингерФ;;;
БирнбаумСР;;;
БлаговещенскийНД;;;
БландоваМН;;;
БланшЖ;;;
БлахеХр;;;
БлентА;;;
БлиновЛД;;;
БломстедтВ;;;
БлощинскаяОП;;;
БлуменфельдАФ;;;
БлюмВИ;;;
БлюментальЮЮ;;;
БлюменфельдГМ;;8;
Бобрищева-Пушкина;;;
БобровАА;;;
БобровАВ;;;
БобровВА;;;
БобровВН;;;
БобровскийГМ;;;
БобровСП;;;
БогаевскийКФ;;;
БогатовНА;;;
БогатыревВС;;;
БогатыревИС;;;
Богданов-БельскийНП;;;
БогдановичФО;;;
БогдановНП;;;
БогданПГ;;;
БоголюбовАП;;;
БоголюбовБМ;;;
БогомазовТН;;;
БодаревскийНК;;;
БодемюллерФ;;;
Бодуэн-де-Куртенэ;7;;
Боженко;;;
БожеряновА;;;
БолдыревИЕ;;;
БолотновВД;;;
БольдиниД;;;
Бонч-ОсмоловскаяОГ;;;
Бонч-ТомашевскийЮО;;;
БоревскийН;;;
БоринВМ;;;
БорисовАА;;;
БорисовИФ;;;
Борисов-МусатовВЭ;;;
БормоткинВМ;;;
БородаевскийСО;;;
БортникерДМ;;;
БоруздинаВМ;;;
БоскинМВ;;;
БоссиЭ;3;;
БоткинаМС;;;
БоткинМП;;;
БоткинНИ;;;
БочаровМИ;;;
БрагаГ;;;
БрагаЭ;;;
БразельЮН;;;
БразОЭ;;;
БраиловскаяРН;;;
БраиловскийЛМ;;;
БракГ;;2;1
БрандтИ;;;
БраунЭГ;;;
Бредт;;;
Брендель;;;
БржозовскийФФ;;;
БроварьЯИ;;;
БродскийИИ;;;
БромбергФГ;;;
БронниковНК;;;
БронниковФА;;;
БроновицкийГФ;;;
БруниНА;;;
БруниФА;;;
БрускетиАЯ;;;
БрухардтФК;;;
БрэнгвинЖ;;;
БрюлловПА;;;
БрянскийМВ;;;
БубликовНЕ;;;
Будкевич;;;
Будковская-КибальчичНТ;;;
БудковскийГЯ;;;
БузалевскийБМ;;;
БуйндМА;;;
БуйницкийРИ;;;
БуковецкийЕИ;;;
БукФП;;;
БулацельРС;;;
Бульмеринг-КороленкоЕП;;;
БунинНН;;;
БургардтЛО;;;
Бургарт;;;
БуринскаяНФ;;;
БурлюкВД;6;;
БурлюкДД;6;;
БуровФЕ;;;
БурхардтФК;;;
БутлярСА;;;
Бутэ-де-Монвель;;;
БухгольцФФ;;;
БухерАИ;;;
БухПН;;;
БыкадоровНЯ;;;
БыковскийНМ;;;
БылевскийФС;;;
БыляшкинВВ;;;
БыстренинВИ;;;
БычковВП;;;
Бюлов;;;
Бяльницкий-БируляВК;;;
ВаальАЭ;;;
ВагнерПН;;;
ВаленковаСН;;;
ВалькевичМИ;;;
ВальтерИФ;;;
ВанДонген;;1;
ВарыпаеваНА;;;
ВасильевАА;;;
ВасильевВН;;;
ВасильевЛО;;;
ВасильевМА;;;
ВасильевФА;;;
ВасильковскийСИ;;;
ВаскиевскаяЕ;;;
ВаснецовАМ;;;
ВаснецовВМ;;;
ВасютинскийАА;;;
Ваулин;;;
ВахрамеевАИ;;;
ВахрушовФМ;;;
ВахтерЕА;;;
ВащенкоЕП;;;
ВеберЯЯ;;;
Вейсенгоф;;;
ВейценбергАИ;;;
ВекшинскийАН;;;
ВелигоноваЗВ;;;
ВеликановВИ;;;
ВельонскийПА;;;
ВельцИА;;;
ВенигКБ;;;
ВенигПК;;;
ВеревкинаМ;2;;
ВеревкинФИ;;;
ВерейскийГС;;;
ВерещагинВВ;;;
ВерещагинВП;;;
ВерещагинПИ;;;
ВерещагинПП;;;
ВернерАВ;;;
Версилова-НерчинскаяМН;;;
Вертс;;;
ВерховскаяЛН;;;
ВерховскийГЕ;;;
ВершининИЕ;;;
ВеселовПЛ;;;
ВеселовскийЛР;;;
ВестфаленАХ;;;
ВещиловКА;;;
ВжещьЕК;;;
ВизельЭО;;;
ВиллевальдеАБ;;;
ВиллевальдеБП;;;
Виллегас;;;
ВиллиамЕН;;;
ВиллиеМЯ;;;
ВильдеРФ;;;
Вилье;;;
ВинклерКА;;;
ВиноградоваОА;;;
ВиноградовСА;;;
ВинцманИК;;;
ВинцманОИ;;;
ВисковатоваЕИ;;;
ВисниовскаяЕИ;;;
ВистингаузенАА;;;
ВитвицкийИГ;;;
ВладимировИА;;;
ВладимирскийБ;;;
Владимирский-Киевский;;;
ВласовСА;;;
ВознесенскаяАВ;;;
ВоиновРВ;;;
ВолковВВ;;;
ВолковГ;;;
ВолковЕЕ;;;
ВолочинковАМ;;;
ВонгльСЭ;;;
ВороненковВЕ;;;
ВоронковВЕ;;;
ВороновПФ;;;
ВоронцовВВ;;;
ВоротынскийДА;;;
ВостингаузенА;;;
ВрангельЕК;;;
ВрачевИА;;;
ВроблевскийКК;;;
ВронскийСЕ;;;
ВрубельМА;;;
ВульфВВ;;;
ВучичевичВД;;;
ВывиорскийМИ;;;
ВыезжевАН;;;
ВысотскийКС;;;
ГаберцеттельВ;;;
ГабовичМГ;;;
ГаврильцевДМ;;;
ГагаринНВ;;;
Гаген-ТорнМЭ;;;
Гаген-ШварцЮ;;;
ГадонСС;;;
ГаевскийВМ;;;
Галеота;;;
ГалимскийВМ;;;
ГалкинИС;;;
ГалленА;;;
Галофрэ;;;
ГамбургерЛА;;;
ГаммК;;;
ГанзенАВ;;;
ГариевичБВ;;;
ГартманК;;;
ГаушАФ;;;
ГаушЛ;;;
ГвидоН;;;
Гейерманс;;;
ГейманС;;;
ГеллерПИ;;;
Гельдвейн-Ваулин;;;
ГеНН;;;
ГерардовНИ;;;
ГерасимовАМ;;;
ГерманГ;;;
ГермашевММ;;;
ГерсонВВ;;;
ГершевскийСИ;;;
ГефтлерКЭ;;;
ГигогабаевГИ;;;
ГинцбургИЯ;;;
ГинцбургМГ;;;
ГиньковскийПВ;;;
ГиппусНН;;;
ГирвАП;;;
ГиршльА;;;
ГлаголеваАС;;;
ГлобаНВ;;;
ГлущенкоДИ;;;
ГляйзесА;3;;
ГодунЕ;;;
ГолеевскаяПК;;;
ГолембиовскийКИ;;;
ГолицынаЕВ;;;
ГоловинАЯ;;;
ГоловкинГС;;;
ГоловковГС;;;
ГолубкинаАС;;;
ГолынскийВА;;;
ГольдблатЯС;;;
ГольддингерЕВ;;;
ГольдеЭН;;;
ГольдингерЕВ;;;
ГольдманИБ;;;
Гом-БаргЮЯ;;;
ГончароваНС;33;;
ГонякИК;;;
ГоравскийАГ;;;
ГорбатовКИ;;;
ГорбуновАК;;;
ГорбуновКА;;;
ГороновичВЯ;;;
ГороховИЛ;;;
ГорскийКН;;;
Горюшкин-СкоропудовИС;;;
ГосЭИ;;;
ГофманнК;;;
ГофманОА;;;
ГоффертАЕ;;;
ГрабарьИЭ;;;
ГрабовскийВ;;;
ГравеВФ;;;
ГрандковскийНК;;;
ГригорьевВМ;;;
ГригорьевПА;;;
ГриллихесАА;;;
ГриневАП;;;
ГриценкоНН;;;
ГрищенкоАВ;;9;
ГромовАА;;;
ГросманАГ;;;
ГрузенбергСН;;;
ГрузинскийПН;;;
ГрюнфельдМИ;;;
ГугунаеваИГ;;;
ГужавинММ;;;
ГузарскийВ;;;
ГузиковСМ;;;
ГулевичЕА;;;
ГумаликНИ;;;
ГунКФ;;;
ГусеваАА;;;
ГусеваГ;;;
ГусиковХК;;;
Гюбнер-СимонисЭВ;;;
ГюбнерЭВ;;;
ГюрджанАМ;;;
ДабижаАВ;;;
ДаксергофФП;;;
ДальГ;;;
Д'АльгеймММ;;;
Даньян-Бувере;;;
ДаугельА;;;
Дашенко;;;
ДворниковТЯ;;;
Де-Вит-МанизерСС;;;
ДевяткинСЕ;;;
ДевятовЯМ;;;
ДегазШ;;;
ДеевСС;;;
Делла-ВосОЛ;;;
ДенисовАК;;;
Денисов-УральскийАК;;;
ДеранА;;1;1
ДержавинНМ;;;
ДерюжинскийГВ;;;
ДетерсЭВ;;;
ДешинД;;;
ДженеевИА;;;
ДжилардиП;;;
ДжогинПП;;;
ДжонстонГ;;;
ДиллонМЛ;;;
ДилльЛ;;;
ДитрихЛА;;;
ДмитриевВА;;;
ДмитриевИЯ;;;
Дмитриев-КавказскийЛЕ;;;
Дмитриев-КавказскийН;;;
ДмитриевЛЕ;;;
Дмитриев-ОренбургскийНД;;;
ДмитриевС;;;
Дмитриев-ЧелябинскийИЯ;;;
ДобрижинскийВА;;;
ДобровольскийВГ;;;
ДобровольскийНФ;;;
ДобужинскийМВ;;;
ДолговАА;;;
ДолговИВ;;;
ДолинВК;;;
ДомарадзкийСЭ;;;
ДоскинНВ;;;
ДржевецкаяЛ;;;
ДриттенпрейсВП;;;
ДроздовИГ;;;
ДрюльВ;;;
ДубовскийНН;;;
ДубровскийАС;;;
ДудинИО;;;
ДуковичСА;;;
ДукшинскаяЭГ;;;
ДурдинБН;;;
ДурновМА;;;
ДыдышкоКВ;;;
Дьякова-АлексееваМН;;;
ДьяковаМН;;;
Дьяконов-МичанскийДВ;;;
ДюккерЕЭ;;;
ЕвреиновВВ;;;
ЕвсеевКИ;;;
ЕгорновАС;;;
ЕгорновСС;;;
ЕгоровАА;;;
ЕгоровЕВ;;;
ЕгоровЛЕ;;;
ЕгоровСЗ;;;
ЕдельфельдА;;;
ЕндогуровНИ;;;
ЕрмиловИ;;;
ЕрмолаевБН;;;
ЕрнефельтЕ;;;
ЕсиповДА;;;
ЕфимовИЕ;;;
ЕфимовМЯ;;;
ЕфимовНН;;;
ЖабаАК;;;
ЖабаНК;;;
ЖаравоваАА;;;
Жевакина-НикольскаяМС;;;
Жеврежеев;;;
ЖелтовскийИВ;;;
ЖижиленкоАИ;;;
ЖижиленкоГА;;;
ЖилардиРС;;;
ЖилинПФ;;;
ЖильцовИО;;;
ЖолтовскийИВ;;;
ЖувенауИ;;2;
ЖудинаОД;;;
ЖудинДА;;;
ЖуковаЛА;;;
ЖуковИС;;;
ЖуковскаяМБ;;;
ЖуковскийСЮ;;;
ЖупахинСГ;;;
ЖуравлевФС;;;
ЗабеллоПП;;;
ЗабоклицкийВЛ;;;
ЗаболотскийПП;;;
ЗаборовскийСА;;;
ЗавойкоСВ;;;
ЗагорскийНП;;;
ЗайднерЕ;;;
Зайднер-СаддЕ;;;
ЗайцевК;;;
ЗайцевММ;;;
ЗайцевНС;;;
ЗалеманГР;;;
ЗалесскийСИ;;;
ЗальВК;;;
ЗальцманГ;;;
ЗамирайлоВД;;;
Зандер-РандаловаЭЯ;;;
ЗандинМП;;;
ЗанковскийИН;;;
Запольский-ДовнарРВ;;;
ЗапорожцевВ;1;;
ЗарецкийАА;;;
ЗарецкийНВ;;;
ЗарубинВИ;;;
ЗарыцкийНВ;;;
ЗарянкоСК;;;
ЗахаровА;;;
ЗахаровИИ;;;
ЗахаровФИ;;;
ЗахгеймМО;;;
ЗверевВА;;;
ЗданевичКМ;;;
ЗедделерНН;;;
ЗейденбергСМ;;;
ЗеленскийММ;;;
ЗельмановаАМ;;;
ЗенковСН;;;
ЗенченкоВМ;;;
ЗеньковичНВ;;;
ЗиминГД;;;
ЗиминКН;;;
ЗиновьевА;;;
ЗиновьевПГ;;;
Зихель;;;
ЗлатовратскийАН;;;
ЗоммерКА;;;
ЗоммерРК;;;
ЗоринФТ;;;
ЗубчаниновНА;;;
ЗулмарЛН;;;
ИваницкаяЕЕ;;;
ИванкинГВ;;;
ИвановАА;;;
ИвановАЕ;;;
ИвановаКВ;;;
ИвановБМ;;;
ИвановДГ;;;
Иванов-ЛозовскийГМ;;;
ИвановМФ;;;
ИвановНЛ;;;
ИвановПП;;;
ИвановСВ;;;
ИвановСП;;;
ИвашинцеваМИ;;;
ИвковскийСК;;;
ИгнатьевМИ;;;
Иелита-ВольскийФА;;;
ИжакевичАА;;;
ИжакевичИС;;;
ИжевскаяМП;;;
ИзмайловичВМ;;;
ИзоевПФ;;;
Икар;;;
ИконниковАД;;;
ИльинЛН;;;
ИльинскийВК;;;
ИмеретинскаяОФ;;;
ИонинНА;;;
ИоффеМС;;;
ИсуповАВ;;;
ЙенсенДИ;;;
Кавос-ЗаруднаяЕС;;;
КавтарадзеАК;;;
КавтарадзеКЗ;;;
КагородовАД;;;
КазаковИС;;;
КазановскаяМА;;;
КазановскийВЛ;;;
КазанцеваЕВ;;;
КазанцевВП;;;
КазенЖ;;;
КайгородовАД;;;
КакабадзеДН;;;
КалачевЕА;;;
КалашниковЕА;;;
КалмаковНК;;;
КалмыковГО;;;
КалмыковИЛ;;;
Калупов;;;
КамаровВИ;;;
КамбаровИА;;;
КаменевЛЛ;;;
КаменскийБМ;;;
КаменскийГП;;;
КаменскийПП;;;
КаменскийФМ;;;
КаменскийФФ;;;
КаменцеваЕИ;;;
КандауровАИ;;;
КандинскийВВ;4;;
КанольдтА;3;;
КанцеровАГ;;;
КаплунАВ;;;
КаразинНН;;;
Каргус-СмоленскийВР;;;
КардовскийДН;;;
КаревАЕ;;;
КарелинАА;;;
Карем-ВайнштейнЕС;;;
КаринскаяА;;;
КарнеевАЕ;;;
КародоссиВ;;;
Карпинская-ГерунгЕГ;;;
Карпова-КоншевскаяЕГ;;;
КарриерГ;;;
КарцевПС;;;
КасаткинНА;;;
КасаткинНН;;;
Кастан;;;
КасцовКГ;;;
КатуркинТИ;;;
КафкаВА;;;
КашкадамоваЕН;;;
КелерКИ;;;
КелинПИ;;;
КеллерАВ;;;
КеллерИП;;;
КельхВФ;;;
КельхПИ;;;
КеммингГА;;;
КерзинМА;;;
КерковаСЛ;;;
КибальчичТВ;;;
КившенкоАД;;;
КикертК;;2;4
КирилловаАМ;;;
КиринарскийМА;;;
КирсановКВ;;;
КирьяцкойЕО;;;
КиселевАА;;;
Киселев-КамскийАА;;;
КиселевС;;;
КисельБА;;;
Китаева-ЦыхановскаяАВ;;;
КитаевВН;;;
КишневскийСЯ;;;
КлагесФА;;;
КлакачеваСЛ;;;
КлевезальА;;;
КлеверМ;;;
КлеверО;;;
КлеверЮЮ;;;
Клейнек;;;
КлементьевАН;;;
КлеттенбергАП;;;
КлименкоД;;;
КлименкоДВ;;;
КлодтМК;;;
КлодтМП;;;
КлодтНА;;;
КлодтПК;;;
КлокачеваЕН;;;
КлоповВА;;;
КлюкКФ;;;
КлюшниковСА;;;
Кнюпфер;;;
КнязьковаВВ;;;
КовалевскийПО;;;
Ковальская-ИльинаПВ;;;
КозловВВ;;;
КозловПС;;;
Козловская;;;
КозловскаяМА;;;
КокелинФ;;;
КолесниковИО;;;
Колесова-РощинаАИ;;;
КолпаковскаяВН;;;
КолупаевДА;;;
КомароваАТ;;;
КомаровВП;;;
КомаровДВ;;;
КомашкоАМ;;;
КонашевичВМ;;;
КондерШ;;;
КондратенкоГП;;;
КондратенкоКП;;;
КондратьевВВ;;;
КоненковСТ;;;
КонновАИ;;;
КоноваловаАС;;;
КоноваловВВ;;;
КонстантиноваАО;;;
КонстантиновНК;;;
КонстантинопольНК;;;
КончаловскийПП;20;76;20
КоптевГН;;;
КореневВФ;;;
Коренев-НовороссийскийВФ;;;
КорженевскийС;;;
КорзухинАИ;;;
КоринАМ;;;
КоринсскаяА;;;
КорневВФ;;;
КорнеевФМ;;;
КорниловНВ;;;
КоробковСТ;;;
КоровинКА;;;
КоровинПИ;;;
КоровинСА;;;
КорогодовСМ;;;
КоролевАП;;;
КорсаковЮП;;;
КорсунМП;;;
КорфВН;;;
КосмаковИА;;;
КоссакВ;;;
КостандиКК;;;
КостенкоКЕ;;;
КостенкоСП;;;
КострицЛМ;;;
КотарбинскийВА;;;
КотляревскийАМ;;;
КотовГИ;;;
КохПП;;;
КоцебуАЕ;;;
КочетоваОА;;;
КошелевНА;;;
КравченкоАИ;;;
КравченкоНИ;;;
КрамскаяСИ;;;
КрамскойИН;;;
КрандиевскаяНВ;;;
КрапоткинаМН;;;
КрарупТФ;;;
КрасиковВА;;;
КрасковскийИЕ;;;
КраснухаСП;;;
КраснушкинаЕЗ;;;
КрасовскийНП;;;
КрачковскийИЕ;;;
КрейтанВП;;;
КремерБД;;;
КремерБС;;;
Крепер;;;
КрествоскийИВ;;;
КрестианполПИ;;;
КречининСИ;;;
КржешИИ;;;
КржыжановскийКМ;;;
КривошеинСВ;;;
Крошечкин-КрошицкийМП;;;
КругликоваЕС;;;
КрчинскийСС;;;
КрыжицкийКЯ;;;
Крылов;;;
КрыловИИ;;;
КрымовНП;;;
КрюковВС;;;
КсеньеваЛ;;;
КсидиасПС;;;
КубинО;;2;
КубицкийВН;;;
КувакинК;;;
КувшинниковаСП;;;
КудрявцеваВА;;;
КудрявцевАИ;;;
КудрявцевСИ;;;
КузнецовВВ;;;
КузнецовКП;;;
КузнецовНД;;;
КузнецовП;;;
КузьминаНА;;;
КуинджиАИ;;;
КулагинаСО;;;
КулешаМК;;;
КуликовИС;;;
КуммингАА;;;
КуммингГА;;;
КупринАВ;;25;9
КурбатовМА;;;
КуреннойАА;;;
КуриарПП;;;
КуриарьПП;;;
КуринАВ;5;;
КурпатовАВ;;;
КусковАА;;;
КустодиевБМ;;;
КустодиевКБ;;;
КучинскийСИ;;;
КучумовВН;;;
Кюгельген;;;
КюгельхенСК;;;
КюнАМ;;;
КюфферлеПО;;;
ЛаверецкийНА;;;
ЛагардП;;;
Лагода-ШишкинаОА;;;
ЛагориоЛФ;;;
ЛадыженскийГА;;;
ЛажечниковАИ;;;
Лазарев-СтанищевСН;;;
ЛаманскаяАК;;;
ЛансгофЛЭ;;;
ЛансереЕА;;;
ЛансереЕЕ;;;
ЛансереНЕ;;;
ЛанскойИИ;;;
ЛапускинИВ;;;
Лапчинский;;;
Лапшина-СоколоваВН;;;
ЛапшинГА;;;
ЛарионовМФ;16;;
Лассон-СпироваЭА;;;
ЛатриМП;;;
ЛатушГ;;;
ЛатышеваА;;;
ЛаудонЕО;;;
ЛаховскийАБ;;;
ЛебедевАИ;;;
ЛебедевВВ;;;
ЛебедевКВ;;;
ЛебедевНМ;;;
ЛебланМВ;;;
ЛевандовскийВН;;;
ЛевиМБ;;;
ЛевинКП;;;
ЛевитанИИ;;;
ЛевитскийВН;;;
ЛевицкийРС;;;
ЛевкиевскийВВ;;;
ЛевотГА;;;
ЛевченкоИИ;;;
ЛевченкоПА;;;
Ле-ДантюМВ;;;
Леднев-ЩукинСЕ;;;
ЛеманЮЯ;;;
ЛемохКВ;;;
ЛенбахФ;;;
ЛенскийЗА;;;
ЛентуловАВ;16;45;21
ЛеонгардтФ;;;
ЛеонсМН;;;
ЛепетичНН;;;
ЛермиттЛ;;;
ЛермонтоваНВ;;;
ЛесючевскийВИ;;;
ЛехтФ;;;
ЛиберихНИ;;;
ЛиберманнМ;;;
ЛибшерК;;;
ЛизакИЛ;;;
ЛиндеманАЭ;;;
Липа;;;
ЛипгартЭК;;;
ЛисенерЕА;;;
ЛисицинБМ;;;
ЛисснерЭЭ;;;
ЛитвиненкоАМ;;;
ЛитвиновИИ;;;
ЛитовченкоНД;;;
Лихачева;;;
ЛихачевКА;;;
ЛищевВВ;;;
Лобанов;6;;
ЛобужинскийМВ;;;
ЛоккенбергВА;;;
ЛоренцНЕ;;;
ЛоренцНФ;;;
ЛосеваВИ;;;
ЛосевНД;;;
Луговская-ДягилеваТА;;;
ЛузановСЭ;;;
ЛукичЖА;;;
ЛукомскийГК;;;
Лукш-МаковскаяЕ;;;
ЛупановАР;;;
ЛучшевСЯ;;;
ЛыпиловКМ;;;
ЛысенкоАВ;;;
ЛысенкоКА;;;
ЛысовЯИ;;;
ЛьвовИА;;;
ЛьвовПИ;;;
ЛюбавинаН;;;
ЛякинТП;;;
ЛяликоваЕИ;;;
ЛясковскаяОА;;;
МагдесианЭЯ;;;
МадейскийАБ;;;
МазуровскийВВ;;;
МайейргаймП;;;
МайковНА;;;
МаймонМЛ;;;
МакаревскийАД;;;
МакароваНД;;;
МакаровИК;;;
Мак-НейлУД;;;
МакоАЭ;;;
МаковскаяАЕ;;;
МаковскийАВ;;;
МаковскийВЕ;;;
МаковскийКГ;;;
МаковскийКЕ;;;
МаковскийНЕ;;;
Маковский-ПогорельскийЯК;;;
МаксГ;;;
МаксимовАО;;;
МаксимовВМ;;;
МаксимовМВ;;;
МалаховскаяМА;;;
Малеваная-ЗарыцкаяИА;;;
МалевичКС;3;;5
МалешевскаяЕМ;;;
МалининИС;;;
МалышевВК;;;
МалышевЕИ;;;
МалышевМГ;;;
МалышевМЕ;;;
МалышевНТ;;;
МалютинСВ;;;
МалявинФА;;;
МамонтовМА;;;
МамонтовСС;;;
МанасеинаТВ;;;
МанганариАВ;;;
МанизерГМ;;;
МаныламММ;;;
МардеросовЛИ;;;
МаринаЗВ;;;
МаркеловСП;;;
МаркичевМА;;;
МарковАА;;;
МарковБН;;;
МартынА;;;
МартыновА;;;
МартыноваЕН;;;
МартыновДН;;;
МартыновичАС;;;
МаслениковНЕ;;;
МасютинВН;;;
МатвеевАТ;;;
МатвеевМА;;;
МатвеевНС;2;;
МатвеевСА;;;
МатвейВИ;;;
МатэВВ;;;
МатюшинМВ;;;
МаурицдеВламик;;2;2
МацкевичИИ;;;
МашарГ;;;
Машинский;;;
МашковВН;;;
МашковИ;20;57;23
МаяковскийВВ;;;
МедемПР;;;
Мейердал;;;
МейзейМО;;;
МейзеМО;;;
МейстерЛ;;;
МенарР;;;
МенделевичИА;;;
МензгаузенЕФ;;;
МенкВК;;;
МенсгаузенЕФ;;;
Мери;;;
МертенЕП;;;
МесниковКИ;;;
МетловаАА;;;
МещеринНВ;;;
МещерскийАИ;;;
МизернюкМЯ;;;
МикешинаТЛ;;;
МикешинСМ;;;
МикулиА;1;;
МилевскийИР;;;
МилиотиНД;;;
МиллерЕВ;;;
МиллерЭА;;;
МилорадовичСД;;;
МилославинФА;;;
МильманА;;13;18
МилютиНД;;;
Минасианц;;;
МинченковЯД;;;
МироновичПН;;;
МиссАВ;;;
МитрохинДИ;;;
МитяевПН;;;
МихайловаКИ;;;
МихайловаОП;;;
МихайловИИ;;;
МихайловИТ;;;
МихайловММ;;;
МихайловПН;;;
МихайловскаяНВ;;;
МихайловскийАН;;;
МихальцеваЕП;;;
МихеевМИ;;6;
МишеваЕИ;;;
МогилевскийАП;;3;2
МодоровФА;;;
МокиевскаяМИ;;;
МоласНП;;;
МоллерФА;;;
МоллотТА;;;
МоловМВ;;;
МоловМЦ;;;
МолявкинИВ;;;
МоравовАВ;;;
МоргуновАА;7;;8
МордасевичКЛ;;;
МордовинВИ;;;
МоревНН;;;
МорицФЭ;;;
МоровавовАВ;;;
МороГ;;;
МорозовАИ;;;
МороЛА;3;;
МоскаленкоАН;;;
МоскаленкоПД;;;
МостоваЗЯ;;;
Мошков;;;
МудролюбовПВ;;;
МузалевскийБМ;;;
Мультановский;;;
МультановскийЮТ;;;
МунтергельмМ;;;
МуравьевВЛ;;;
МуратовАД;;;
МуратовБерндтеон;;;
МуратовМД;;;
МурашкоАА;;;
МуромцевФА;;;
Мусин-ПушкинНС;;;
МусселиусМВ;;;
МууккаЭ;;;
МышковВН;;;
Мюнтер;7;;
МясоедовГГ;;;
НавозовВП;;;
НагубниковСА;;;
НаикольскийНН;;;
НайдеровИВ;;;
НаленчВИ;;;
Налепинская;;;
НапиерскаяБВ;;;
НарбутГИ;;;
НаседкинСН;;;
НатальинаОН;;;
НаумовАА;;;
НаумовПС;;;
НащекинД;;;
НеведовичЕЮ;;;
НеведомыйИ;;;
НевинскийАИ;;;
НевревНВ;;;
НевядомскийА;;;
НедлерСГ;;;
НедовичЕЮ;;;
НедокучаеваОН;;;
НекулинАО;;;
НеленчВИ;;;
НерадовскийПИ;;;
НестеровГД;;;
НестеровМВ;;;
НестеровФП;;;
НефТА;;;
НечаевАМ;;;
НечаевМА;;;
НечитайловВН;;;
НиканоровСГ;;;
НикитинВА;;;
НикитинВП;;;
НикитинНН;;;
НикитинСА;;;
НикифоровСГ;;;
НиколаевНН;;;
НикольскийНС;;;
НиконовИФ;;;
НикулинАО;;;
НилендерКГ;;;
НилусПА;;;
НифтрикГЯ;;;
НоаковскийСВ;;;
НовиковАГ;;;
НовиковаЕН;;;
НовиковМН;;;
Новинский;;;
НоводворскаяВД;;;
НовоселовВТ;;;
НовоскольцевАН;;;
НозиковаЕН;;;
Ностиц-ЯцковскаяМФ;;;
Нысцушко-БуйницкийРИ;;;
НюнинИЕ;;;
ОберАЛ;;;
ОвсянниковВП;;;
ОвсянниковЛФ;;;
ОвсянниковСО;;;
ОвчинниковНХ;;;
ОколовичНА;;;
О'КоннелРР;;;
ОкроянцДГ;;;
ОленинаВА;;;
ОлсуфьеваСВ;;;
ОльгинаО;;;
ОлькойнЭА;;;
ОнуфриеваНВ;;;
ОреховВП;;;
ОрловАГ;;;
ОрловНВ;;;
ОрловскийВД;;;
ОсоргинаАК;;;
ОстроменцкийАА;;;
Остроумова-ЛебедеваАП;;;
ОстроуховИС;;;
ОтмарВО;;;
ПавлиновАС;;;
ПавлиновПЯ;;;
ПавловАИ;;;
ПавловВП;;;
ПавловИН;;;
ПавловПН;;;
ПавловСА;;;
ПавлюченкоГЕ;;;
ПадуровАА;;;
Пазетти;;;
ПалаткоДМ;;;
ПаленМИ;;;
ПаленНК;;;
ПалинМИ;;;
Палшков;;;
ПальгуновА;;;
ПанеНН;;;
ПанеНП;;;
ПанинМН;;;
ПанкульИП;;;
ПановНЗ;;;
Паприц;;;
ПарландАА;;;
ПассИА;;;
ПастернакЛО;;;
ПаульсонАВ;;;
ПашкевичЖА;;;
ПашковГФ;;;
ПащенкоВМ;;;
ПедашенкоМИ;;;
ПелевинИА;;;
ПемеллерАА;;;
ПеньковскийИЛ;;;
ПервухинКК;;;
ПереплетчиковВВ;;;
ПерминовВТ;;;
ПеровВГ;;;
ПершинАС;;;
ПестинскийБ;;;
ПетерсАФ;;;
ПетренкоАГ;;;
ПетрижицкаяМК;;;
Петров-ВодкинКС;;;
ПетровичевПИ;;;
ПетровНФ;;;
ПетровСИ;;;
ПетровскийИВ;;;
ПечатинВА;;;
ПименовНС;;;
ПимоненкоНК;;;
ПиотровичСК;;;
ПироговНВ;;;
ПиросманашвилиН;;;
ПисаховСГ;;;
ПисемскийАА;;;
ПищалкинАА;;;
ПищалкинЛФ;;;
ПлатоновХП;;;
ПлатуновМ;;;
ПлачекМН;;;
ПлевакоНА;;;
ПлетневЛА;;;
ПлешаковВС;;;
ПлешановПФ;;;
ПлещинскийИН;;;
ПлигинАП;;9;
ПлискоАЯ;;;
ПлотниковВА;;;
ПогосскаяСА;;;
ПодвысоцкийМВ;;;
ПодозеровИИ;;;
ПодосеновПВ;;;
ПодтыканыйА;;;
ПодушкоЭГ;;;
ПожалостинИП;;;
ПожарскийВИ;;12;2
ПожарскийСМ;;;
ПозенМВ;;;
ПокаржевскийПД;;;
ПоленоваЕД;;;
ПоленовВД;;;
ПоловинкинВП;;;
ПолонскаяЖА;;;
ПолунинВЯ;;;
ПольРобер;;;
ПоляковЕИ;;;
ПоляковИИ;;;
ПоляковНП;;;
ПоляковПИ;;;
ПомеранцевММ;;;
ПоперечныйНМ;;;
ПопковИГ;;;
ПоповАА;;;
ПоповаЛС;;;2
ПоповАН;;;
Попова-ТимореваЮА;;;
ПоповВН;;;
ПоповЛВ;;;
ПоповМП;;;
ПоповНЯ;;;
Порай-КошицБВ;;;
ПороховниковПИ;;;
ПорфировИФ;;;
ПосполитакиЕИ;;;
ПостниковСП;;;
ПотаповМА;;;
ПотипакаП;;;
ПраведниковЕИ;;;
ПрадоА;;;
ПраховаАЯ;;;
ПремацциЛО;;;
ПриселковСВ;;;
ПрозоркевичВМ;;;
ПрокофьевАМ;;;
ПрокофьевДД;;;
ПроскурнинИМ;;;
Протейкинский;;;
ПротопоповНА;;;
ПрянишниковИМ;;;
ПрянишниковИП;;;
ПсковитиновЕК;;;
ПузыревскийПИ;;;
ПуниИ;;;
ПурвитВЕ;;;
ПуцБА;;;
ПчелинВН;;;
ПыневК;;;
ПыринМС;;;
ПэнЮМ;;;
Пювис-де-Шаванн;;;
ПясковскийВН;;;
ПястушкевичКО;;;
РабиновичГИ;;;
РадимовПА;;;
РадинВН;;;
Радлов;;;
РаевскийАД;;;
РаевЮА;;;
РазмарицинАП;;;
РазниченкоФП;;;
Разумный;;;
РазумовскаяАИ;;;
РазчубкинАН;;;
РайлянфР;;;
РайноваСК;;;
РассадинАА;;;
Ратынова-РожковаМФ;;;
РауловИ;;;
Раушь-фон-ТраубенбергКК;;;
РаффаэллиИ;;;
РацульАП;;;
РашевскийИГ;;;
РевенскийЕН;;;
РедковскийАА;;;
РедлихГС;;;
РезановВМ;;;
РезниковМВ;;;
РеймерсИИ;;;
Рейнгольдтфон-Моллер;;;
РейтернЕП;;;
РейхардтЕИ;;;
Ремер;;;
РендичИ;;;
РепинаВИ;;;
РепинИЕ;;;
РепинЮИ;;;
РерихНК;;;
РжевскаяАЛ;;;
РивьерГ;;;
РизниченкоФП;;;
РицониАА;;;
РицониЕП;;;
Ришомм;;;
РоговАП;;;
РоговинНЕ;4;;
РождественскийВВ;;11;4
РозановаОВ;;;
РозановНВ;;;
РозенГВ;;;
РозенИВ;;;
РозенИС;;;
РозентальЯМ;;;
РозенЯС;;;
РозинскийГН;;;
РокачевскийАЕ;;;
РомановичСМ;;;
Романовский-РоманьковичАС;;;
РоммАГ;;;
РоотНФ;;;
РостворовскийСР;;;
РостиславовАА;;;
РошА;;;
РощубкинА;;;
РубоФА;;;
РубцовАА;;;
РудаковКИ;;;
РудольфЭрбслох;2;;
РужниковНП;;;
Рульс;;;
Рундальцев;;;
РундальцевЛВ;;;
РундальцовМВ;;;
РусаковАИ;;;
Рушевская;;;
РущицФЭ;;;
РыбаковИГ;;;
РыловАА;;;
РындзюнскаяМД;;;
РындинаН;;;
РыпинЮИ;;;
РюссР;;;
РябининНН;;;
РябушинскийСП;;;
РябушкинАП;;;
СабоНН;;;
СавеловПК;;;
СавинковВВ;1;18;14
СавинскийВЕ;;;
СавицкийГК;;;
СавицкийКА;;;
СаврасовАК;;;
СагайдачныйЕЯ;;;
СаддИИ;;;
СаксенКФ;;;
СаксНЭ;;;
СалаПО;;;
СалтыковМД;;;
СальмонЭФ;;;
СамойловаАМ;1;;
СамойловаВА;;3;4
СамойловПВ;;;
СамокишНС;;;
СамуйльсонЕФ;;;
СапуновНН;;;
СарьянМС;;;
СаскоМА;;;
СафоновАП;;;
СахаровАА;;;
СванИ;;;
СварогВС;;;
СведомскийПА;;;
СверчковНЕ;;;
СветлицкийГП;;;
СвецаС;;;
СвиридовБП;;;
СвятославскийСИ;;;
СевастьяновСА;;;
СеверинИ;;;
СеверовММ;;;
СедловАФ;;;
СедовГС;;;
СейтгофПС;;;
СелезневИФ;;;
СеливачеваЕС;;;
СеменоваАЕ;;;
СеменовАН;;;
Семенова-Тянь-ШанскаяВД;;;
СемизороваГФ;;;
СемирадскийГО;;;
СергеевНА;;;
СергеевНС;;;
СеребряковаВ;;;
СеребряковаЗЕ;;;
СерегинПИ;;;
СеровВ;;;
СестрженцевичСС;;;
СигнакП;;3;
СиливановичНП;;;
СиливановичНЮ;;;
СимовВА;;;
СимонЛ;;;
СиндинкО;;;
Синоди-ПоповДМ;;;
СиняверММ;;;
СиренкоКГ;;;
СиферсПЕ;;;
Скадовский;;;
СкалонАВ;;;
СкворцевЯА;;;
СкворцоваЮИ;;;
СкворцовЯА;;;
СкиргеллоАБ;;;
СкиргеллоББ;;;
СкляровПА;;;
СкорняковХН;;;
СкосаревскаяНП;;;
СкуйеИА;2;;
СластионовАГ;;;
СлепянМГ;;;
Слободянюк-ПодолянСИ;;;
СловцовАМ;;;
СлыпянМГ;;;
СмеловПА;;;
Смирнова-ИвановаЕА;;;
СмирновВС;;;
СмирновНА;;;
СмотрицкийПФ;;;
СмукровичПИ;;;
СнигиревскийАВ;;;
СоколовАП;;;
СоколовВИ;;;
СоколовВП;;;
СоколовК;;;
Соколов-ОльховскийИО;;;
СоколовскийЭК;;;
СолнцеваГ;;;
СоловьеваНП;;;
СологубЛГ;;;
СоломахаВМ;;;
СоломкоСС;;;
СоломонА;;;
СоломоновМИ;;;
СолунКИ;;;
Сомова-ЗельдерАП;;;
Сомова-МихайловаА;;;
СомовК;;;
СомовКА;;;
Сорин;;;
СосионковАВ;;;
СотниковЕМ;;;
СофроноваАФ;;;1
СпандиковЭК;;;
СпасскийВВ;;;
СпесивцевПН;;;
СрединАВ;;;
СтабровскийКА;;;
СтадницкийПГ;;;
СтанкевичЮА;;;
СтаркАА;;;
СтароносовП;;;
Стахеева-КашкадамоваЕ;;;
СтеллецкийДС;;;
СтепановаВН;;;
СтепановАН;;;
СтепановАС;;;
СтепановичКП;;;
СтепановКП;;;
СтеценкоАВ;;;
СтигельР;;;
СтилианудиАН;;;
СтолицаЕИ;;;
СтоляровКД;;;
СтоляровНД;;;
СторожевскийН;;;
СтраховскийВК;;;
СтрашинскийЛ;;;
СтребловИБ;;;
СтрелковскийАИ;;;
Стрельникова;;;
СтрубинскийВИ;;;
СтрукГН;;;
СтрунниковНИ;;;
СубботинПИ;;;
СудейкинСЮ;;;
Судковская-СамокишЕП;;;
СудковскийМС;;;
СудковскийРГ;;;
СудьбининСН;;;
СумароковПС;;;
СуреньянцВЯ;;;
СуриковВИ;;;
СусловВВ;;;
СусловИА;;;
СуходольскийПА;;;
СухоровскийМГ;;;
Сырнев;;;
СыровВА;;;
СычковФВ;;;
ТаккеБА;4;;
ТалепоровскийВН;;;
ТамановАИ;;;
ТамбиВН;;;
ТарховКД;;;
ТарховНА;;;
ТатевосянцЕМ;;;
ТатлинЕВ;;10;
Таубе;;;
ТаулоуФ;;;
ТвердаяЕМ;;;
ТворожниковИИ;;;
ТерпиловскаяТН;;;
ТерпсихоровНБ;;;
ТеснерАА;;;
ТеснерГГ;;;
ТидекеАЭ;;;
ТиевскийК;;;
Тизенгаузен;;;
ТильбергРХ;;;
ТимашевАЕ;;;
Тиморев;;;
ТимофеевВС;;;
ТимофеевВТ;;;
ТимофеевГ;;;
ТимусАК;;;
ТихмироваЕН;;;
Тихова-ФинкельштейнМЛ;;;
ТиховВГ;;;
ТихомировИВ;;;
ТишинВЯ;;;
ТищенкоН;;;
ТкаченкоВИ;;;
ТкаченкоМС;;;
ТовастшернаКА;;;
ТолстаяСИ;;2;
ТомашевичБТ;;;
ТомбаК;;;
ТомовФИ;;;
ТопаловаОС;;;
Топелиус-КиселеваЕК;;;
ТоппелиусВФ;;;
ТраилинСА;;;
ТрамбицкийАЕ;;;
ТраунбергВИ;;;
Трембач;;;
ТретьяковаОН;;;
ТрифоновИТ;;;
ТрифоновПВ;;;
ТроновВА;;;
ТроупянскийЯА;;;
ТрофименкоНА;;;
ТрояновскийВ;;;
ТрояновскийОИ;;;
ТрубецкаяОН;;;
ТрубецкойП;;;
ТружанскийЛВ;;;
ТрутневИП;;;
ТрутовскийКА;;;
ТулуповСИ;;;
ТупицынБИ;;;
ТуржанскийЛВ;;;
ТурлыгинЯП;;;
ТурченкоЛГ;;;2
ТхоржевскаяТИ;;;
ТычинкинММ;;;
ТюринИА;;;
УваровНМ;;;
УводскаяЕВ;;;
УдальцеваНА;;;1
УконинНА;;;
УлинАА;;;
УльнинИЕ;;;
УльяновНП;;;
УрлаубЕФ;;;
УрлаубЛЯ;;;
УткинП;;;
УхановаАВ;;;
УхтомскийСА;;;
Ушаков-ПоскочинМВ;;;
УшинАА;;;
ФалилеевВД;;;
ФаллизАГ;;;
ФалькРР;20;43;12
ФеглерИГ;;;
ФеддерсЮИ;;;
ФедороваМА;;;
ФедоровЕВ;;16;16
ФедоровИК;;;
ФедоровИП;;;
ФедоровичВН;;;
ФёдоровМС;;;
ФедотовИ;;;1
ФельдманКА;;;
ФельтенВФ;;;
ФендикВК;;;
ФеофилактовНП;;;
Фетваджиан;;;
Фибих;;4;
ФилиповКН;;;
Филонов;;;
ФильковичКИ;;;
ФинкельштейнВЯ;;;
ФлавицкийКД;;;
ФовелинАИ;;;
ФогельБА;;;
Фоглер;;;
ФокинНМ;;;
ФоминИА;;;
Фон БокАР;;;
Фон ВистингаузенАА;;;
Фон-Визен;8;;
Фонтано;;;
Форен;;;
ФорселлесА;;;
ФранкГ;;;
ФредерикЛ;;;
Фрейвирт-ЛютцовОО;;;
ФренцРР;;;
ФренцРФ;;;
ФроловАА;;;
ФроловАП;;;
ФроловВА;;;
ФроловДП;;;
ФроловскийП;;;
ХалявинНФ;;;
ХаритоновНВ;;;
ХарламовАА;;;
ХарламовМЕ;;;
ХарламовМЯ;;;
ХарламповичАА;;;
ХижинскийЛС;;;
ХимонаНП;;;
ХлудовНГ;;;
ХныгинЛА;;;
ХолодовскийМИ;;;
ХолявинНО;;;
ХохряковНН;;;
ХрамцовНА;;;
ХреновАС;;;
ХрусловЕМ;;;
ХрусталевАИ;;;
ХрусталевВЯ;;;
ХрустачевНИ;;;
ХудояровВП;;;
Хутари;;;
Царевская-НаумоваВК;;;
ЦветковБИ;;;
ЦейдлерВП;;;
ЦейдлерКФ;;;
ЦейдлерНА;;;
ЦелинскийСО;;;
ЦионглинскийИФ;;;
ЦионглинскийЯФ;;;
ЦириготтиНГ;;;
Цурмюлен;;;
ЦыхановскийММ;;;
ЧагинФИ;;;
ЧайковскаяОВ;;;
ЧахровЯА;;;
Чемберс-БилибинаМЯ;;;
ЧепцовСМ;;;
ЧереповАВ;;;
ЧеркасовПА;;;
ЧеркасскийАМ;;;
Черневская-ШульцЕД;;;
ЧерновВ;;;
ЧерновНН;;;
Чернов-ПлесскийЛМ;;;
ЧернышевТП;;;
ЧерчоповА;;;
ЧесноковПВ;;;
ЧехонинСВ;;;
ЧижеваМИ;;;
ЧижовМА;;;
ЧикалинаМН;;;
ЧириковАИ;;;
ЧиркаФА;;;
ЧиркинАД;;;
ЧистосердовВ;;;
ЧистяковПП;;;
ЧичелевНИ;;;
ЧугуновАИ;;;
ЧуевЗХ;;;
ЧуйкоМС;;;
ЧумаковФП;;;
ЧупятовЛТ;;;
ЧурлянисНК;;;
ШабунинНА;;;
ШагалИ;;;
ШалагиноваЕГ;;;
ШамраевВП;;;
ШамшинПМ;;;
ШанксЭЯ;;;
ШаньковскийБГ;;;
ШапошниковаЕМ;;;
ШараповДФ;;;
ШариковНД;;;
ШарлеманьАИ;;;
ШарлеманьОА;;;
ШатиловНИ;;;
ШафранМЛ;;;
ШаховскаяМА;;;
ШаховскойНП;;;
ШваревМС;;;
ШебекоЕИ;;;
ШевченкоАВ;;;
ШелинговскийПА;;;
ШелковыйСТ;;;
ШельлхаутЛ;;2;2
ШемякинМФ;;;
ШендеревАС;;;
ШербиновскийДА;;;
ШервашидзеАК;;;
ШервудЛВ;;;
ШервудСЛ;;;
ШереметевВВ;;;
ШестеркинМИ;;;
ШестопаловНИ;;;
ШибановАГ;;;
ШильдерАН;;;
ШильцовПС;;;
ШиповПД;;;
ШитиковВД;;;
ШишкинИИ;;;
ШишковМА;;;
ШкляревичКК;;;
ШкольникИС;;;
ШлейнНП;;;
ШлейферНГ;;;
ШлейфертЦЯ;;;
ШлуглейтИМ;;;
ШляковВД;;;
ШмаковНН;;;
ШмаровПД;;;
ШмидтЕГ;;;
ШолпоЕА;;;
ШостаченкоАА;;;
ШохинАН;;;
ШохинДМ;;;
ШперерЭФ;;;
ШредерИН;;;
ШрейберВП;;;
ШрейберПП;;;
ШренкГА;;;
ШретерМВ;;;
ШтейнманЛХ;;;
ШтемберВК;;;
ШтрасерВБ;;;
ШтурманАИ;;;
ШтюрцвагеЯ;2;;
ШульманСБ;;;
Шульц-БертрамП;;;
ШульцБН;;;
ШульцВМ;;;
ШульцеАГ;;;
ШурыгинАА;;;
ШухаеваЕН;;;
ШухаевВИ;;;
ЩанкинВН;;;
ЩербаковВС;;;
ЩербатовС;;;
ЩербиновскийДА;;;
ЩербовПЕ;;;
ЩеткинНП;;;
ЩукинПЕ;;;
ЩукоВА;;;
ЩусевАВ;;;
ЭберлингАР;;;
Эборович-ЗалысскаяЕ;;;
ЭгизБИ;;;
ЭдвардсБВ;;;
ЭдельфельдтАА;;;
ЭдуардсБВ;;;
ЭйгесВР;10;;
Эйзгаузен;;;
ЭйсенгардтИС;;;
ЭйсмондФИ;;;
ЭйсснерАП;;;
ЭкгорстВЕ;;;
ЭкгорстьВЕ;;;
ЭкстерАА;;6;11
ЭлертНЛ;;;
Эльпе;;;
ЭмерикАГ;;;
ЭммеВВ;;;
ЭндауроваЛМ;;;
ЭнкельМ;;;
ЭрихсонЛР;;;
Эрнефельд;;;
Эрро-Раута;;;
ЭскинСС;;;
ЭссенБН;;;
ЭтлингерМВ;;;
ЭшкишевичВ;;;
ЭшлиманВК;;;
ЮдинСП;;;
Юнгблют;;;
ЮнгеЕФ;;;
Юнкер-КрамскаяСИ;;;
ЮнонКФ;;;
Юргенсон-СнигереваАП;;;
ЯблочкинВА;;;
ЯвленскийАА;5;;
ЯкобиВИ;;;
ЯкобиСП;;;
ЯковлевАЕ;;;
Яковлева-ШапоринаЛВ;;;
ЯковлевВИ;;;
ЯковлевГГ;;;
ЯковлевМН;;;
ЯкуловГБ;;;
ЯкунчиковаМ;;;
ЯнковМД;;;
ЯновАС;;;
ЯновскийЛВ;;;
ЯремичСП;;;
ЯрошенкоНА;;;
Яругский-ЭругаЯМ;;;
ЯрцевГФ;;;
ЯсинскийАА;;;
ЯсинскийИИ;1;;
ЯстребцовНП;;;
ЯстржембскийАС;;;
ЯцимирскаяО;;;
ЯцуньскийБ;;;
